Zaman_saniye,Cikis_Voltaji_V,Bobin_Akimi_A
0.0,0.0,0.0
5e-07,4.691331106027922e-05,0.019148920199579776
1e-06,0.00018956124764653095,0.038297740586234655
1.5e-06,0.0004279330893678173,0.05744635932016158
2e-06,0.0007620176078051905,0.07659467457322702
2.5e-06,0.001191803066624276,0.09574258452950735
3e-06,0.001717277221690548,0.11488998738582899
3.5e-06,0.002338427321187297,0.13403678135230904
4e-06,0.003055240105736278,0.15318286465289455
4.5e-06,0.003867701808521049,0.17232813552590315
5e-06,0.004775798155413005,0.19147249222456217
5.5e-06,0.005779514365100076,0.21061583301754877
6e-06,0.006878835149218132,0.2297580561895293
6.5000000000000004e-06,0.008073744712485051,0.24889906004169832
7e-06,0.009342742127672464,0.255017471172547
7.5e-06,0.010616765837932222,0.25500686794998184
8e-06,0.011890600510428695,0.25499490948098646
8.5e-06,0.013164239389464349,0.2549815959701864
9e-06,0.014437675721085992,0.25496692762939327
9.5e-06,0.01571090275312056,0.2549509046776032
1e-05,0.016983913735210812,0.25531650606439865
1.05e-05,0.018305530024195247,0.27444669377775316
1.1e-05,0.01972265118420882,0.2935754257303523
1.15e-05,0.02123525974000343,0.3127026003303332
1.2e-05,0.022843337710263853,0.33182811600468914
1.25e-05,0.024546866607755957,0.3509518711998051
1.3000000000000001e-05,0.02634582743947774,0.3700737643819972
1.35e-05,0.028240200706812935,0.38919369403805043
1.4e-05,0.03022996640568737,0.40831155867575675
1.45e-05,0.03231510402672792,0.427427256824452
1.5e-05,0.0344955925554242,0.44654068703555433
1.55e-05,0.0367714104722929,0.4656517478831011
1.6e-05,0.039142535753044765,0.484760337964285
1.65e-05,0.04160894586875437,0.5038663558999931
1.7e-05,0.044149133160867216,0.5099484286155698
1.7500000000000002e-05,0.04669402934356199,0.5099001348129357
1.8e-05,0.049238412357418306,0.5098491339402452
1.85e-05,0.051782268722577754,0.5097954265504496
1.9e-05,0.05432558496338579,0.5097390132108391
1.95e-05,0.05686834760846299,0.5096798945030361
2e-05,0.05941054319077613,0.5100010497463964
2.05e-05,0.0620009863530536,0.5290854413058135
2.1e-05,0.0646865699479216,0.5481670274780301
2.15e-05,0.06746726979126012,0.5672457070623829
2.2e-05,0.07034306119555411,0.5863213788841976
2.25e-05,0.07331391897007726,0.6053939417953264
2.3e-05,0.0763798174210782,0.6244632946746815
2.3500000000000002e-05,0.07954073035196985,0.6435293364287716
2.4e-05,0.08279663106352056,0.6625919659922358
2.45e-05,0.0861474923540489,0.6816510823283787
2.5e-05,0.08959328651962022,0.7007065844297048
2.55e-05,0.09313398535424668,0.7197583713184521
2.6000000000000002e-05,0.09676956015008921,0.7388063420471271
2.65e-05,0.10049998169766253,0.7578503956990386
2.7e-05,0.1043037356608777,0.7638691596690572
2.75e-05,0.10811174707943931,0.7637562131357343
2.8e-05,0.11191878722254851,0.7636392160309513
2.85e-05,0.11572483594209935,0.7635181693984836
2.9e-05,0.11952987309735565,0.7633930743035363
2.9500000000000002e-05,0.1233338785550571,0.7632639318327381
3e-05,0.12713683218952626,0.7631307430941306
3.05e-05,0.1309856271938343,0.782142429416743
3.1e-05,0.13492906477225294,0.8011499719389166
3.15e-05,0.13896711410209817,0.8201532699930847
3.2e-05,0.14309974386066515,0.8391522229447315
3.2500000000000004e-05,0.1473269222254468,0.8581467301929236
3.3e-05,0.1516486168743553,0.8771366911708425
3.35e-05,0.15606479498594536,0.896122005346314
3.4e-05,0.16057542323964152,0.915102572222341
3.45e-05,0.1651804678159669,0.9340782913376342
3.5000000000000004e-05,0.16987989439677484,0.953049062267143
3.55e-05,0.1746736681654837,0.9720147846225837
3.6e-05,0.17956175380731365,0.990975358052972
3.65e-05,0.1845441155095266,1.0099306822451524
3.7e-05,0.18959923233650314,1.015859385204556
3.7500000000000003e-05,0.19465802273217492,1.0156550467273107
3.8e-05,0.19971525137376164,1.0154453273698913
3.85e-05,0.2047708915250029,1.0152302288076762
3.9e-05,0.20982491646086912,1.0150097527444806
3.95e-05,0.2148772994677029,1.0147839009125454
4e-05,0.2199280138433593,1.0149356537959275
4.05e-05,0.22502586100269195,1.033847974938297
4.1e-05,0.2302177205777576,1.0527548238292437
4.15e-05,0.23550355517124236,1.0716561004750094
4.2e-05,0.24088332688988254,1.09055170492188
4.25e-05,0.24635699734471717,1.1094415372567095
4.3e-05,0.25192452765134454,1.1283254976074526
4.35e-05,0.2575858784301799,1.147203486143686
4.4e-05,0.2633410098067171,1.1660754030771388
4.4500000000000004e-05,0.2691898814117913,1.1849411486622172
4.5e-05,0.27513245238184625,1.2038006231965312
4.55e-05,0.2811686813592022,1.2226537270214197
4.6e-05,0.2872985264923274,1.2415003605224786
4.65e-05,0.29352194543611304,1.2603404241300813
4.7000000000000004e-05,0.2998174107269831,1.266152546600137
4.75e-05,0.30611583428536215,1.2658303084861937
4.8e-05,0.3124119742694466,1.265501371109082
4.85e-05,0.3187057974284697,1.2651657369154719
4.9e-05,0.32499727052744826,1.2648234083873966
4.9500000000000004e-05,0.33128636034735554,1.2644743880422378
5e-05,0.3375730336852991,1.2641186784327079
5.05e-05,0.34390417066575457,1.2829052023464127
5.1e-05,0.35032855943308483,1.3016849423941699
5.15e-05,0.3568461561134542,1.3204577993947786
5.2000000000000004e-05,0.3634569163418311,1.3392236742139674
5.25e-05,0.37016079526227474,1.3579824677649164
5.3e-05,0.37695774752822525,1.3767340810087836
5.35e-05,0.38384772730279565,1.3954784149552228
5.4e-05,0.3908306882590671,1.414215370662902
5.45e-05,0.3979065835803855,1.4329448492400336
5.5e-05,0.40507536596066235,1.4516667518448874
5.55e-05,0.41233698760467685,1.4703809796863145
5.6e-05,0.41969140022838075,1.4890874340242661
5.6500000000000005e-05,0.42713855505920717,1.5077860161703152
5.7e-05,0.43465691821121366,1.5134553557684032
5.75e-05,0.44217739518758414,1.51298903426694
5.8e-05,0.44969473773443397,1.5125147138884445
5.85e-05,0.4572089061941081,1.5120323979880907
5.9000000000000004e-05,0.46471986092996015,1.5115420899632313
5.95e-05,0.4722275623265622,1.5110437932533736
6e-05,0.47973197078991264,1.5105375113401573
6.05e-05,0.48727996005870416,1.5291721679469128
6.1e-05,0.4949203118968783,1.5477987466269734
6.15e-05,0.5026529760555706,1.5664171491484373
6.2e-05,0.5104779018001477,1.5850272773331109
6.25e-05,0.5183950379105277,1.6036290330570293
6.3e-05,0.5264043326815024,1.6222223182509676
6.35e-05,0.5345057339230642,1.6408070349009594
6.4e-05,0.5426991889607325,1.659383085048813
6.45e-05,0.5509846446358855,1.6779503707926262
6.500000000000001e-05,0.5593620473060928,1.6965087942872992
6.55e-05,0.5678313428454513,1.7150582577450528
6.6e-05,0.5763924766449231,1.733598663435939
6.65e-05,0.5850453936126764,1.752129913688357
6.7e-05,0.5937685535492633,1.757630639169791
6.75e-05,0.6024928556501536,1.7569944223589122
6.8e-05,0.611213045359573,1.7563489265152061
6.85e-05,0.6199290767238335,1.7556941560375132
6.9e-05,0.6286409038161471,1.7550301153735481
6.95e-05,0.6373484807368673,1.7543568090198691
7.000000000000001e-05,0.6460517616137291,1.7540572202452558
7.05e-05,0.6547995287074349,1.7725143153984826
7.1e-05,0.6636386425119608,1.7909620567946125
7.15e-05,0.672569046508083,1.809400347285715
7.2e-05,0.6815906836968958,1.8278290897842335
7.25e-05,0.6907034966001676,1.8462481872635008
7.3e-05,0.6999074272606957,1.864657542758244
7.35e-05,0.7092024172426635,1.8830570593650984
7.4e-05,0.7185884076320025,1.901446640243114
7.45e-05,0.7280653390367539,1.9198261886142631
7.500000000000001e-05,0.7376331515874353,1.9381956077639506
7.55e-05,0.7472917849374094,1.956554801041523
7.6e-05,0.757041178263252,1.974903671860771
7.65e-05,0.766881270265128,1.9932421237004418
7.7e-05,0.7767905145420003,1.99854878838497
7.75e-05,0.7866998040941966,1.9977172495565665
7.8e-05,0.7966038781772777,1.9968751716448485
7.85e-05,0.8065026846554041,1.9960225602253658
7.9e-05,0.8163961714261783,1.9951594209291172
7.950000000000001e-05,0.8262842864209189,1.994285759442512
8e-05,0.8361669776049344,1.9937845602307342
8.05e-05,0.8460930210831414,2.012038790845522
8.1e-05,0.8561092712004014,2.030282414811447
8.15e-05,0.8662156652950779,2.048515336196622
8.2e-05,0.8764121402325907,2.0667374591360668
8.25e-05,0.8866986324058007,2.084948687832211
8.3e-05,0.8970750777353961,2.103148926555401
8.35e-05,0.9075414116702846,2.121338079644397
8.4e-05,0.9180975691879827,2.1395160515068765
8.450000000000001e-05,0.9287434847950137,2.157682746619933
8.5e-05,0.939479092527303,2.1758380695305815
8.55e-05,0.9503043259505797,2.193981924856258
8.6e-05,0.9612191181607763,2.212114217285317
8.65e-05,0.9722234017844358,2.2302348515775305
8.7e-05,0.983295624353954,2.2353224608448183
8.75e-05,0.9943666728101731,2.2342706300233286
8.8e-05,1.005431280356288,2.2332070248430522
8.85e-05,1.0164893888112383,2.232131652186355
8.900000000000001e-05,1.027540940034586,2.231044518997473
8.950000000000001e-05,1.0385858759268214,2.229945632282474
9e-05,1.0496241384296638,2.2288349991092153
9.05e-05,1.0607025828374312,2.246861546806872
9.1e-05,1.0718699724896867,2.2648762625542354
9.15e-05,1.0831262387332792,2.282879051764447
9.2e-05,1.0944713124494827,2.3008698199239346
9.25e-05,1.1059051240544022,2.318848472592892
9.3e-05,1.1174276034994013,2.336814915405784
9.35e-05,1.1290386802715162,2.3547690540718382
9.400000000000001e-05,1.140738283393885,2.372710794375534
9.45e-05,1.152526341426168,2.390640042177105
9.5e-05,1.164402782464982,2.4085567034130237
9.55e-05,1.176367534144324,2.4264606840964937
9.6e-05,1.1884205236360101,2.4443518903179506
9.65e-05,1.2005616776501065,2.4622302282455424
9.7e-05,1.2127694378102074,2.4670743324058577
9.75e-05,1.224974685156057,2.465777789155995
9.8e-05,1.2371721469974848,2.464468265653165
9.85e-05,1.2493617592678326,2.463145770213223
9.900000000000001e-05,1.2615434579488582,2.461810311220151
9.95e-05,1.2737171790710742,2.460461897126009
0.0001,1.285882858714079,2.4591005364508876
0.0001005,1.2980873463179545,2.4768751579824335
0.000101,1.3103793993759478,2.4946367503641254
0.0001015,1.3227589433965379,2.5123852204800143
0.000102,1.3352259034306024,2.530120475293639
0.0001025,1.3477802040718643,2.547842421848507
0.000103,1.3604217694573384,2.565550967268583
0.00010350000000000001,1.3731505232677823,2.5832460187587754
0.00010400000000000001,1.3859663887281517,2.600927483605422
0.0001045,1.3988692886080547,2.618595269176773
0.000105,1.4118591452222102,2.636249282923474
0.0001055,1.424935880430909,2.6538894323790543
0.000106,1.4380994156404758,2.6715156251604055
0.0001065,1.4513496718037346,2.6891277689682673
0.000107,1.4646650847953133,2.6937044998679376
0.0001075,1.477976529914297,2.692139405761331
0.000108,1.4912787287381954,2.690560155356583
0.00010850000000000001,1.5045716114763916,2.688966758526568
0.000109,1.5178551083950866,2.687359225218368
0.0001095,1.531129149817656,2.6857375654532225
0.00011,1.5443936661250193,2.684101789326469
0.0001105,1.5576955010670632,2.701600827207053
0.000111,1.5710834064553518,2.7190856693258074
0.0001115,1.584557302125226,2.736556224160175
0.000112,1.5981171074629967,2.7540124002731154
0.0001125,1.6117627414064208,2.7714541063135845
0.00011300000000000001,1.62549412244518,2.788881251017
0.00011350000000000001,1.6393111686213562,2.8062937432057327
0.000114,1.653213797529919,2.8236914917895732
0.0001145,1.6672019263192088,2.841074405766213
0.000115,1.6812754716914242,2.858442394221711
0.0001155,1.6954343499031104,2.8757953663309777
0.000116,1.7096784767656519,2.8931332313582425
0.0001165,1.7240077676457668,2.9104558986575277
0.000117,1.7384006528408382,2.9147420059533564
0.0001175,1.7527880020815998,2.912885142812793
0.00011800000000000001,1.767164531386125,2.9110129796150486
0.00011850000000000001,1.7815301654133153,2.9091255279099713
0.000119,1.795884828887861,2.907222799327527
0.0001195,1.8102284466006369,2.9053048055777286
0.00012,1.8245609434090946,2.9033715584505617
0.0001205,1.8389291575487159,2.9205719900154987
0.000121,1.8533818353257496,2.9377570922097527
0.0001215,1.8679188910793423,2.9549267752230097
0.000122,1.8825402387087582,2.9720809493363056
0.0001225,1.897245791673881,2.989219524922503
0.000123,1.9120354629957224,3.006342412446762
0.0001235,1.9269091652569315,3.0234495224669993
0.000124,1.9418668106023023,3.040540765634353
0.0001245,1.956908310739287,3.0576160526936564
0.000125,1.9720335769385122,3.0746752944839004
0.00012550000000000001,1.9872425200342971,3.0917184019386936
0.000126,2.002535050425171,3.108745286086729
0.0001265,2.017911078074397,3.1257558580522478
0.000127,2.033349027885329,3.1297287573357297
0.0001275,2.048779764204129,3.1275575752859353
0.000128,2.064197997673781,3.1253699840694953
0.0001285,2.0796036475876067,3.123165997029388
0.000129,2.094996633314256,3.1209456275944123
0.0001295,2.1103768742981273,3.118708889279108
0.00013000000000000002,2.1257442900597905,3.1168387744070736
0.0001305,2.1411476283017508,3.133718258418697
0.000131,2.156633715008927,3.150581312757396
0.0001315,2.1722024592023654,3.167427849440272
0.000132,2.187853769472933,3.1842577805814405
0.0001325,2.203587553981851,3.201071018392489
0.000133,2.2194037204612242,3.2178674751829224
0.0001335,2.235302176214581,3.234647063360629
0.000134,2.2512828281174078,3.2514096954323337
0.0001345,2.2673455826176894,3.2681552840040515
0.000135,2.283490345736454,3.284883741781548
0.00013550000000000001,2.2997170230683124,3.3015949815707826
0.000136,2.3160255197820088,3.3182889162783735
0.0001365,2.3324157406209687,3.3349654589120417
0.000137,2.348866105278682,3.3386032508612957
0.0001375,2.365307472901446,3.336095885369463
0.000138,2.381734548942413,3.3335710365032614
0.0001385,2.39814724751512,3.331028719511282
0.000139,2.4145454828185193,3.3284689497334354
0.0001395,2.430929169137414,3.325891742600869
0.00014000000000000001,2.447298220842914,3.3236800923592718
0.0001405,2.463701380498221,3.340216976376599
0.000141,2.480185468959143,3.3567363680292903
0.0001415,2.496750390127821,3.373238181272928
0.000142,2.5133960474864616,3.389722330165545
0.0001425,2.530122344097884,3.4061887288680714
0.000143,2.5469291826060836,3.4226372916447807
0.0001435,2.5638164652367994,3.439067932863734
0.000144,2.580784093798065,3.455480566997227
0.00014450000000000002,2.5978319696807866,3.4718751086222306
0.000145,2.6149599938593027,3.4882514724208353
0.0001455,2.63216806689196,3.5046095731806988
0.000146,2.649456088921679,3.52094932579548
0.0001465,2.6668239596765346,3.5372706452652882
0.000147,2.6842500938451654,3.5405521749773485
0.0001475,2.701665345579536,3.537687510178024
0.000148,2.7190644153490164,3.5348043269423752
0.0001485,2.736447212293934,3.53190264253263
0.000149,2.7538136456506295,3.5289824743076257
0.0001495,2.771163624751919,3.526043839722707
0.00015000000000000001,2.788497059027574,3.5234697350530255
0.0001505,2.8058626861101317,3.5396431397012447
0.000151,2.8233073219354385,3.5557980290837596
0.0001515,2.8408308654963963,3.571934319201329
0.000152,2.8584332153767185,3.5880519261623864
0.0001525,2.8761142697515094,3.6041507661834635
0.000153,2.8938739263878523,3.6202307555896285
0.0001535,2.911712082645388,3.6362918108149263
0.000154,2.9296286354769103,3.6523338484027983
0.00015450000000000001,2.9476234814289537,3.6683567850065253
0.000155,2.9656965166423874,3.6843605373896584
0.0001555,2.9838476368530067,3.7003450224264465
0.000156,3.002076737392134,3.7163101571022716
0.0001565,3.0203837131872127,3.7322558585140704
0.000157,3.038746974137249,3.735160772151001
0.0001575,3.057097369615596,3.731918495366451
0.000158,3.075429595324052,3.7286567063475804
0.0001585,3.09374355564645,3.7253754244737842
0.00015900000000000002,3.11203915507372,3.7220746692261217
0.0001595,3.130316298204389,3.7187544601871982
0.00016,3.1485748897450834,3.715797795764461
0.0001605,3.1668636626163593,3.7315876574978866
0.000161,3.185229428053266,3.7473580229461887
0.0001615,3.203672080359127,3.763108810257444
0.000162,3.2221915134393138,3.778839937692381
0.0001625,3.240787620801846,3.7945513236248005
0.000163,3.2594602955580054,3.8102428865420013
0.00016350000000000002,3.278209430422946,3.8259145450451983
0.000164,3.2970349177162976,3.8415662178499477
0.00016450000000000001,3.3159366493627926,3.857197823786564
0.000165,3.3349145168928698,3.8728092818005404
0.0001655,3.3539684114433,3.8884005109529705
0.000166,3.373098223757802,3.9039714304209627
0.0001665,3.3923038441876687,3.919521959498059
0.000167,3.4115636780672194,3.9220307458748835
0.0001675,3.4308085702166218,3.91839138911114
0.000168,3.450033211796001,3.914731569605145
0.0001685,3.4692375026590603,3.911051308952271
0.00016900000000000002,3.488421342778159,3.9073506288543696
0.0001695,3.5075846322448485,3.903629551119641
0.00017,3.526727271270377,3.899888097662512
0.0001705,3.5458960734972753,3.9152752107030784
0.000171,3.565139760692215,3.9306418923553257
0.0001715,3.584458222708269,3.9459880630117783
0.000172,3.6038513490122552,3.961313643182335
0.0001725,3.623319028685358,3.976618553494689
0.000173,3.6428611504237716,3.991902714694733
0.00017350000000000002,3.6624776025393126,4.007166047646963
0.000174,3.682168272960074,4.022408473334902
0.0001745,3.7019330492310507,4.037629912861488
0.000175,3.7217718185147763,4.0528302874494955
0.0001755,3.7416844675919707,4.068009518441941
0.000176,3.761670882862173,4.083167527302482
0.0001765,3.7817309503443943,4.098304235615828
0.000177,3.801843071052587,4.100398293368366
0.0001775,3.821938085498495,4.096343302420159
0.00017800000000000002,3.8420106805457808,4.092266945474457
0.0001785,3.8620607517636616,4.088169246436134
0.00017900000000000001,3.8820881948520243,4.084050229321093
0.0001795,3.9020929056419655,4.079909918256123
0.00018,3.9220747800963305,4.075748337478763
0.0001805,3.942080627621315,4.09071443153674
0.000181,3.962159165759348,4.1056592048761695
0.0001815,3.982310280151364,4.120582580226188
0.000182,4.002533856064179,4.135484480437793
0.0001825,4.022829778391134,4.150364828484227
0.000183,4.043197931652736,4.165223547461385
0.00018350000000000002,4.063638199997333,4.180060560588205
0.000184,4.0841504672017495,4.194875791207066
0.0001845,4.104734616671952,4.209669162784182
0.000185,4.125390531443712,4.224440598909988
0.0001855,4.146118094183253,4.239190023299555
0.000186,4.1669171871879245,4.25391735979296
0.0001865,4.187787692386864,4.268622532355695
0.000187,4.208708006716495,4.270284193359278
0.0001875,4.229608966623386,4.265795947053219
0.00018800000000000002,4.250485254918411,4.261285478534545
0.0001885,4.271336763130399,4.256752814106206
0.000189,4.292163382931264,4.252197980186474
0.0001895,4.312965006136574,4.247621003308791
0.00019,4.333741524706113,4.243021910121612
0.0001905,4.3545397440554865,4.2575496475878305
0.000191,4.375408377749038,4.272055222572966
0.0001915,4.396347307462142,4.286538560229788
0.000192,4.417356414508595,4.300999585837133
0.00019250000000000002,4.438435579841273,4.315438224800287
0.000193,4.459584684052804,4.329854402651374
0.00019350000000000001,4.480803607376255,4.344248045049727
0.000194,4.502092229685791,4.358619077782286
0.0001945,4.523450430497357,4.3729674267639655
0.000195,4.5448780889693525,4.3872930180380445
0.0001955,4.566375083903322,4.401595777776538
0.000196,4.587941293744626,4.415875632280584
0.0001965,4.609576596583118,4.430132507980823
0.000197,4.631259385528688,4.431345059717995
0.0001975,4.652920493214121,4.426406894214908
0.00019800000000000002,4.674554598649275,4.421445699045932
0.0001985,4.696161589574756,4.416461502995387
0.000199,4.717741353887072,4.411454334966951
0.0001995,4.739293779639213,4.406424223983476
0.0002,4.760818755041224,4.401371199186826
0.0002005,4.782363081771852,4.415444210037282
0.000201,4.803975469671458,4.429494265901724
0.0002015,4.825655796704345,4.4435212944382325
0.000202,4.84740394048615,4.457525223434905
0.00020250000000000002,4.869219778284532,4.471505980810208
0.000203,4.891103187019873,4.485463494613354
0.0002035,4.913054043265956,4.499397693024683
0.000204,4.935072223250664,4.51330850435601
0.0002045,4.957157602856673,4.527195857050997
0.000205,4.979310057622143,4.541059679685545
0.0002055,5.001529462741424,4.554899900968129
0.000206,5.023815693065752,4.56871644974017
0.0002065,5.046168623103953,4.582509254976408
0.00020700000000000002,5.0685666423979745,4.583256974065499
0.0002075,5.09094058002578,4.577853216281938
0.00020800000000000001,5.113285111455554,4.57242567175557
0.0002085,5.135600120899376,4.566974371829952
0.000209,5.157885492738404,4.561499347971737
0.0002095,5.180141111523463,4.556000631770487
0.00021,5.20236686197564,4.550478254938493
0.0002105,5.224609542297953,4.564081169510178
0.000211,5.246917858868277,4.577660387430246
0.0002115,5.269291686201673,4.59121583893828
0.000212,5.291730898477822,4.6047474544075335
0.00021250000000000002,5.314235369541717,4.618255164345293
0.000213,5.336804972904388,4.6317388993932225
0.0002135,5.359439581743586,4.64519859032772
0.000214,5.382139068904501,4.658634168060278
0.0002145,5.404903306900479,4.672045563637836
0.000215,5.42773216791373,4.685432708243121
0.0002155,5.45062552379604,4.6987955331950095
0.000216,5.473583246069487,4.712133969948892
0.0002165,5.496605205927167,4.725447950096998
0.00021700000000000002,5.51966978960874,4.725716133648982
0.0002175,5.542707822903339,4.719832132503861
0.000218,5.565713978003782,4.7139236394194794
0.0002185,5.588688135860286,4.707990688370886
0.000219,5.6116301776056385,4.702033313459681
0.0002195,5.63453998455582,4.696051548913823
0.00022,5.657417438210614,4.690045429087435
0.0002205,5.680309333565285,4.703163908660187
0.000221,5.70326437380351,4.716258002225434
0.00022150000000000002,5.7262824302597535,4.729327642674815
0.000222,5.749363373946689,4.742372763037006
0.00022250000000000001,5.772507075555929,4.755393296478073
0.000223,5.79571340545873,4.768389176301821
0.0002235,5.818982233706734,4.781360335950108
0.000224,5.842313430032679,4.794306709003215
0.0002245,5.86570686385113,4.807228229180165
0.000225,5.889162404259204,4.820124830339064
0.0002255,5.912679920037309,4.832996446477452
0.00022600000000000002,5.936259279649862,4.845843011732622
0.0002265,5.95990035124603,4.858664460381959
0.00022700000000000002,5.9835815180352965,4.8584394551235155
0.0002275,6.007233602790382,4.852061610547913
0.000228,6.030851274701473,4.845658622107804
0.0002285,6.054434411729947,4.839230526476231
0.000229,6.077982892033562,4.832777360455962
0.0002295,6.10149659396709,4.826299160979281
0.00023,6.124975396082947,4.819795965107779
0.0002305,6.148466090442865,4.832416730231723
0.000231,6.172017377310886,4.8450124736581826
0.00023150000000000002,6.195629125115692,4.857583130995601
0.000232,6.219301201978077,4.870128637992548
0.0002325,6.243033475711677,4.882648930538057
0.000233,6.266825813823699,4.89514394466194
0.0002335,6.290678083515666,4.907613616535118
0.000234,6.314590151684154,4.920057882469955
0.0002345,6.33856188492152,4.932476678920553
0.000235,6.362593149516651,4.944869942483118
0.0002355,6.386683811455719,4.957237609896247
0.00023600000000000002,6.410833736422901,4.969579618041266
0.0002365,6.435042789801145,4.981895903942548
0.00023700000000000001,6.459289352047741,4.981165133048054
0.0002375,6.483504243197263,4.97428092270125
0.000238,6.507682129715807,4.96737097111053
0.0002385,6.531822886854727,4.960435317707573
0.000239,6.555926390075836,4.9534740020566534
0.0002395,6.579992515052062,4.946487063854424
0.00024,6.604021137668083,4.939474542929696
0.00024050000000000002,6.628059047332009,4.95158539944278
0.000241,6.652154941668395,4.963670653473615
0.00024150000000000002,6.676308686480582,4.975730243406297
0.000242,6.700520147278183,4.987764107767856
0.0002425,6.724789189277825,4.99977218522853
0.000243,6.749115677403879,5.011754414602112
0.0002435,6.773499476289241,5.023710734846245
0.000244,6.7979404502760445,5.035641085062718
0.0002445,6.822438463416443,5.047545404497799
0.000245,6.846993379473353,5.059423632542533
0.0002455,6.871605061921204,5.071275708733038
0.000246,6.8962733739466975,5.083101572750826
0.00024650000000000003,6.920998178449569,5.094901164423118
0.000247,6.9457578534181765,5.093653152003348
0.0002475,6.970483216432452,5.086251155643065
0.000248,6.995168931518143,5.078822876361366
0.0002485,7.019814871500575,5.071368356403211
0.000249,7.044420909429861,5.063887638148733
0.0002495,7.0689869185815635,5.056380764113008
0.00025,7.0935127724573315,5.048847776945796
0.0002505,7.118045258096624,5.0604376396309005
0.00025100000000000003,7.142633070769687,5.072001375074258
0.0002515,7.167276073939967,5.083538924488462
0.000252,7.191974130791554,5.095050229231514
0.0002525,7.216727104229948,5.106535230807108
0.000253,7.241534856882824,5.117993870864928
0.0002535,7.266397251100791,5.12942609120094
0.000254,7.291314148958146,5.140831833757697
0.0002545,7.316285412253632,5.152211040624617
0.000255,7.341310902511226,5.16356365403829
0.00025550000000000003,7.366390480980872,5.17488961638276
0.000256,7.391524008639275,5.18618887018982
0.0002565,7.416711346190651,5.197461358139309
0.000257,7.44193086944234,5.1956857513396075
0.0002575,7.467113393807756,5.187755672799543
0.000258,7.492253581160658,5.1797988263977635
0.0002585,7.517351302188903,5.171815257241074
0.000259,7.542406427819672,5.163805010573719
0.0002595,7.5674188292201325,5.155768131777131
0.00026000000000000003,7.592388377798118,5.148087645093076
0.0002605,7.617363773308098,5.159146557931208
0.000261,7.642391793951926,5.170178873755124
0.0002615,7.667472301132775,5.181184536652869
0.000262,7.692605155989065,5.192163490860061
0.0002625,7.717790219395236,5.203115680760182
0.000263,7.743027351962518,5.214041050884859
0.0002635,7.768316414039692,5.2249395459141414
0.000264,7.793657265713866,5.235811110676781
0.00026450000000000003,7.81904976681124,5.246655690150502
0.000265,7.844493776897888,5.2574732294623
0.0002655,7.869989155280524,5.268263673888691
0.000266,7.895535761007281,5.279026968856004
0.0002665,7.921133452868485,5.28976305994065
0.000267,7.946760604772278,5.287450621149631
0.0002675,7.972348030247564,5.278983278392378
0.000268,7.997890389298297,5.2704887384501635
0.0002685,8.023387550757237,5.261967049334387
0.000269,8.048839383711202,5.253418259195861
0.0002695,8.074245757501718,5.244842416324529
0.00027,8.099606541725697,5.236239569149201
0.0002705,8.124968519547174,5.246758686436866
0.00027100000000000003,8.150380382390304,5.257250796880736
0.0002715,8.175841989901773,5.267715847484785
0.000272,8.20135320147828,5.278153785402424
0.0002725,8.226913876267323,5.288564557936775
0.000273,8.252523873167963,5.298948112540924
0.0002735,8.278183050831618,5.309304396818203
0.000274,8.303891267662804,5.319633358522436
0.0002745,8.329648381819945,5.329934945558216
0.000275,8.355454251216171,5.340209105981157
0.00027550000000000003,8.381308733520038,5.350455787998149
0.000276,8.407211686156364,5.360674939967642
0.0002765,8.433162966306996,5.370866510399873
0.000277,8.459140946286423,5.368009176237373
0.0002775,8.485076438044755,5.358996566326803
0.000278,8.51096410002201,5.349956390388328
0.0002785,8.536803799501863,5.340888699373897
0.000279,8.562595404036921,5.331793544376514
0.0002795,8.588338781449362,5.322670976629932
0.00028000000000000003,8.614033799831638,5.313904026231793
0.0002805,8.6397291556525,5.323875706451135
0.000281,8.66547162385771,5.333820026614418
0.0002815,8.691261062624003,5.343736936675996
0.000282,8.717097329893056,5.353626386741216
0.0002825,8.742980283372242,5.363488327066675
0.000283,8.768909780535424,5.373322708060467
0.0002835,8.794885678623741,5.383129480282432
0.000284,8.820907834646366,5.3929085944444
0.00028450000000000003,8.846976105381339,5.402660001410441
0.000285,8.873090347376307,5.4123836521971045
0.0002855,8.899250416949327,5.422079497973679
0.000286,8.925456170189683,5.431747490062416
0.0002865,8.951707462958613,5.441387579938783
0.000287,8.977982666264984,5.437978447511939
0.0002875,9.004212590768248,5.428413724596551
0.000288,9.030391893632741,5.418821123882148
0.0002885,9.056520440881457,5.409200699291407
0.00028900000000000003,9.082598098821274,5.399552504889372
0.0002895,9.10862473404368,5.389876594883181
0.00029,9.134600213425399,5.380173023621732
0.0002905,9.160571317440182,5.389590765794989
0.000291,9.186586734851787,5.398980856021989
0.0002915,9.212646322676427,5.40834324723534
0.000292,9.238749937710262,5.417677892519865
0.0002925,9.264897436530148,5.426984745112855
0.000293,9.291088675494489,5.436263758404282
0.00029350000000000003,9.317323510743957,5.445514885937053
0.000294,9.34360179820233,5.454738081407227
0.0002945,9.369923393577254,5.463933298664246
0.000295,9.396288152361024,5.473100491711167
0.0002955,9.422695929831416,5.482239614704894
0.000296,9.44914658105245,5.4913506219563955
0.0002965,9.47563996087517,5.500433467930946
0.000297,9.502154439313317,5.496466835528565
0.0002975,9.528620826046264,5.48634435955584
0.000298,9.555033777273325,5.476193755695257
0.0002985,9.581393158067543,5.466015080863455
0.000299,9.607698833800915,5.45580839212047
0.0002995,9.633950670145115,5.445573746669388
0.00030000000000000003,9.660148533072155,5.4356941805794525
0.0003005,9.686341116960412,5.444552713093545
0.000301,9.712575194695374,5.4533833595141825
0.0003015,9.73885062242362,5.462186075773944
0.000302,9.765167256086745,5.4709608179585505
0.0003025,9.79152495142217,5.479707542307086
0.000303,9.817923563963943,5.4884262052122095
0.0003035,9.844362949043477,5.497116763220367
0.000304,9.870842961790396,5.50577917303202
0.00030450000000000003,9.897363457133299,5.514413391501857
0.000305,9.923924289800569,5.523019375638989
0.0003055,9.950525314321146,5.531597082607181
0.000306,9.977166385025333,5.540146469725061
0.0003065,10.003847356045586,5.548667494466328
0.000307,10.030546596692165,5.544138842740191
0.0003075,10.057194915956078,5.533454152363142
0.000308,10.083786969363421,5.52274114202833
0.0003085,10.110322621329102,5.51199987166375
0.00030900000000000003,10.136801736582157,5.501230401341476
0.0003095,10.16322418016641,5.490432791277324
0.00031,10.189589817441128,5.479607101830517
0.0003105,10.21594542739282,5.48790231370293
0.000311,10.242339697328225,5.496169467527084
0.0003115,10.268772482836754,5.504408522250595
0.000312,10.295243639317976,5.5126194369748065
0.0003125,10.321753021982413,5.520802170954998
0.000313,10.348300485852329,5.528956683600575
0.00031350000000000003,10.374885885762547,5.537082934475267
0.000314,10.401509076361204,5.545180883297342
0.0003145,10.428169912110558,5.553250489939784
0.000315,10.45486824728778,5.56129171443051
0.0003155,10.481603935985746,5.56930451695255
0.000316,10.508376832113846,5.577288857844253
0.0003165,10.535186789398763,5.585244697599479
0.000317,10.562012176760113,5.580150725148027
0.0003175,10.588783802813424,5.568900581327393
0.00031800000000000003,10.615496322724445,5.557621987852096
0.0003185,10.642149600562881,5.546315007671902
0.000319,10.668743500727723,5.534979703881007
0.0003195,10.695277887947867,5.523616139717686
0.00032,10.721752627282818,5.51260735728736
0.0003205,10.748216412228755,5.520336381870043
0.000321,10.774716014819232,5.528037234806307
0.0003215,10.801251290379158,5.535709878067672
0.000322,10.82782209405876,5.543354273779661
0.00032250000000000003,10.854428280834375,5.550970384221988
0.000323,10.881069705509216,5.558558171828735
0.0003235,10.907746222714186,5.566117599188533
0.000324,10.934457686908663,5.573648629044755
0.00032450000000000003,10.96120395238129,5.581151224295695
0.000325,10.98798487325077,5.588625347994744
0.0003255,11.014800303466656,5.596070963350578
0.000326,11.041650096810143,5.603488033727332
0.0003265,11.068534106894885,5.610876522644779
0.00032700000000000003,11.095430702542581,5.605215122058742
0.0003275,11.122270692286008,5.593397475832841
0.000328,11.149048731223289,5.581551308707803
0.0003285,11.175764683371645,5.569676686659656
0.00032900000000000003,11.202418413092701,5.557773675808911
0.0003295,11.229009785093153,5.54584234242019
0.00033,11.255538664425433,5.533882752901874
0.0003305,11.282051829799471,5.541043894005299
0.000331,11.308597968275704,5.548176812412732
0.0003315,11.335176935227539,5.555281473121775
0.000332,11.361788585868778,5.562357841283985
0.0003325,11.388432775254476,5.569405882205015
0.000333,11.415109358281686,5.576425561344807
0.00033350000000000003,11.441818189690276,5.583416844317746
0.000334,11.468559124063686,5.590379696892835
0.0003345,11.495332015829758,5.597314084993851
0.000335,11.522136719261479,5.604219974699517
0.0003355,11.548973088477812,5.61109733224367
0.000336,11.575840977444473,5.6179461240154085
0.0003365,11.602740239974729,5.624766316559281
0.000337,11.629649245105014,5.618536604855652
0.0003375,11.656498801597905,5.6061506357924555
0.00033800000000000003,11.683283564796449,5.593736137134472
0.0003385,11.710003398977888,5.581293177881518
0.000339,11.73665816877893,5.568821827177609
0.0003395,11.763247739196464,5.556322154310579
0.00034,11.789771975588197,5.543794228711697
0.0003405,11.816277656984404,5.55038704015485
0.000341,11.842813470780971,5.556951638344506
0.0003415,11.86937927270178,5.56348799130012
0.000342,11.89597491832624,5.569996067194694
0.00034250000000000003,11.92260026309003,5.576475834354961
0.000343,11.949255162285924,5.582927261261513
0.0003435,11.975939471064539,5.589350316548953
0.000344,12.002653044435162,5.595744969006063
0.0003445,12.029395737266473,5.602111187575938
0.000345,12.056167404287422,5.608448941356139
0.0003455,12.082967900087938,5.61475819959885
0.000346,12.109797079119746,5.621038931711012
0.0003465,12.136654795697146,5.627291107254482
0.00034700000000000003,12.163519419372651,5.620493424226401
0.0003475,12.190321759439968,5.607539532530915
0.000348,12.217056471788243,5.5945571629484565
0.0003485,12.243723421255897,5.581546387493887
0.000349,12.270322473055797,5.568507278325677
0.0003495,12.296853492775996,5.555439907745486
0.00035,12.323316346380382,5.542344348197771
0.0003505,12.349757813520426,5.548369592468962
0.000351,12.376226582228174,5.554366693275402
0.00035150000000000003,12.402722508878679,5.560335621647727
0.000352,12.429245449717502,5.566276348769432
0.0003525,12.455795260861457,5.572188845977006
0.000353,12.482371798299425,5.578073084760083
0.00035350000000000003,12.508974917893104,5.583929036761555
0.000354,12.535604475377811,5.589756673777731
0.0003545,12.562260326363264,5.595555967758442
0.000355,12.588942326334337,5.6013268908072105
0.0003555,12.615650330651867,5.607069415181342
0.00035600000000000003,12.642384194553417,5.6127835132921
0.0003565,12.66914377315409,5.618469157704791
0.000357,12.695907436822106,5.61110504941916
0.0003575,12.722605995681816,5.597584841341091
0.00035800000000000003,12.749234106467929,5.584036267251845
0.0003585,12.775791634879326,5.570459402166226
0.000359,12.802278447004257,5.5568543212416985
0.0003595,12.82869440932106,5.543221099777994
0.00036,12.855039388698792,5.529559813216683
0.0003605,12.881360165708989,5.535019457340344
0.000361,12.907705429318646,5.540451087860467
0.0003615,12.93407503685264,5.545854678801842
0.000362,12.960468845521206,5.5512302043411035
0.00036250000000000003,12.986886712420711,5.556577638806841
0.000363,13.013328494534445,5.561896956679737
0.0003635,13.039794048733365,5.567188132592673
0.000364,13.066283231776872,5.572451141330854
0.0003645,13.092795900313615,5.577685957831924
0.000365,13.119331910882233,5.582892557186097
0.0003655,13.145891119912127,5.588070914636248
0.000366,13.172473383724268,5.5932210055780525
0.0003665,13.199078558531944,5.59834280556009
0.00036700000000000003,13.225685015816381,5.590415018564188
0.0003675,13.252223566829691,5.576331300477114
0.000368,13.278688869449176,5.56221938805982
0.0003685,13.305080790531038,5.548079359305569
0.000369,13.331399197335651,5.533911292349057
0.0003695,13.35764395752822,5.519715265465983
0.00037,13.383814939179434,5.505491357072606
0.0003705,13.409958924077186,5.510388565924919
0.000371,13.43612460241958,5.515257950706525
0.00037150000000000003,13.46231183277733,5.520099488413006
0.000372,13.488520473621229,5.524913156190459
0.0003725,13.514750383322903,5.529698931335585
0.000373,13.541001420155611,5.534456791295815
0.0003735,13.567273442294972,5.539186713669394
0.000374,13.593566307819746,5.543888676205499
0.0003745,13.6198798747126,5.54856265680434
0.000375,13.646214000860878,5.5532086335172535
0.0003755,13.672568544057352,5.557826584546811
0.00037600000000000003,13.69894336200098,5.562416488246925
0.0003765,13.72533831229772,5.56697832312293
0.000377,13.751731767836084,5.558490796111925
0.0003775,13.778054541290114,5.543847566054448
0.000378,13.80430129197362,5.529176372663689
0.0003785,13.830471888193946,5.514477296883624
0.000379,13.856566198677221,5.499750419798104
0.0003795,13.882584092568962,5.484995822630417
0.00038,13.908525439434765,5.470213586742839
0.00038050000000000003,13.93443702257199,5.474552713835771
0.000381,13.96036753370278,5.478864265535609
0.0003815,13.986316832936431,5.483148221779112
0.000382,14.012284780296858,5.487404562651891
0.00038250000000000003,14.038271235723347,5.491633268388515
0.000383,14.064276059071329,5.495834319372606
0.0003835,14.090299110113115,5.500007696136907
0.000384,14.11634024853866,5.50415337936339
0.0003845,14.142399333956316,5.508271349883327
0.00038500000000000003,14.168476225893569,5.512361588677398
0.0003855,14.19457078379783,5.51642407687575
0.000386,14.220682867037166,5.52045879575811
0.0003865,14.246812334901064,5.524465726753841
0.00038700000000000003,14.272937561976022,5.515423579722276
0.0003875,14.298989362648477,5.500226016424368
0.000388,14.324962397959085,5.485000779491898
0.0003885,14.35085653795645,5.469747952785579
0.000389,14.376671653122306,5.454467620304158
0.00038950000000000003,14.402407614372198,5.43915986618392
0.00039,14.428064293056114,5.4238247746982715
0.0003905,14.453688474270194,5.427611350456813
0.000391,14.479328851549687,5.431370657993243
0.00039150000000000003,14.504985286831337,5.435102680149669
0.000392,14.530657641980849,5.438807399915114
0.0003925,14.55634577879362,5.442484800425579
0.000393,14.582049558995495,5.446134864964134
0.0003935,14.607768844243493,5.4497575769609865
0.000394,14.633503496126572,5.453352919993547
0.0003945,14.659253376166346,5.45692087778651
0.000395,14.685018345817856,5.460461434211934
0.0003955,14.710798266470276,5.463974573289279
0.00039600000000000003,14.7365929994477,5.467460279185515
0.0003965,14.762402406009873,5.470918536215162
0.000397,14.78820486272774,5.461328057120601
0.0003975,14.813931185986421,5.445582506543721
0.000398,14.839576038839429,5.429809629995101
0.0003985,14.865139293362377,5.4140095142121085
0.000399,14.890620822078215,5.398182246067968
0.0003995,14.916020497957854,5.38232791257129
0.0004,14.941338194420767,5.366446600865578
0.00040050000000000003,14.966620698646716,5.369687318428344
0.000401,14.9919167062687,5.3729011326589715
0.0004015,15.017226081335302,5.376088029263007
0.000402,15.042548687838165,5.379247994090659
0.0004025,15.067884389712704,5.3823810131368495
0.000403,15.09323305083884,5.385487072541284
0.0004035,15.11859453504173,5.388566158588507
0.000404,15.14396870609249,5.391618257707955
0.0004045,15.169355427708943,5.394643356474017
0.00040500000000000003,15.194754563556334,5.397641441606091
0.0004055,15.22016597724805,5.400612499968643
0.000406,15.245589532346388,5.403556518571247
0.0004065,15.271025092363251,5.406473484568663
0.000407,15.296451036135728,5.396342113541096
0.0004075,15.321798182329015,5.380056072965839
0.000408,15.347061196290625,5.363743111186449
0.0004085,15.37223995240412,5.347403317770826
0.000409,15.39733432551428,5.331036782420262
0.00040950000000000003,15.422344190927733,5.314643594968945
0.00041,15.447269424413564,5.298223845383477
0.0004105,15.47215681551499,5.300926543961968
0.000411,15.497055062242337,5.303602760921862
0.00041150000000000003,15.521964031035347,5.306252484784239
0.000412,15.546883588290637,5.3088757042122845
0.0004125,15.571813600362399,5.311472408011341
0.000413,15.596753933563138,5.314042585128948
0.0004135,15.621704454164362,5.316586224654888
0.00041400000000000003,15.646665028397312,5.319103315821222
0.0004145,15.671635522453668,5.321593848002354
0.000415,15.69661580248629,5.324057810715044
0.0004155,15.7216057346099,5.326495193618464
0.00041600000000000003,15.746605184901812,5.328905986514243
0.0004165,15.77161401940265,5.331290179346497
0.000417,15.796610619491902,5.320626490482097
0.0004175,15.821525806390827,5.303808590182293
0.000418,15.846354248016633,5.2869642295718675
0.00041850000000000004,15.87109582133622,5.270093500997201
0.000419,15.895750403791325,5.253196496935315
0.0004195,15.920317873299128,5.236273309993366
0.00042,15.944798108252854,5.219324032908136
0.00042050000000000003,15.969237900833441,5.221497678745102
0.000421,15.993685951702455,5.2236453204862805
0.0004215,16.018142129964456,5.225766949414481
0.000422,16.04260630469436,5.227862556951793
0.0004225,16.06707834493824,5.22993213465959
0.000423,16.091558119713874,5.231975674238582
0.0004235,16.116045498011587,5.2339931675288325
0.000424,16.14054034879489,5.235984606509793
0.0004245,16.165042541001178,5.237949983300331
0.00042500000000000003,16.18955194354242,5.239889290158751
0.0004255,16.214068425305893,5.241802519482827
0.000426,16.238591855154855,5.243689663809828
0.0004265,16.26312210192928,5.245550715816545
0.000427,16.287637549821312,5.234364396599535
0.0004275,16.31206902287826,5.217024379146741
0.000428,16.336411191856698,5.199658417306612
0.0004285,16.360663936576195,5.182266606146183
0.000429,16.384827137344466,5.164849040860081
0.00042950000000000003,16.40890067495794,5.147405816770011
0.00043,16.432884430702394,5.129937029324233
0.0004305,16.45682519966453,5.13159169429662
0.000431,16.480771685424905,5.133220887374484
0.0004315,16.504723760020287,5.134824602542826
0.000432,16.528681295471046,5.136402833922791
0.0004325,16.552644163781792,5.137955575771676
0.000433,16.576612236942108,5.1394828224829565
0.0004335,16.600585386927218,5.140984568586286
0.00043400000000000003,16.624563485698644,5.142460808747537
0.0004345,16.648546405204936,5.143911537768794
0.000435,16.672534017382294,5.1453367505883625
0.0004355,16.696526194155314,5.146736442280807
0.000436,16.720522807437643,5.148110608056938
0.0004365,16.744523729132624,5.149459243263844
0.000437,16.768507346508883,5.137761071665107
0.0004375,16.792404486703138,5.119909768912413
0.000438,16.816209823574415,5.102033091514678
0.00043850000000000003,16.839923240057665,5.084131137196081
0.000439,16.86354461958899,5.066204003805072
0.0004395,16.887073846106105,5.048251789313852
0.00044,16.910510804048954,5.030274591817818
0.00044050000000000003,16.93390229167136,5.031421429734635
0.000441,16.957297015733882,5.032543381392016
0.0004415,16.980694851466136,5.033640443411977
0.000442,17.00409567409415,5.034712612549273
0.0004425,17.027499358841084,5.035759885691396
0.00044300000000000003,17.050905780927813,5.036782259858585
0.0004435,17.074314815573675,5.037779732203823
0.000444,17.097726337997077,5.038752300012843
0.0004445,17.1211402234162,5.039699960704104
0.00044500000000000003,17.144556347049594,5.040622711828835
0.0004455,17.16797458411694,5.041520551071002
0.000446,17.191394809839633,5.04239347624732
0.0004465,17.214816899441487,5.0432414853072345
0.000447,17.23821924352421,5.031043304613167
0.00044750000000000004,17.26153267257029,5.012692612412084
0.000448,17.284751863797094,4.994317167804609
0.0004485,17.307876703510527,4.97591707110306
0.000449,17.33090707853021,4.957492422740426
0.00044950000000000003,17.353842876189983,4.939043323269835
0.00045,17.376683984338413,4.920569873364011
0.0004505,17.399477204650502,4.921221094014293
0.000451,17.42227124732047,4.921848066118431
0.0004515,17.445065991024055,4.922450788864819
0.00045200000000000004,17.467861314445912,4.923029261570924
0.0004525,17.490657096280252,4.923583483683253
0.000453,17.513453215231447,4.924113454777364
0.0004535,17.53624955001468,4.924619174557845
0.00045400000000000003,17.559045979356654,4.925100642858307
0.0004545,17.58184238199615,4.925557859641367
0.000455,17.60463863668473,4.925990824998638
0.0004555,17.627434622187337,4.926399539150708
0.000456,17.65023021728299,4.926784002447141
0.0004565,17.673025300765396,4.927144215366445
0.000457,17.695798266818407,4.914458906796293
0.0004575,17.71847994951888,4.895621757505086
0.000458,17.74106502969081,4.876760529111061
0.00045850000000000003,17.76355339725892,4.857875324440285
0.000459,17.785944942673854,4.8389662464356595
0.0004595,17.80823955691258,4.820033398156356
0.00046,17.830437131479,4.801076882777251
0.0004605,17.852584471715485,4.801245723787945
0.000461,17.8747302914958,4.801391004580538
0.0004615,17.896874473187292,4.801512726833863
0.000462,17.919016899178285,4.8016108923518726
0.0004625,17.94115745187864,4.801685503063634
0.00046300000000000003,17.96329601372044,4.801736561023299
0.0004635,17.98543246715861,4.801764068410076
0.000464,18.0075666946715,4.801768027528209
0.0004645,18.029698578761543,4.801748440806958
0.000465,18.051828001955815,4.801705310800561
0.0004655,18.073954846806778,4.801638640188223
0.000466,18.096078995892785,4.801548431774067
0.0004665,18.118200331818738,4.80143468848713
0.000467,18.140297252591573,4.7882761416615445
0.00046750000000000003,18.162300596123043,4.768966474508107
0.000468,18.184205047083825,4.749633451083344
0.0004685,18.206010499257147,4.730277176647537
0.000469,18.22771684696383,4.710897756573685
0.00046950000000000003,18.249323985062848,4.69149529634692
0.00047,18.270831808951762,4.67206990156396
0.0004705,18.29228712787835,4.671770598132087
0.000471,18.3137386596334,4.671448471856932
0.0004715,18.33518629051296,4.671103526826675
0.00047200000000000003,18.35662990684567,4.670735767250442
0.0004725,18.378069394993314,4.670345197458264
0.000473,18.39950464135151,4.669931821901049
0.0004735,18.42093553235022,4.669495645150549
0.00047400000000000003,18.442361954454405,4.669036671899307
0.0004745,18.46378379416461,4.668554906960634
0.000475,18.485200938017545,4.668050355268567
0.0004755,18.50661327258675,4.66752302187783
0.000476,18.528020684483092,4.666972911963793
0.00047650000000000004,18.549423060355455,4.666400030822429
0.000477,18.570798802266108,4.652783112150511
0.0004775,18.59207875219357,4.633015841517148
0.000478,18.613257598886594,4.613225985332856
0.00047850000000000003,18.634335240217855,4.59341365120755
0.000479,18.65531157460892,4.573578946859516
0.0004795,18.676186501030745,4.553721980114802
0.00048,18.696959919004243,4.533842858906655
0.0004805,18.717678641911686,4.5330906114745
0.00048100000000000004,18.73839139168962,4.5323163259517045
0.0004815,18.759098058791054,4.531520008749772
0.000482,18.77979853371273,4.530701666396718
0.0004825,18.80049270699574,4.529861305537029
0.00048300000000000003,18.82118046922606,4.528998932931618
0.0004835,18.841861711035182,4.528114555457769
0.000484,18.86253632310062,4.527208180109092
0.0004845,18.883204196146547,4.52627981399547
0.000485,18.903865220944372,4.525329464343017
0.0004855,18.924519288313256,4.524357138494019
0.000486,18.945166289120742,4.523362843906894
0.0004865,18.965806114283318,4.522346588156126
0.000487,18.986417170141834,4.508287107212445
0.00048750000000000003,19.00693030296422,4.488078088914365
0.000488,19.02734020579964,4.467847301937247
0.0004885,19.04764678083194,4.447594856151254
0.000489,19.06784993080475,4.427320861530339
0.0004895,19.087949559021933,4.407025428151608
0.00049,19.10794556934803,4.386708666194754
0.0004905,19.12788477951976,4.385519606141027
0.000491,19.14781591583884,4.384309338360974
0.0004915,19.167738873134166,4.383077871498629
0.000492,19.187653546289077,4.381825214309879
0.0004925,19.207559830241912,4.38055137566241
0.0004930000000000001,19.227457619986588,4.379256364535648
0.0004935,19.247346810573095,4.377940190020696
0.000494,19.267227297108075,4.376602861320284
0.0004945,19.287098974755416,4.375244387748685
0.000495,19.306961738736753,4.373864778731687
0.0004955000000000001,19.326815484332037,4.372464043806508
0.000496,19.346660106880048,4.371042192621732
0.0004965,19.36649550177904,4.369599234937267
0.000497,19.386300079862014,4.3551139089044835
0.0004975,19.406004691899557,4.334479904537758
0.000498,19.42560403545378,4.313824992683504
0.0004985,19.445098017231945,4.293149285378151
0.000499,19.464486544511395,4.272452894757078
0.0004995,19.483769525140055,4.251735933054018
0.0005,19.502946867536803,4.230998512600422
0.0005005,19.522065394002972,4.2293896660244625
0.000501,19.541173835415172,4.22776048583875
0.0005015,19.56027209118737,4.226110982824501
0.0005020000000000001,19.579360060798194,4.224441167869906
0.0005025,19.598437643791442,4.222751051970061
0.000503,19.617504739776592,4.221040646226902
0.0005035,19.63656124842937,4.219309961849115
0.000504,19.655607069492266,4.217559010152094
0.0005045,19.674642102775003,4.21578780255785
0.000505,19.693666248155143,4.213996350594934
0.0005055,19.712679405578577,4.212184665898385
0.000506,19.73168147506003,4.2103527602096475
0.0005065,19.75067235668361,4.208500645376494
0.000507,19.769630465978192,4.193607061633184
0.0005075,19.788486658420076,4.172565701071969
0.000508,19.807235636287032,4.151504336612132
0.0005085000000000001,19.825877311011787,4.130423082357953
0.000509,19.844411594606992,4.109322052507627
0.0005095,19.862838399665733,4.088201361352656
0.00051,19.881157639361785,4.067061123277217
0.0005105,19.899416140761165,4.065050372957136
0.0005110000000000001,19.917662639514866,4.063020204947601
0.0005115,19.935897039820958,4.060970632067331
0.000512,19.95411924595186,4.058901667236922
0.0005125,19.972329162254784,4.056813323478767
0.000513,19.99052669315229,4.054705613916982
0.0005135,20.008711743142708,4.052578551777321
0.000514,20.026884216800724,4.050432150387092
0.0005145,20.045044018777883,4.0482664231750825
0.000515,20.063191053802974,4.046081383671476
0.0005155,20.081325226682683,4.043877045507763
0.000516,20.09944644230193,4.041653422416662
0.0005165,20.117554605624537,4.0394105282320405
0.000517,20.13562813706841,4.0241271051690575
0.0005175000000000001,20.15359789700831,4.002696847295656
0.000518,20.17145859262982,3.981247529501598
0.0005185,20.189210140282803,3.9597792678564123
0.000519,20.206852456906375,3.938292178518311
0.0005195,20.224385460029293,3.9167863777335548
0.0005200000000000001,20.241809067770316,3.8956449605592423
0.0005205,20.259172026943933,3.893251005170486
0.000521,20.276521163160773,3.8908385857460956
0.0005215,20.293856385581275,3.8884077170387066
0.000522,20.311177603449373,3.885958413897542
0.0005225,20.328484726092906,3.8834906912683382
0.000523,20.34577766292411,3.881004564193244
0.0005235,20.363056323440127,3.878500047810732
0.000524,20.380320617223425,3.8759771573555115
0.0005245,20.39757045394233,3.873435908158437
0.000525,20.414805743351433,3.870876315646416
0.0005255,20.43202639529209,3.8682983953423125
0.000526,20.449232319692896,3.8657021628648636
0.0005265000000000001,20.466423426570174,3.863087633928578
0.000527,20.483578141403225,3.8474335526238757
0.0005275,20.50062732963705,3.825633614888573
0.000528,20.517565703536253,3.8038155974769103
0.0005285,20.53439318453851,3.781979618317482
0.0005290000000000001,20.551109694679514,3.7601257954221508
0.0005295,20.567715156593287,3.7382542468854063
0.00053,20.584209493512567,3.716365090883727
0.0005305,20.60063954258021,3.713607365874534
0.000531,20.617054049541863,3.7108321701838736
0.0005315,20.63345292870804,3.7080395203905825
0.000532,20.649836094481284,3.705229433164598
0.0005325,20.66620346135665,3.7024019252668787
0.000533,20.6825549439221,3.699557013549292
0.0005335,20.69889045685898,3.696694714954523
0.000534,20.71520991494245,3.6938150465159736
0.0005345,20.731513233041944,3.69091802535766
0.000535,20.747800326121574,3.688003668694112
0.0005355000000000001,20.76407110924063,3.685071993830278
0.000536,20.780325497553978,3.6821230181614135
0.0005365,20.7965634063125,3.6791567591729883
0.000537,20.812763266238402,3.663151962720808
0.0005375,20.828855948027826,3.641002326502494
0.000538,20.844836169204758,3.6188356290264987
0.0005385,20.86070385647449,3.5966519899700327
0.000539,20.87645893714848,3.5744515290879626
0.0005395,20.892101339144713,3.5522343662121676
0.00054,20.90763099098795,3.530000621250893
0.0005405,20.92309473512121,3.52689933438769
0.000541,20.938541322598326,3.5237816056690905
0.0005415,20.953970673046058,3.5206474533887637
0.0005420000000000001,20.96938270619122,3.5174968959258286
0.0005425,20.984777341861086,3.514329951744748
0.000543,21.0001544999838,3.511146639395224
0.0005435,21.01551410058878,3.5079469775120864
0.000544,21.030856063807203,3.5047309848151884
0.0005445000000000001,21.04618030987233,3.5014986801092984
0.000545,21.06148675911995,3.4982500822839846
0.0005455,21.076775331988824,3.4949852103135184
0.000546,21.092045949021053,3.49170408325675
0.0005465,21.107298530862543,3.4884067202570077
0.000547,21.122511513638166,3.472071868822214
0.0005475,21.137615773454478,3.449593228296354
0.000548,21.1526060332535,3.4270985788284882
0.0005485,21.167482225166175,3.4045880417306615
0.000549,21.182244281937233,3.382061738386805
0.0005495,21.19689213692546,3.359519790252071
0.00055,21.211425724104007,3.336962318852192
0.0005505,21.22589189137172,3.3335383659824
0.0005510000000000001,21.240339395245808,3.3300990332951086
0.0005515,21.254768160823808,3.3266443406840485
0.000552,21.26917811331073,3.3231743081225744
0.0005525,21.283569178019427,3.319688955663556
0.000553,21.297941280370985,3.3161883034392585
0.0005535000000000001,21.312294345895108,3.3126723716612334
0.000554,21.326628300230492,3.3091411806201947
0.0005545,21.340943069125277,3.3055947506859114
0.000555,21.355238578437298,3.3020331023070857
0.0005555,21.369514754134592,3.298456256011234
0.000556,21.383771522295703,3.294864232404577
0.0005565,21.398008809110124,3.291257052171914
0.000557,21.412205056253462,3.27461346435674
0.0005575,21.426291145390028,3.251827169832702
0.000558,21.44026180502671,3.2290259502726024
0.0005585,21.454116972866327,3.206209928506312
0.000559,21.46785658723247,3.1833792274296497
0.0005595,21.481480587069743,3.1605339700037245
0.0005600000000000001,21.494988911944073,3.138057257977679
0.0005605,21.508430330148233,3.1343321761958336
0.000561,21.521851688802258,3.1305928054833476
0.0005615,21.53525291860691,3.126839167216302
0.000562,21.54863395037723,3.1230712828444416
0.0005625000000000001,21.56199471504288,3.1192891738910498
0.000563,21.5753351436485,3.115492861952835
0.0005635,21.588655167354094,3.111682368699795
0.000564,21.601954717435344,3.1078577158751077
0.0005645,21.615233725283986,3.104018925294997
0.000565,21.62849212240816,3.1001660188486175
0.0005655,21.64172984043274,3.0962990184979224
0.000566,21.65494681109972,3.0924179462775467
0.0005665000000000001,21.668142966268533,3.0885228242946767
0.000567,21.681296753291278,3.071592403009157
0.0005675,21.694339059515226,3.0485203847049465
0.000568,21.707264619136655,3.025434552459107
0.0005685,21.72007337555417,3.0023350304997147
0.0005690000000000001,21.73276527279357,2.9792219431147293
0.0005695,21.745340255508,2.9560954146513314
0.00057,21.757798268978256,2.9329555695152565
0.0005705,21.770186172423987,2.9289514523697053
0.000571,21.78255273369633,2.9249341677230047
0.0005715,21.79489788923985,2.9209037383127336
0.000572,21.807221575619568,2.9168601869440236
0.0005725,21.819523729521325,2.912803536489427
0.000573,21.831804287752053,2.908733809888785
0.0005735,21.844063187240128,2.904651030149106
0.000574,21.856300365035676,2.9005552203444287
0.0005745,21.868515758310945,2.8964464036157005
0.000575,21.880709304360565,2.892324603170639
0.0005755000000000001,21.892880940601888,2.8881898422836074
0.000576,21.905030604575327,2.8840421442954813
0.0005765,21.917158233944665,2.8798815326135214
0.000577,21.929242281872185,2.862686758991463
0.0005775,21.941213641521227,2.839351527000974
0.0005780000000000001,21.95306705290993,2.8160036210006374
0.0005785,21.964802465264587,2.7926431664938494
0.000579,21.976419828444385,2.76927028903769
0.0005795,21.987919092941613,2.745885114242251
0.00058,21.999300209881895,2.722487767769962
0.0005805,22.01061004433537,2.718227295534494
0.000581,22.021897370009285,2.713954803288429
0.0005815,22.033162129209924,2.7096703150073607
0.000582,22.04440426436959,2.7053738547281965
0.0005825,22.05562371804692,2.7010654465490176
0.000583,22.066820432927162,2.69674511462895
0.0005835,22.077994351822444,2.692412883188025
0.000584,22.089145417672146,2.6880687765070452
0.0005845000000000001,22.100273573543095,2.6837128189274497
0.000585,22.111378762629926,2.679345034851182
0.0005855,22.122460928255318,2.6749654487405463
0.000586,22.13352001387032,2.670574085118074
0.0005865,22.144555963054646,2.6661709685663912
0.0005870000000000001,22.155547234891728,2.6487348520083045
0.0005875,22.166424728471267,2.6251594401782476
0.000588,22.177183189742973,2.6015725185912655
0.0005885,22.187822573869845,2.577974213900901
0.000589,22.198342836652888,2.554364652808066
0.0005895,22.208743934531306,2.5307439620603556
0.00059,22.219025824582662,2.5071122684513774
0.0005905,22.22923537783409,2.502618619019647
0.000591,22.239421373954816,2.4981141206362443
0.0005915,22.24958376121801,2.4935987983889225
0.000592,22.25972248802784,2.489072677420394
0.0005925,22.269837502919664,2.484535782928195
0.000593,22.27992875456033,2.4799881401645383
0.0005935000000000001,22.28999619174837,2.475429774436181
0.000594,22.300039763414404,2.47086071110428
0.0005945,22.310059418621236,2.4662809755842514
0.000595,22.320055106564183,2.461690593345635
0.0005955,22.33002677657135,2.4570895899119445
0.000596,22.339974378103875,2.4524779908605305
0.0005965,22.34989786075611,2.4478558218224413
0.000597,22.35977568963082,2.4302018367625076
0.0005975,22.369538769841583,2.4064097414507777
0.000598,22.379181853366497,2.3826073224315043
0.0005985,22.38870490140148,2.3587947073810156
0.000599,22.39810787578489,2.3349720240165928
0.0005995,22.40739073899777,2.311139400095779
0.0006000000000000001,22.416553454163846,2.2876799421390976
0.0006005,22.42564481315515,2.2829767397371823
0.000601,22.43471168669211,2.2782638784364044
0.0006015,22.443754029097004,2.2735413843089427
0.000602,22.452771794827328,2.268809283475502
0.0006025000000000001,22.461764938475998,2.26406760210516
0.000603,22.47073341477169,2.259316366415233
0.0006035,22.479677178578942,2.254555602671122
0.000604,22.488596184898455,2.249785337186182
0.0006045,22.49749038886727,2.2450055963215596
0.000605,22.506359745759045,2.240216406486065
0.0006055,22.515204210984244,2.235417794136015
0.000606,22.52402374009034,2.2306097857750866
0.0006065,22.532818288762098,2.2257924079541787
0.000607,22.54156632819659,2.207944415551494
0.0006075,22.550198769605583,2.1839595152439664
0.000608,22.558710371069317,2.159965494476242
0.0006085,22.56710109988963,2.135962481818554
0.0006090000000000001,22.575370924014702,2.111950605875589
0.0006095,22.583519812039064,2.0879299952857866
0.00061,22.591547733203832,2.0639007787206665
0.0006105,22.599501570707744,2.059012005083711
0.000611,22.607430116399662,2.054114783098016
0.0006115000000000001,22.61533333074038,2.0492091396903875
0.000612,22.62321117432954,2.0442951018296225
0.0006125,22.631063607905833,2.039372696526359
0.000613,22.638890592347167,2.0344419508329348
0.0006135,22.646692088670918,2.0295028918432276
0.000614,22.654468058034034,2.0245555466925165
0.0006145,22.662218461733335,2.0195999425573303
0.000615,22.669943261205614,2.0146361066553005
0.0006155,22.677642418027876,2.009664066245004
0.000616,22.6853158939175,2.004683848625827
0.0006165,22.692963650732473,1.9996954811378065
0.000617,22.70056416584634,1.981677719441708
0.0006175,22.708048356650664,1.9575242709904628
0.0006180000000000001,22.715410987408642,1.9333629239981351
0.0006185,22.72265203160826,1.9091938077978012
0.000619,22.729771463387017,1.8850170517504026
0.0006195,22.73676925753191,1.8608327852440556
0.00062,22.743645389479543,1.8366411376933611
0.0006205000000000001,22.75044674862725,1.8315911587382903
0.000621,22.757222133025486,1.8265339578318331
0.0006215,22.76397150933963,1.8214695626240909
0.000622,22.770694844376855,1.816398000800554
0.0006225,22.777392105086296,1.8113193000819492
0.000623,22.78406325855924,1.8062334882240907
0.0006235,22.79070827202923,1.8011405930177264
0.000624,22.797327112872274,1.796040642288389
0.0006245000000000001,22.803919748606972,1.7909336638962425
0.000625,22.810486146894682,1.7858196857359339
0.0006255,22.817026275539696,1.7806987357364343
0.000626,22.82354010248938,1.7755708418608942
0.0006265,22.830027595834306,1.7704360321064867
0.0006270000000000001,22.83646723918328,1.7522730627844854
0.0006275,22.842789956165667,1.727975641991692
0.000628,22.84899051728505,1.7036715585794031
0.0006285,22.855068902272347,1.6793609425112883
0.000629,22.861025091510438,1.6550439237722405
0.0006295,22.866859066034156,1.6307206323676815
0.00063,22.872570807530366,1.6063911983228685
0.0006305,22.878207211649027,1.6012046718817812
0.000631,22.883817082695607,1.5960121630947626
0.0006315,22.88940039359281,1.5908137002026141
0.000632,22.89495711740741,1.5856093114748657
0.0006325,22.900487227350386,1.580399025209624
0.000633,22.9059906967771,1.5751828697334218
0.0006335000000000001,22.91146749918735,1.5699608734010588
0.000634,22.916917608225543,1.5647330645954542
0.0006345,22.922340997680813,1.5594994717274888
0.000635,22.92773764148714,1.5542601232358504
0.0006355,22.933107513723446,1.5490150475868822
0.0006360000000000001,22.938450588613776,1.5437642732744268
0.0006365,22.94376684052737,1.5385078288196723
0.000637,22.94903475935365,1.5202244710512276
0.0006375,22.954185275004523,1.4958079085765459
0.000638,22.95921316426796,1.4713859307508932
0.0006385,22.96411841316114,1.446958668035219
0.000639,22.96890100835499,1.422526250905009
0.0006395,22.97356093717421,1.3980888098495874
0.00064,22.978098187597258,1.3740294540948275
0.0006405,22.98256157636174,1.3687312759102581
0.000641,22.986997999064357,1.3634283634946973
0.0006415,22.99140743491428,1.3581207455462956
0.000642,22.995789863266396,1.3528084507852454
0.0006425000000000001,23.000145263621395,1.347491507953626
0.000643,23.00447361562582,1.342169945815248
0.0006435,23.008774899072233,1.3368437931555002
0.000644,23.013049093899262,1.3315130787811897
0.0006445,23.017296180191703,1.3261778315203918
0.0006450000000000001,23.02151613818061,1.3208380802222923
0.0006455,23.02570894824338,1.3154938537570295
0.000646,23.029874590903873,1.3101451810155413
0.0006465,23.03401304683243,1.3047920909094084
0.000647,23.0381028122209,1.2864133406509277
0.0006475,23.04207482328479,1.261902639224535
0.000648,23.04592386311698,1.2373877763557732
0.0006485,23.049649924040665,1.2128688828691614
0.0006490000000000001,23.053252999033948,1.1883460895970441
0.0006495,23.056733081729824,1.163819527378894
0.00065,23.060090166416124,1.1392893270606166
0.0006505,23.06337116134656,1.1339045396934317
0.000651,23.066624883432993,1.128516276121515
0.0006515000000000001,23.06985131820716,1.123124565366085
0.000652,23.073050451347438,1.1177294364636758
0.0006525,23.07622226867888,1.1123309184659809
0.000653,23.079366756173357,1.1069290404396974
0.0006535,23.082483899949526,1.1015238314663678
0.0006540000000000001,23.085573686272962,1.0961153206422278
0.0006545,23.088636101556148,1.0907035370780453
0.000655,23.091671132358563,1.085288509898969
0.0006555,23.094678765386742,1.079870268244367
0.000656,23.097658987494352,1.0744488412676727
0.0006565,23.100611785682197,1.0690242581362297
0.000657,23.103515662473143,1.0505752763113616
0.0006575,23.106301560414337,1.0259956050197974
0.0006580000000000001,23.10896426893078,1.0014130342226348
0.0006585,23.111503786678337,0.9768276949732128
0.000659,23.11392011296823,0.9522397183259572
0.0006595,23.116213247767,0.9276492353356858
0.00066,23.118383191696445,0.9030563770569101
0.0006605000000000001,23.120476859344585,0.8976101947427197
0.000661,23.122543073957953,0.892161799432418
0.0006615,23.124581827403226,0.8867112203356134
0.000662,23.126593111694007,0.8812584866704911
0.0006625,23.128576918990813,0.8758036276636554
0.000663,23.13053324160115,0.8703466725499739
0.0006635,23.13246207197952,0.8648876505724207
0.000664,23.134363402727402,0.8594265909819211
0.0006645,23.136237226593316,0.8539635230371942
0.000665,23.138083536472852,0.8484984760045968
0.0006655,23.139902325408695,0.8430314791579672
0.000666,23.141693586590634,0.8375625617784677
0.0006665,23.143457313355583,0.8320917531544293
0.0006670000000000001,23.145172014562387,0.8135978108614236
0.0006675,23.146768639094155,0.7889744442336858
0.000668,23.148241982711625,0.7643494433330809
0.0006685,23.149592050406277,0.7397229393069734
0.000669,23.15081884782472,0.7150950632970766
0.0006695000000000001,23.15192238126868,0.6904659464387558
0.00067,23.152902657694842,0.6658357198603304
0.0006705,23.153806598025795,0.6603534348819572
0.000671,23.15468303184229,0.6548702026032701
0.0006715,23.15553195734488,0.6493860522874698
0.000672,23.15635337288061,0.6439010131995949
0.0006725,23.15714727694303,0.6384151146063656
0.000673,23.15791366817215,0.6329283857760282
0.0006735,23.158652545354496,0.6274408559782003
0.000674,23.15936390742305,0.6219525544837136
0.0006745,23.160047753457235,0.6164635105644584
0.000675,23.16070408268293,0.6109737534932284
0.0006755,23.16133289447249,0.6054833125435637
0.0006760000000000001,23.161934188344652,0.5999922169895974
0.0006765,23.162507963964593,0.5945004961058964
0.000677,23.163032736518712,0.5759869074475372
0.0006775,23.163439461216825,0.551345160321529
0.000678,23.16372294014563,0.5267030447557808
0.0006785000000000001,23.163883184621692,0.502060691856972
0.000679,23.163920206615828,0.47741823271940215
0.0006795,23.16383401875302,0.45277579842429466
0.00068,23.163624634312317,0.4281335200391013
0.0006805,23.163338980537688,0.42264044881638635
0.000681,23.163025893330225,0.417147695781466
0.0006815,23.162685377209797,0.4116552901165007
0.000682,23.162317436841683,0.40616326099876543
0.0006825000000000001,23.161922077036543,0.4006716376004973
0.000683,23.161499302750375,0.39518044908873945
0.0006835,23.161049119084478,0.3896897246251873
0.000684,23.160571531285413,0.38419949336603315
0.0006845,23.16006654474494,0.3787097844618125
0.0006850000000000001,23.159534164999975,0.37322062705724923
0.0006855,23.158974397732603,0.3677320502911011
0.000686,23.158387248769962,0.3622440832960058
0.0006865,23.1577727240842,0.3567567551983259
0.000687,23.157109345167342,0.3382488233982238
0.0006875000000000001,23.156328073533327,0.31361399704108794
0.000688,23.155423717571523,0.28898006598649995
0.0006885,23.15439629489962,0.2643471611661082
0.000689,23.153245823788048,0.23971541349247857
0.0006895,23.151972323159846,0.21508495385840026
0.00069,23.150575812590425,0.19045591313619137
0.0006905,23.149103225618493,0.1849773423765848
0.000691,23.147603404438293,0.17950035239637027
0.0006915000000000001,23.146076359860956,0.17402497216248705
0.000692,23.14452210284145,0.16855123063029803
0.0006925,23.142940644478223,0.16307915674343698
0.000693,23.14133199601331,0.15760877943365617
0.0006935,23.139696168832163,0.15214012762067355
0.0006940000000000001,23.138033174463633,0.14667323021202006
0.0006945,23.136343024579837,0.1412081161028869
0.000695,23.134625730996174,0.13574481417597395
0.0006955,23.132881305671127,0.1302833533013366
0.000696,23.131109760706288,0.12482376233623395
0.0006965,23.129311108346197,0.11936607012497641
0.000697,23.127463876353158,0.10088903377900248
0.0006975,23.12549903250935,0.07628636214830724
0.000698,23.123411391470153,0.05168584479041168
0.0006985,23.12120097711713,0.027087612328238954
0.000699,23.118867813982376,0.0024917953589669328
0.0006995,23.116460478668227,0.0
0.0007,23.11405263693746,0.0
0.0007005000000000001,23.11164504601074,0.0
0.000701,23.109237705861943,0.0
0.0007015,23.106830616464944,0.0
0.000702,23.104423777793635,0.0
0.0007025,23.102017189821876,0.0
0.0007030000000000001,23.099610852523572,0.0
0.0007035,23.097204765872604,0.0
0.000704,23.094798929842877,0.0
0.0007045,23.092393344408286,0.0
0.000705,23.089988009542708,0.0
0.0007055,23.08758292522006,0.0
0.000706,23.08517809141425,0.0
0.0007065,23.08277350809918,0.0
0.0007070000000000001,23.080369175248745,0.0
0.0007075,23.07796509283687,0.0
0.000708,23.07556126083746,0.0
0.0007085,23.073157679224437,0.0
0.000709,23.07075434797171,0.0
0.0007095000000000001,23.068351267053234,0.0
0.00071,23.065948436442895,0.0
0.0007105,23.063545856114647,0.0
0.000711,23.061143526042414,0.0
0.0007115,23.058741446200106,0.0
0.0007120000000000001,23.05633961656169,0.0
0.0007125,23.053938037101076,0.0
0.000713,23.051536707792234,0.0
0.0007135,23.049135628609083,0.0
0.000714,23.04673479952559,0.0
0.0007145,23.044334220515694,0.0
0.000715,23.041933891553345,0.0
0.0007155,23.039533812612515,0.0
0.0007160000000000001,23.037133983667147,0.0
0.0007165,23.034734404691193,0.0
0.000717,23.03233507565864,0.0
0.0007175,23.029935996543422,0.0
0.000718,23.027537167319515,0.0
0.0007185000000000001,23.025138587960907,0.0
0.000719,23.022740258441562,0.0
0.0007195,23.020342178735458,0.0
0.00072,23.017944348816577,0.0
0.0007205,23.01554676865889,0.0
0.000721,23.013149438236393,0.0
0.0007215,23.010752357523074,0.0
0.000722,23.008355526492917,0.0
0.0007225,23.005958945119914,0.0
0.000723,23.003562613378065,0.0
0.0007235,23.001166531241367,0.0
0.000724,22.998770698683824,0.0
0.0007245,22.996375115679434,0.0
0.0007250000000000001,22.993979782202203,0.0
0.0007255,22.991584698226127,0.0
0.000726,22.98918986372522,0.0
0.0007265,22.98679527867353,0.0
0.000727,22.98440094304505,0.0
0.0007275000000000001,22.9820068568138,0.0
0.000728,22.97961301995381,0.0
0.0007285,22.97721943243908,0.0
0.000729,22.974826094243664,0.0
0.0007295,22.97243300534158,0.0
0.00073,22.970040165706877,0.0
0.0007305,22.967647575313585,0.0
0.000731,22.965255234135725,0.0
0.0007315,22.962863142147363,0.0
0.000732,22.960471299322524,0.0
0.0007325,22.958079705635267,0.0
0.000733,22.955688361059632,0.0
0.0007335,22.953297265569674,0.0
0.0007340000000000001,22.950906419139457,0.0
0.0007345,22.948515821743026,0.0
0.000735,22.946125473354456,0.0
0.0007355,22.94373537394779,0.0
0.000736,22.941345523497112,0.0
0.0007365000000000001,22.93895592197649,0.0
0.000737,22.936566569359993,0.0
0.0007375,22.93417746562168,0.0
0.000738,22.931788610735634,0.0
0.0007385,22.929400004675948,0.0
0.000739,22.927011647416688,0.0
0.0007395,22.924623538931954,0.0
0.00074,22.92223567919581,0.0
0.0007405000000000001,22.919848068182358,0.0
0.000741,22.917460705865697,0.0
0.0007415,22.915073592219915,0.0
0.000742,22.912686727219118,0.0
0.0007425,22.910300110837408,0.0
0.0007430000000000001,22.90791374304888,0.0
0.0007435,22.90552762382764,0.0
0.000744,22.903141753147786,0.0
0.0007445,22.90075613098345,0.0
0.000745,22.89837075730874,0.0
0.0007455000000000001,22.89598563209777,0.0
0.000746,22.89360075532467,0.0
0.0007465,22.89121612696356,0.0
0.000747,22.888831746988554,0.0
0.0007475,22.88644761537378,0.0
0.000748,22.884063732093377,0.0
0.0007485,22.881680097121464,0.0
0.000749,22.879296710432197,0.0
0.0007495000000000001,22.87691357199971,0.0
0.00075,22.87453068179813,0.0
0.0007505,22.87214803980161,0.0
0.000751,22.86976564598429,0.0
0.0007515,22.867383500320337,0.0
0.0007520000000000001,22.865001602783895,0.0
0.0007525,22.862619953349114,0.0
0.000753,22.86023855199016,0.0
0.0007535,22.857857398681183,0.0
0.000754,22.85547649339634,0.0
0.0007545,22.853095836109805,0.0
0.000755,22.850715426795766,0.0
0.0007555,22.84833526542836,0.0
0.000756,22.845955351981775,0.0
0.0007565,22.843575686430192,0.0
0.000757,22.84119626874778,0.0
0.0007575,22.838817098908716,0.0
0.000758,22.836438176887206,0.0
0.0007585000000000001,22.834059502657418,0.0
0.000759,22.831681076193565,0.0
0.0007595,22.829302897469823,0.0
0.00076,22.826924966460382,0.0
0.0007605,22.824547283139438,0.0
0.0007610000000000001,22.822169847481202,0.0
0.0007615,22.819792659459882,0.0
0.000762,22.817415719049663,0.0
0.0007625,22.81503902622478,0.0
0.000763,22.812662580959426,0.0
0.0007635,22.81028638322781,0.0
0.000764,22.807910433004164,0.0
0.0007645,22.805534730262703,0.0
0.0007650000000000001,22.80315927497765,0.0
0.0007655,22.800784067123228,0.0
0.000766,22.798409106673656,0.0
0.0007665,22.796034393603172,0.0
0.000767,22.79365992788599,0.0
0.0007675000000000001,22.791285709496382,0.0
0.000768,22.788911738408554,0.0
0.0007685,22.78653801459678,0.0
0.000769,22.78416453803527,0.0
0.0007695,22.781791308698285,0.0
0.0007700000000000001,22.779418326560087,0.0
0.0007705,22.777045591594888,0.0
0.000771,22.77467310377697,0.0
0.0007715,22.772300863080584,0.0
0.000772,22.769928869480005,0.0
0.0007725,22.76755712294947,0.0
0.000773,22.765185623463267,0.0
0.0007735,22.76281437099565,0.0
0.0007740000000000001,22.760443365520892,0.0
0.0007745,22.758072607013254,0.0
0.000775,22.755702095447038,0.0
0.0007755,22.75333183079649,0.0
0.000776,22.750961813035925,0.0
0.0007765000000000001,22.74859204213959,0.0
0.000777,22.74622251808179,0.0
0.0007775,22.74385324083682,0.0
0.000778,22.741484210378964,0.0
0.0007785,22.739115426682527,0.0
0.0007790000000000001,22.736746889721797,0.0
0.0007795,22.734378599471068,0.0
0.00078,22.73201055590467,0.0
0.0007805,22.729642758996864,0.0
0.000781,22.727275208721995,0.0
0.0007815,22.724907905054366,0.0
0.000782,22.722540847968265,0.0
0.0007825,22.720174037438017,0.0
0.0007830000000000001,22.717807473437965,0.0
0.0007835,22.71544115594241,0.0
0.000784,22.713075084925695,0.0
0.0007845,22.710709260362115,0.0
0.000785,22.708343682226023,0.0
0.0007855000000000001,22.70597835049173,0.0
0.000786,22.70361326513359,0.0
0.0007865,22.70124842612593,0.0
0.000787,22.69888383344311,0.0
0.0007875,22.696519487059444,0.0
0.000788,22.694155386949298,0.0
0.0007885,22.691791533087006,0.0
0.000789,22.689427925446896,0.0
0.0007895,22.687064564003382,0.0
0.00079,22.684701448730774,0.0
0.0007905,22.682338579603435,0.0
0.000791,22.679975956595733,0.0
0.0007915,22.677613579682035,0.0
0.0007920000000000001,22.675251448836708,0.0
0.0007925,22.67288956403413,0.0
0.000793,22.670527925248653,0.0
0.0007935,22.66816653245467,0.0
0.000794,22.665805385626552,0.0
0.0007945000000000001,22.66344448473866,0.0
0.000795,22.661083829765392,0.0
0.0007955,22.658723420681135,0.0
0.000796,22.65636325746027,0.0
0.0007965,22.654003340077196,0.0
0.000797,22.65164366850631,0.0
0.0007975,22.649284242721997,0.0
0.000798,22.64692506269865,0.0
0.0007985000000000001,22.644566128410688,0.0
0.000799,22.642207439832507,0.0
0.0007995,22.639848996938525,0.0
0.0008,22.637490799703112,0.0
0.0008005,22.635132848100717,0.0
0.0008010000000000001,22.632775142105746,0.0
0.0008015,22.63041768169262,0.0
0.000802,22.62806046683574,0.0
0.0008025,22.62570349750954,0.0
0.000803,22.623346773688464,0.0
0.0008035000000000001,22.620990295346907,0.0
0.000804,22.618634062459325,0.0
0.0008045,22.616278075000142,0.0
0.000805,22.613922332943797,0.0
0.0008055,22.611566836264725,0.0
0.000806,22.609211584937373,0.0
0.0008065,22.606856578936164,0.0
0.000807,22.60450181823556,0.0
0.0008075000000000001,22.602147302810007,0.0
0.000808,22.599793032633965,0.0
0.0008085,22.597439007681878,0.0
0.000809,22.595085227928205,0.0
0.0008095,22.592731693347407,0.0
0.0008100000000000001,22.59037840391396,0.0
0.0008105,22.588025359602312,0.0
0.000811,22.58567256038694,0.0
0.0008115,22.583320006242314,0.0
0.000812,22.580967697142896,0.0
0.0008125000000000001,22.578615633063173,0.0
0.000813,22.576263813977622,0.0
0.0008135,22.573912239860725,0.0
0.000814,22.571560910686973,0.0
0.0008145,22.569209826430818,0.0
0.000815,22.56685898706678,0.0
0.0008155,22.564508392569344,0.0
0.000816,22.562158042912998,0.0
0.0008165000000000001,22.559807938072264,0.0
0.000817,22.55745807802162,0.0
0.0008175,22.555108462735554,0.0
0.000818,22.552759092188598,0.0
0.0008185,22.550409966355247,0.0
0.0008190000000000001,22.548061085210012,0.0
0.0008195,22.545712448727414,0.0
0.00082,22.543364056881956,0.0
0.0008205,22.541015909648173,0.0
0.000821,22.538668007000556,0.0
0.0008215,22.536320348913666,0.0
0.000822,22.533972935362005,0.0
0.0008225,22.53162576632013,0.0
0.0008230000000000001,22.529278841762547,0.0
0.0008235,22.52693216166378,0.0
0.000824,22.52458572599839,0.0
0.0008245,22.522239534740898,0.0
0.000825,22.51989358786585,0.0
0.0008255000000000001,22.517547885347795,0.0
0.000826,22.515202427161277,0.0
0.0008265,22.512857213280856,0.0
0.000827,22.510512243681077,0.0
0.0008275,22.508167518336506,0.0
0.0008280000000000001,22.50582303722168,0.0
0.0008285,22.503478800311182,0.0
0.000829,22.501134807579575,0.0
0.0008295,22.498791059001405,0.0
0.00083,22.496447554551253,0.0
0.0008305,22.494104294203687,0.0
0.000831,22.491761277933282,0.0
0.0008315,22.489418505714607,0.0
0.0008320000000000001,22.487075977522252,0.0
0.0008325,22.4847336933308,0.0
0.000833,22.48239165311483,0.0
0.0008335,22.480049856848918,0.0
0.000834,22.477708304507686,0.0
0.0008345000000000001,22.475366996065706,0.0
0.000835,22.473025931497578,0.0
0.0008355,22.470685110777886,0.0
0.000836,22.46834453388124,0.0
0.0008365,22.466004200782244,0.0
0.0008370000000000001,22.46366411145551,0.0
0.0008375,22.461324265875636,0.0
0.000838,22.45898466401724,0.0
0.0008385,22.456645305854913,0.0
0.000839,22.4543061913633,0.0
0.0008395,22.45196732051701,0.0
0.00084,22.44962869329067,0.0
0.0008405,22.447290309658914,0.0
0.0008410000000000001,22.44495216959633,0.0
0.0008415,22.442614273077577,0.0
0.000842,22.44027662007727,0.0
0.0008425,22.437939210570057,0.0
0.000843,22.435602044530576,0.0
0.0008435000000000001,22.433265121933466,0.0
0.000844,22.43092844275339,0.0
0.0008445,22.428592006964962,0.0
0.000845,22.42625581454285,0.0
0.0008455,22.423919865461674,0.0
0.000846,22.421584159696113,0.0
0.0008465,22.419248697220816,0.0
0.000847,22.41691347801045,0.0
0.0008475000000000001,22.414578502039657,0.0
0.000848,22.412243769283123,0.0
0.0008485,22.409909279715507,0.0
0.000849,22.407575033311474,0.0
0.0008495,22.405241030045694,0.0
0.0008500000000000001,22.402907269892832,0.0
0.0008505,22.400573752827587,0.0
0.000851,22.398240478824643,0.0
0.0008515,22.395907447858672,0.0
0.000852,22.393574659904335,0.0
0.0008525000000000001,22.391242114936357,0.0
0.000853,22.38890981292941,0.0
0.0008535,22.38657775385818,0.0
0.000854,22.384245937697393,0.0
0.0008545,22.381914364421704,0.0
0.000855,22.379583034005837,0.0
0.0008555,22.37725194642451,0.0
0.000856,22.37492110165241,0.0
0.0008565000000000001,22.372590499664234,0.0
0.000857,22.37026014043473,0.0
0.0008575,22.36793002393857,0.0
0.000858,22.365600150150488,0.0
0.0008585,22.36327051904521,0.0
0.0008590000000000001,22.36094113059745,0.0
0.0008595,22.358611984781948,0.0
0.00086,22.35628308157342,0.0
0.0008605,22.353954420946568,0.0
0.000861,22.351626002876156,0.0
0.0008615000000000001,22.349297827336915,0.0
0.000862,22.346969894303605,0.0
0.0008625,22.344642203750926,0.0
0.000863,22.342314755653646,0.0
0.0008635,22.33998754998649,0.0
0.000864,22.337660586724226,0.0
0.0008645,22.33533386584159,0.0
0.000865,22.333007387313348,0.0
0.0008655000000000001,22.33068115111425,0.0
0.000866,22.328355157219065,0.0
0.0008665,22.32602940560253,0.0
0.000867,22.323703896239433,0.0
0.0008675,22.321378629104522,0.0
0.0008680000000000001,22.319053604172574,0.0
0.0008685,22.316728821418355,0.0
0.000869,22.31440428081666,0.0
0.0008695,22.312079982342233,0.0
0.00087,22.309755925969892,0.0
0.0008705000000000001,22.30743211167439,0.0
0.000871,22.30510853943052,0.0
0.0008715,22.302785209213067,0.0
0.000872,22.30046212099683,0.0
0.0008725,22.298139274756593,0.0
0.000873,22.295816670467175,0.0
0.0008735,22.29349430810335,0.0
0.000874,22.29117218763993,0.0
0.0008745000000000001,22.2888503090517,0.0
0.000875,22.286528672313473,0.0
0.0008755,22.284207277400068,0.0
0.000876,22.28188612428631,0.0
0.0008765,22.279565212946977,0.0
0.0008770000000000001,22.277244543356904,0.0
0.0008775,22.274924115490915,0.0
0.000878,22.272603929323807,0.0
0.0008785,22.270283984830428,0.0
0.000879,22.267964281985606,0.0
0.0008795,22.26564482076417,0.0
0.00088,22.26332560114093,0.0
0.0008805,22.261006623090758,0.0
0.0008810000000000001,22.258687886588454,0.0
0.0008815,22.256369391608875,0.0
0.000882,22.254051138126865,0.0
0.0008825,22.25173312611727,0.0
0.000883,22.249415355554923,0.0
0.0008835000000000001,22.247097826414695,0.0
0.000884,22.24478053867143,0.0
0.0008845,22.242463492299997,0.0
0.000885,22.240146687275217,0.0
0.0008855,22.237830123572,0.0
0.0008860000000000001,22.235513801165183,0.0
0.0008865,22.233197720029615,0.0
0.000887,22.230881880140196,0.0
0.0008875,22.228566281471803,0.0
0.000888,22.226250923999284,0.0
0.0008885,22.223935807697522,0.0
0.000889,22.221620932541395,0.0
0.0008895,22.2193062985058,0.0
0.0008900000000000001,22.216991905565603,0.0
0.0008905,22.21467775369569,0.0
0.000891,22.212363842870978,0.0
0.0008915,22.210050173066332,0.0
0.000892,22.207736744256657,0.0
0.0008925000000000001,22.20542355641685,0.0
0.000893,22.203110609521815,0.0
0.0008935,22.200797903546437,0.0
0.000894,22.19848543846565,0.0
0.0008945,22.196173214254337,0.0
0.0008950000000000001,22.193861230887435,0.0
0.0008955,22.191549488339827,0.0
0.000896,22.189237986586452,0.0
0.0008965,22.186926725602227,0.0
0.000897,22.184615705362052,0.0
0.0008975,22.182304925840867,0.0
0.000898,22.17999438701361,0.0
0.0008985,22.17768408885518,0.0
0.0008990000000000001,22.17537403134054,0.0
0.0008995,22.173064214444597,0.0
0.0009,22.1707546381423,0.0
0.0009005,22.16844530240861,0.0
0.000901,22.166136207218432,0.0
0.0009015000000000001,22.163827352546733,0.0
0.000902,22.161518738368446,0.0
0.0009025,22.15921036465853,0.0
0.000903,22.156902231391932,0.0
0.0009035,22.154594338543617,0.0
0.0009040000000000001,22.15228668608854,0.0
0.0009045,22.149979274001655,0.0
0.000905,22.14767210225791,0.0
0.0009055000000000001,22.145365170832296,0.0
0.000906,22.143058479699782,0.0
0.0009065,22.14075202883534,0.0
0.000907,22.138445818213924,0.0
0.0009075,22.13613984781052,0.0
0.0009080000000000001,22.1338341176001,0.0
0.0009085,22.13152862755765,0.0
0.000909,22.12922337765816,0.0
0.0009095,22.126918367876616,0.0
0.00091,22.124613598187995,0.0
0.0009105000000000001,22.1223090685673,0.0
0.000911,22.120004778989518,0.0
0.0009115,22.117700729429654,0.0
0.000912,22.115396919862704,0.0
0.0009125,22.113093350263668,0.0
0.000913,22.11079002060755,0.0
0.0009135,22.108486930869343,0.0
0.000914,22.106184081024093,0.0
0.0009145000000000001,22.103881471046787,0.0
0.000915,22.10157910091244,0.0
0.0009155,22.099276970596094,0.0
0.000916,22.096975080072735,0.0
0.0009165,22.094673429317407,0.0
0.0009170000000000001,22.092372018305117,0.0
0.0009175,22.090070847010914,0.0
0.000918,22.087769915409805,0.0
0.0009185,22.08546922347685,0.0
0.000919,22.083168771187076,0.0
0.0009195000000000001,22.08086855851551,0.0
0.00092,22.078568585437203,0.0
0.0009205,22.076268851927207,0.0
0.000921,22.073969357960543,0.0
0.0009215,22.07167010351228,0.0
0.000922,22.06937108855746,0.0
0.0009225,22.067072313071144,0.0
0.000923,22.064773777028396,0.0
0.0009235000000000001,22.062475480404267,0.0
0.000924,22.060177423173805,0.0
0.0009245,22.05787960531208,0.0
0.000925,22.05558202679417,0.0
0.0009255,22.05328468759515,0.0
0.0009260000000000001,22.05098758769007,0.0
0.0009265,22.048690727054026,0.0
0.000927,22.04639410566208,0.0
0.0009275,22.044097723489326,0.0
0.000928,22.041801580510814,0.0
0.0009285000000000001,22.039505676701683,0.0
0.000929,22.037210012036976,0.0
0.0009295,22.034914586491812,0.0
0.00093,22.032619400041266,0.0
0.0009305,22.030324452660448,0.0
0.000931,22.028029744324446,0.0
0.0009315,22.025735275008365,0.0
0.000932,22.023441044687303,0.0
0.0009325000000000001,22.021147053336364,0.0
0.000933,22.018853300930665,0.0
0.0009335,22.016559787445324,0.0
0.000934,22.014266512855425,0.0
0.0009345,22.011973477136102,0.0
0.0009350000000000001,22.009680680262477,0.0
0.0009355,22.007388122209665,0.0
0.000936,22.00509580295281,0.0
0.0009365,22.002803722467007,0.0
0.000937,22.000511880727423,0.0
0.0009375000000000001,21.99822027770915,0.0
0.000938,21.995928913387345,0.0
0.0009385,21.993637787737153,0.0
0.0009390000000000001,21.991346900733692,0.0
0.0009395,21.98905625235211,0.0
0.00094,21.986765842567564,0.0
0.0009405,21.98447567135519,0.0
0.000941,21.982185738690134,0.0
0.0009415000000000001,21.979896044547566,0.0
0.000942,21.97760658890263,0.0
0.0009425,21.975317371730494,0.0
0.000943,21.973028393006295,0.0
0.0009435,21.97073965270521,0.0
0.0009440000000000001,21.96845115080241,0.0
0.0009445,21.966162887273057,0.0
0.000945,21.963874862092318,0.0
0.0009455,21.96158707523538,0.0
0.000946,21.9592995266774,0.0
0.0009465,21.957012216393558,0.0
0.000947,21.954725144359045,0.0
0.0009475,21.95243831054905,0.0
0.0009480000000000001,21.95015171493874,0.0
0.0009485,21.94786535750333,0.0
0.000949,21.945579238218006,0.0
0.0009495,21.943293357057946,0.0
0.00095,21.94100771399835,0.0
0.0009505000000000001,21.938722309014416,0.0
0.000951,21.936437142081356,0.0
0.0009515,21.93415221317436,0.0
0.000952,21.931867522268636,0.0
0.0009525,21.92958306933942,0.0
0.0009530000000000001,21.927298854361894,0.0
0.0009535,21.925014877311288,0.0
0.000954,21.92273113816282,0.0
0.0009545,21.920447636891705,0.0
0.000955,21.91816437347316,0.0
0.0009555,21.915881347882415,0.0
0.000956,21.913598560094705,0.0
0.0009565,21.911316010085248,0.0
0.0009570000000000001,21.909033697829283,0.0
0.0009575,21.906751623302046,0.0
0.000958,21.904469786478774,0.0
0.0009585,21.902188187334694,0.0
0.000959,21.899906825845072,0.0
0.0009595000000000001,21.897625701985135,0.0
0.00096,21.895344815730137,0.0
0.0009605,21.89306416705535,0.0
0.000961,21.890783755936,0.0
0.0009615,21.888503582347358,0.0
0.0009620000000000001,21.88622364626466,0.0
0.0009625,21.88394394766318,0.0
0.000963,21.881664486518186,0.0
0.0009635000000000001,21.879385262804945,0.0
0.000964,21.877106276498722,0.0
0.0009645,21.87482752757478,0.0
0.000965,21.87254901600842,0.0
0.0009655,21.870270741774878,0.0
0.0009660000000000001,21.86799270484947,0.0
0.0009665,21.865714905207465,0.0
0.000967,21.863437342824138,0.0
0.0009675,21.861160017674802,0.0
0.000968,21.858882929734722,0.0
0.0009685000000000001,21.85660607897919,0.0
0.000969,21.85432946538351,0.0
0.0009695,21.852053088922972,0.0
0.00097,21.84977694957287,0.0
0.0009705,21.847501047308537,0.0
0.000971,21.845225382105237,0.0
0.0009715,21.84294995393829,0.0
0.000972,21.840674762783024,0.0
0.0009725000000000001,21.838399808614742,0.0
0.000973,21.83612509140876,0.0
0.0009735,21.833850611140374,0.0
0.000974,21.831576367784933,0.0
0.0009745,21.829302361317747,0.0
0.0009750000000000001,21.827028591714164,0.0
0.0009755,21.824755058949496,0.0
0.000976,21.822481762999058,0.0
0.0009765,21.82020870383819,0.0
0.000977,21.817935881442214,0.0
0.0009775,21.815663295786496,0.0
0.000978,21.81339094684637,0.0
0.0009785,21.811118834597178,0.0
0.000979,21.808846959014286,0.0
0.0009795000000000001,21.80657532007302,0.0
0.00098,21.80430391774872,0.0
0.0009805,21.80203275201676,0.0
0.000981,21.799761822852485,0.0
0.0009815,21.797491130231265,0.0
0.000982,21.79522067412844,0.0
0.0009825,21.7929504545194,0.0
0.000983,21.79068047137949,0.0
0.0009835,21.788410724684095,0.0
0.000984,21.786141214408573,0.0
0.0009845,21.783871940528318,0.0
0.000985,21.78160290301869,0.0
0.0009855,21.77933410185508,0.0
0.0009860000000000001,21.77706553701285,0.0
0.0009865,21.774797208467398,0.0
0.000987,21.772529116194107,0.0
0.0009875,21.770261260168358,0.0
0.000988,21.767993640365567,0.0
0.0009885,21.76572625676113,0.0
0.000989,21.763459109330423,0.0
0.0009895,21.761192198048857,0.0
0.00099,21.75892552289182,0.0
0.0009905,21.756659083834737,0.0
0.0009910000000000001,21.754392880853004,0.0
0.0009915,21.752126913922027,0.0
0.000992,21.749861183017213,0.0
0.0009925000000000001,21.747595688113986,0.0
0.000993,21.745330429187778,0.0
0.0009935,21.743065406214004,0.0
0.000994,21.74080061916808,0.0
0.0009945,21.738536068025418,0.0
0.000995,21.736271752761457,0.0
0.0009955,21.734007673351652,0.0
0.000996,21.731743829771407,0.0
0.0009965,21.72948022199616,0.0
0.000997,21.72721685000137,0.0
0.0009975000000000001,21.724953713762453,0.0
0.000998,21.722690813254868,0.0
0.0009985,21.72042814845405,0.0
0.000999,21.718165719335442,0.0
0.0009995,21.715903525874506,0.0
0.001,21.713641568046697,0.0
0.0010005,21.71137984582747,0.0
0.001001,21.7091183591923,0.0
0.0010015,21.706857108116616,0.0
0.001002,21.70459609257591,0.0
0.0010025,21.70233531254562,0.0
0.001003,21.700074768001237,0.0
0.0010035,21.697814458918224,0.0
0.0010040000000000001,21.695554385272057,0.0
0.0010045,21.693294547038214,0.0
0.001005,21.69103494419217,0.0
0.0010055,21.688775576709418,0.0
0.001006,21.68651644456541,0.0
0.0010065,21.684257547735662,0.0
0.001007,21.681998886195657,0.0
0.0010075,21.679740459920893,0.0
0.001008,21.67748226888687,0.0
0.0010085,21.67522431306905,0.0
0.001009,21.67296659244296,0.0
0.0010095,21.670709106984113,0.0
0.00101,21.66845185666799,0.0
0.0010105000000000001,21.666194841470116,0.0
0.001011,21.663938061365986,0.0
0.0010115,21.661681516331114,0.0
0.001012,21.659425206341023,0.0
0.0010125,21.657169131371216,0.0
0.001013,21.654913291397246,0.0
0.0010135,21.65265768639461,0.0
0.001014,21.65040231633882,0.0
0.0010145,21.648147181205424,0.0
0.001015,21.645892280969942,0.0
0.0010155000000000001,21.643637615607933,0.0
0.001016,21.6413831850949,0.0
0.0010165,21.639128989406387,0.0
0.0010170000000000001,21.636875028517938,0.0
0.0010175,21.63462130240511,0.0
0.001018,21.632367811043448,0.0
0.0010185,21.63011455440846,0.0
0.001019,21.62786153247573,0.0
0.0010195,21.625608745220813,0.0
0.00102,21.623356192619266,0.0
0.0010205,21.621103874646636,0.0
0.001021,21.618851791278487,0.0
0.0010215,21.61659994249038,0.0
0.0010220000000000001,21.61434832825789,0.0
0.0010225,21.61209694855657,0.0
0.001023,21.609845803362,0.0
0.0010235,21.607594892649747,0.0
0.001024,21.6053442163954,0.0
0.0010245,21.60309377457453,0.0
0.001025,21.600843567162713,0.0
0.0010255,21.598593594135547,0.0
0.001026,21.5963438554686,0.0
0.0010265,21.594094351137468,0.0
0.001027,21.591845081117757,0.0
0.0010275,21.589596045385026,0.0
0.001028,21.587347243914913,0.0
0.0010285000000000001,21.585098676682993,0.0
0.001029,21.582850343664855,0.0
0.0010295,21.580602244836125,0.0
0.00103,21.578354380172406,0.0
0.0010305,21.576106749649306,0.0
0.001031,21.573859353242433,0.0
0.0010315,21.571612190927414,0.0
0.001032,21.56936526267985,0.0
0.0010325,21.567118568475372,0.0
0.001033,21.5648721082896,0.0
0.0010335,21.56262588209815,0.0
0.001034,21.560379889876643,0.0
0.0010345,21.55813413160072,0.0
0.0010350000000000001,21.555888607246004,0.0
0.0010355,21.553643316788147,0.0
0.001036,21.551398260202788,0.0
0.0010365,21.54915343746554,0.0
0.001037,21.546908848552054,0.0
0.0010375,21.544664493437974,0.0
0.001038,21.542420372098967,0.0
0.0010385,21.540176484510667,0.0
0.001039,21.53793283064872,0.0
0.0010395,21.535689410488796,0.0
0.0010400000000000001,21.533446224006546,0.0
0.0010405,21.531203271177613,0.0
0.001041,21.528960551977697,0.0
0.0010415,21.526718066382433,0.0
0.001042,21.52447581436749,0.0
0.0010425,21.52223379590855,0.0
0.001043,21.51999201098128,0.0
0.0010435,21.517750459561352,0.0
0.001044,21.51550914162445,0.0
0.0010445,21.513268057146234,0.0
0.001045,21.511027206102405,0.0
0.0010455,21.508786588468645,0.0
0.001046,21.50654620422064,0.0
0.0010465000000000001,21.504306053334094,0.0
0.001047,21.502066135784684,0.0
0.0010475,21.499826451548117,0.0
0.001048,21.497587000600088,0.0
0.0010485,21.495347782916287,0.0
0.001049,21.493108798472417,0.0
0.0010495,21.490870047244186,0.0
0.00105,21.488631529207325,0.0
0.0010505,21.486393244337506,0.0
0.001051,21.484155192610462,0.0
0.0010515,21.481917374001906,0.0
0.001052,21.479679788487555,0.0
0.0010525,21.477442436043148,0.0
0.0010530000000000001,21.475205316644374,0.0
0.0010535,21.47296843026698,0.0
0.001054,21.470731776886694,0.0
0.0010545,21.468495356479252,0.0
0.001055,21.46625916902037,0.0
0.0010555,21.464023214485785,0.0
0.001056,21.461787492851258,0.0
0.0010565,21.45955200409251,0.0
0.001057,21.457316748185303,0.0
0.0010575,21.455081725105362,0.0
0.0010580000000000001,21.452846934828436,0.0
0.0010585,21.45061237733029,0.0
0.001059,21.44837805258666,0.0
0.0010595000000000001,21.446143960573316,0.0
0.00106,21.44391010126602,0.0
0.0010605,21.44167647464051,0.0
0.001061,21.43944308067257,0.0
0.0010615,21.437209919337953,0.0
0.001062,21.434976990612448,0.0
0.0010625,21.432744294471814,0.0
0.001063,21.430511830891824,0.0
0.0010635,21.42827959984825,0.0
0.001064,21.42604760131689,0.0
0.0010645000000000001,21.423815835273505,0.0
0.001065,21.42158430169388,0.0
0.0010655,21.41935300055379,0.0
0.001066,21.41712193182904,0.0
0.0010665,21.41489109549542,0.0
0.001067,21.412660491528733,0.0
0.0010675,21.410430119904763,0.0
0.001068,21.40819998059932,0.0
0.0010685,21.40597007358821,0.0
0.001069,21.40374039884722,0.0
0.0010695,21.401510956352148,0.0
0.00107,21.399281746078817,0.0
0.0010705,21.397052768003054,0.0
0.0010710000000000001,21.394824022100643,0.0
0.0010715,21.392595508347416,0.0
0.001072,21.390367226719192,0.0
0.0010725,21.388139177191793,0.0
0.001073,21.38591135974102,0.0
0.0010735,21.38368377434274,0.0
0.001074,21.381456420972743,0.0
0.0010745,21.379229299606894,0.0
0.001075,21.377002410221014,0.0
0.0010755,21.37477575279094,0.0
0.001076,21.3725493272925,0.0
0.0010765,21.37032313370155,0.0
0.001077,21.368097171993924,0.0
0.0010775000000000001,21.365871442145483,0.0
0.001078,21.36364594413207,0.0
0.0010785,21.361420677929527,0.0
0.001079,21.35919564351371,0.0
0.0010795,21.356970840860487,0.0
0.00108,21.354746269945718,0.0
0.0010805,21.352521930745255,0.0
0.001081,21.35029782323497,0.0
0.0010815,21.34807394739072,0.0
0.001082,21.34585030318838,0.0
0.0010825000000000001,21.343626890603826,0.0
0.001083,21.341403709612926,0.0
0.0010835,21.339180760191564,0.0
0.0010840000000000001,21.336958042315604,0.0
0.0010845,21.33473555596094,0.0
0.001085,21.33251330110346,0.0
0.0010855,21.33029127771905,0.0
0.001086,21.328069485783576,0.0
0.0010865,21.325847925272967,0.0
0.001087,21.323626596163095,0.0
0.0010875,21.321405498429858,0.0
0.001088,21.319184632049165,0.0
0.0010885,21.3169639969969,0.0
0.0010890000000000001,21.314743593249,0.0
0.0010895,21.31252342078134,0.0
0.00109,21.310303479569853,0.0
0.0010905,21.30808376959044,0.0
0.001091,21.30586429081902,0.0
0.0010915,21.303645043231494,0.0
0.001092,21.301426026803792,0.0
0.0010925,21.299207241511834,0.0
0.001093,21.296988687331556,0.0
0.0010935,21.294770364238857,0.0
0.001094,21.29255227220971,0.0
0.0010945,21.290334411220023,0.0
0.001095,21.288116781245723,0.0
0.0010955000000000001,21.285899382262755,0.0
0.001096,21.28368221424705,0.0
0.0010965,21.28146527717455,0.0
0.001097,21.279248571021224,0.0
0.0010975,21.277032095762998,0.0
0.001098,21.274815851375838,0.0
0.0010985,21.272599837835678,0.0
0.001099,21.27038405511848,0.0
0.0010995,21.2681685032002,0.0
0.0011,21.26595318205679,0.0
0.0011005,21.263738091664244,0.0
0.001101,21.26152323199849,0.0
0.0011015,21.259308603035517,0.0
0.0011020000000000001,21.257094204751283,0.0
0.0011025,21.254880037121758,0.0
0.001103,21.25266610012293,0.0
0.0011035,21.250452393730768,0.0
0.001104,21.24823891792125,0.0
0.0011045,21.246025672670363,0.0
0.001105,21.24381265795409,0.0
0.0011055,21.24159987374841,0.0
0.001106,21.23938732002932,0.0
0.0011065,21.237174996772808,0.0
0.0011070000000000001,21.23496290395489,0.0
0.0011075,21.232751041551538,0.0
0.001108,21.230539409538753,0.0
0.0011085000000000001,21.22832800789255,0.0
0.001109,21.226116836588922,0.0
0.0011095,21.223905895603878,0.0
0.00111,21.221695184913443,0.0
0.0011105,21.219484704493624,0.0
0.001111,21.217274454320425,0.0
0.0011115,21.215064434369854,0.0
0.001112,21.21285464461796,0.0
0.0011125,21.210645085040742,0.0
0.001113,21.208435755614232,0.0
0.0011135000000000001,21.206226656314453,0.0
0.001114,21.204017787117444,0.0
0.0011145,21.201809147999228,0.0
0.001115,21.199600738935853,0.0
0.0011155,21.197392559903346,0.0
0.001116,21.19518461087774,0.0
0.0011165,21.192976891835105,0.0
0.001117,21.19076940275147,0.0
0.0011175,21.188562143602862,0.0
0.001118,21.18635511436535,0.0
0.0011185,21.18414831501499,0.0
0.001119,21.181941745527823,0.0
0.0011195,21.17973540587991,0.0
0.0011200000000000001,21.177529296047314,0.0
0.0011205,21.1753234160061,0.0
0.001121,21.173117765732332,0.0
0.0011215,21.170912345202055,0.0
0.001122,21.168707154391374,0.0
0.0011225,21.166502193276347,0.0
0.001123,21.164297461833044,0.0
0.0011235,21.162092960037544,0.0
0.001124,21.159888687865926,0.0
0.0011245,21.15768464529425,0.0
0.0011250000000000001,21.155480832298647,0.0
0.0011255,21.15327724885517,0.0
0.001126,21.151073894939916,0.0
0.0011265000000000001,21.148870770528998,0.0
0.001127,21.14666787559849,0.0
0.0011275,21.144465210124476,0.0
0.001128,21.14226277408308,0.0
0.0011285,21.140060567450412,0.0
0.001129,21.13785859020255,0.0
0.0011295,21.135656842315598,0.0
0.00113,21.133455323765673,0.0
0.0011305,21.131254034528894,0.0
0.001131,21.12905297458138,0.0
0.0011315000000000001,21.126852143899253,0.0
0.001132,21.12465154245863,0.0
0.0011325,21.12245117023561,0.0
0.0011330000000000001,21.12025102720634,0.0
0.0011335,21.118051113346922,0.0
0.001134,21.1158514286335,0.0
0.0011345,21.11365197304223,0.0
0.001135,21.111452746549208,0.0
0.0011355,21.10925374913059,0.0
0.001136,21.10705498076251,0.0
0.0011365,21.10485644142111,0.0
0.001137,21.102658131082546,0.0
0.0011375,21.100460049722955,0.0
0.0011380000000000001,21.09826219731848,0.0
0.0011385,21.09606457384529,0.0
0.001139,21.093867179279517,0.0
0.0011395,21.09167001359733,0.0
0.00114,21.089473076774887,0.0
0.0011405,21.08727636878835,0.0
0.001141,21.08507988961388,0.0
0.0011415,21.082883639227642,0.0
0.001142,21.080687617605815,0.0
0.0011425,21.078491824724566,0.0
0.001143,21.076296260560056,0.0
0.0011435,21.074100925088484,0.0
0.001144,21.071905818286012,0.0
0.0011445000000000001,21.06971094012882,0.0
0.001145,21.06751629059311,0.0
0.0011455,21.06532186965507,0.0
0.001146,21.063127677290876,0.0
0.0011465,21.060933713476704,0.0
0.001147,21.058739978188775,0.0
0.0011475,21.056546471403273,0.0
0.001148,21.054353193096397,0.0
0.0011485,21.05216014324435,0.0
0.001149,21.04996732182333,0.0
0.0011495000000000001,21.047774728809564,0.0
0.00115,21.04558236417924,0.0
0.0011505,21.043390227908578,0.0
0.0011510000000000001,21.041198319973795,0.0
0.0011515,21.039006640351083,0.0
0.001152,21.036815189016696,0.0
0.0011525,21.034623965946835,0.0
0.001153,21.032432971117725,0.0
0.0011535,21.03024220450559,0.0
0.001154,21.028051666086668,0.0
0.0011545,21.02586135583719,0.0
0.001155,21.023671273733378,0.0
0.0011555,21.02148141975148,0.0
0.0011560000000000001,21.019291793867723,0.0
0.0011565,21.017102396058355,0.0
0.001157,21.01491322629962,0.0
0.0011575000000000001,21.01272428456777,0.0
0.001158,21.01053557083903,0.0
0.0011585,21.008347085089675,0.0
0.001159,21.00615882729595,0.0
0.0011595,21.003970797434103,0.0
0.00116,21.001782995480415,0.0
0.0011605,20.999595421411126,0.0
0.001161,20.9974080752025,0.0
0.0011615,20.995220956830817,0.0
0.001162,20.99303406627232,0.0
0.0011625000000000001,20.990847403503295,0.0
0.001163,20.988660968500024,0.0
0.0011635,20.98647476123878,0.0
0.001164,20.984288781695824,0.0
0.0011645,20.982103029847462,0.0
0.001165,20.979917505669956,0.0
0.0011655,20.977732209139607,0.0
0.001166,20.9755471402327,0.0
0.0011665,20.973362298925508,0.0
0.001167,20.97117768519434,0.0
0.0011675,20.968993299015494,0.0
0.001168,20.96680914036524,0.0
0.0011685,20.9646252092199,0.0
0.0011690000000000001,20.962441505555795,0.0
0.0011695,20.960258029349212,0.0
0.00117,20.958074780576446,0.0
0.0011705,20.955891759213817,0.0
0.001171,20.953708965237634,0.0
0.0011715,20.95152639862423,0.0
0.001172,20.949344059349908,0.0
0.0011725,20.947161947390985,0.0
0.001173,20.944980062723804,0.0
0.0011735,20.942798405324666,0.0
0.0011740000000000001,20.940616975169906,0.0
0.0011745,20.938435772235866,0.0
0.001175,20.93625479649887,0.0
0.0011755000000000001,20.934074047935244,0.0
0.001176,20.931893526521332,0.0
0.0011765,20.92971323223346,0.0
0.001177,20.927533165048004,0.0
0.0011775,20.925353324941295,0.0
0.001178,20.923173711889664,0.0
0.0011785,20.920994325869476,0.0
0.001179,20.918815166857083,0.0
0.0011795,20.91663623482884,0.0
0.00118,20.91445752976109,0.0
0.0011805000000000001,20.912279051630204,0.0
0.001181,20.910100800412536,0.0
0.0011815,20.90792277608444,0.0
0.001182,20.90574497862232,0.0
0.0011825,20.903567408002502,0.0
0.001183,20.901390064201394,0.0
0.0011835,20.899212947195352,0.0
0.001184,20.89703605696077,0.0
0.0011845,20.894859393474015,0.0
0.001185,20.89268295671145,0.0
0.0011855,20.890506746649493,0.0
0.001186,20.888330763264506,0.0
0.0011865,20.886155006532892,0.0
0.0011870000000000001,20.883979476431023,0.0
0.0011875,20.881804172935304,0.0
0.001188,20.87962909602214,0.0
0.0011885,20.877454245667934,0.0
0.001189,20.875279621849064,0.0
0.0011895,20.87310522454195,0.0
0.00119,20.87093105372299,0.0
0.0011905,20.86875710936861,0.0
0.001191,20.866583391455197,0.0
0.0011915,20.864409899959178,0.0
0.001192,20.86223663485696,0.0
0.0011925,20.860063596124988,0.0
0.001193,20.857890783739663,0.0
0.0011935000000000001,20.855718197677394,0.0
0.001194,20.853545837914623,0.0
0.0011945,20.85137370442779,0.0
0.001195,20.849201797193295,0.0
0.0011955,20.847030116187604,0.0
0.001196,20.84485866138712,0.0
0.0011965,20.842687432768308,0.0
0.001197,20.84051643030761,0.0
0.0011975,20.838345653981442,0.0
0.001198,20.836175103766287,0.0
0.0011985000000000001,20.834004779638573,0.0
0.001199,20.83183468157475,0.0
0.0011995,20.82966480955126,0.0
0.0012000000000000001,20.827495163544583,0.0
0.0012005,20.825325743531156,0.0
0.001201,20.823156549487457,0.0
0.0012015,20.82098758138993,0.0
0.001202,20.818818839215044,0.0
0.0012025,20.816650322939278,0.0
0.001203,20.814482032539086,0.0
0.0012035,20.81231396799095,0.0
0.001204,20.81014612927135,0.0
0.0012045,20.807978516356734,0.0
0.0012050000000000001,20.805811129223617,0.0
0.0012055,20.803643967848473,0.0
0.001206,20.80147703220779,0.0
0.0012065,20.79931032227805,0.0
0.001207,20.79714383803574,0.0
0.0012075,20.79497757945735,0.0
0.001208,20.79281154651937,0.0
0.0012085,20.790645739198318,0.0
0.001209,20.78848015747067,0.0
0.0012095,20.78631480131295,0.0
0.00121,20.784149670701648,0.0
0.0012105,20.781984765613274,0.0
0.001211,20.779820086024326,0.0
0.0012115000000000001,20.777655631911337,0.0
0.001212,20.775491403250793,0.0
0.0012125,20.77332740001924,0.0
0.001213,20.771163622193185,0.0
0.0012135,20.769000069749143,0.0
0.001214,20.76683674266366,0.0
0.0012145,20.764673640913248,0.0
0.001215,20.762510764474417,0.0
0.0012155,20.760348113323733,0.0
0.001216,20.758185687437702,0.0
0.0012165000000000001,20.756023486792877,0.0
0.001217,20.75386151136579,0.0
0.0012175,20.751699761132976,0.0
0.0012180000000000001,20.749538236070986,0.0
0.0012185,20.747376936156364,0.0
0.001219,20.745215861365658,0.0
0.0012195,20.74305501167543,0.0
0.00122,20.740894387062223,0.0
0.0012205,20.738733987502588,0.0
0.001221,20.73657381297309,0.0
0.0012215,20.734413863450296,0.0
0.001222,20.732254138910736,0.0
0.0012225,20.73009463933102,0.0
0.0012230000000000001,20.727935364687674,0.0
0.0012235,20.72577631495729,0.0
0.001224,20.723617490116457,0.0
0.0012245000000000001,20.721458890141726,0.0
0.001225,20.71930051500968,0.0
0.0012255,20.717142364696915,0.0
0.001226,20.71498443917999,0.0
0.0012265,20.7128267384355,0.0
0.001227,20.71066926244003,0.0
0.0012275,20.70851201117017,0.0
0.001228,20.70635498460253,0.0
0.0012285,20.704198182713686,0.0
0.001229,20.702041605480254,0.0
0.0012295000000000001,20.6998852528788,0.0
0.00123,20.69772912488595,0.0
0.0012305,20.695573221478277,0.0
0.001231,20.693417542632435,0.0
0.0012315,20.691262088325008,0.0
0.001232,20.689106858532615,0.0
0.0012325,20.686951853231864,0.0
0.001233,20.684797072399366,0.0
0.0012335,20.682642516011754,0.0
0.001234,20.68048818404565,0.0
0.0012345,20.678334076477675,0.0
0.001235,20.676180193284445,0.0
0.0012355,20.674026534442596,0.0
0.0012360000000000001,20.671873099928757,0.0
0.0012365,20.669719889719556,0.0
0.001237,20.66756690379166,0.0
0.0012375,20.665414142121673,0.0
0.001238,20.663261604686234,0.0
0.0012385,20.66110929146202,0.0
0.001239,20.658957202425647,0.0
0.0012395,20.656805337553763,0.0
0.00124,20.654653696823026,0.0
0.0012405,20.65250228021009,0.0
0.0012410000000000001,20.650351087691618,0.0
0.0012415,20.648200119244283,0.0
0.001242,20.64604937484472,0.0
0.0012425000000000001,20.643898854469597,0.0
0.001243,20.641748558095575,0.0
0.0012435,20.639598485699324,0.0
0.001244,20.637448637257517,0.0
0.0012445,20.635299012746827,0.0
0.001245,20.63314961214394,0.0
0.0012455,20.6310004354255,0.0
0.001246,20.6288514825682,0.0
0.0012465,20.62670275354875,0.0
0.001247,20.624554248343813,0.0
0.0012475000000000001,20.62240596693008,0.0
0.001248,20.62025790928424,0.0
0.0012485,20.618110075382994,0.0
0.0012490000000000001,20.61596246520302,0.0
0.0012495,20.61381507872103,0.0
0.00125,20.611667915913703,0.0
0.0012505,20.60952097675776,0.0
0.001251,20.607374261229896,0.0
0.0012515,20.605227769306815,0.0
0.001252,20.60308150096524,0.0
0.0012525,20.60093545618188,0.0
0.001253,20.598789634933432,0.0
0.0012535,20.59664403719662,0.0
0.0012540000000000001,20.59449866294816,0.0
0.0012545,20.592353512164767,0.0
0.001255,20.59020858482319,0.0
0.0012555,20.588063880900126,0.0
0.001256,20.585919400372337,0.0
0.0012565,20.583775143216528,0.0
0.001257,20.581631109409432,0.0
0.0012575,20.579487298927784,0.0
0.001258,20.577343711748345,0.0
0.0012585,20.575200347847844,0.0
0.001259,20.573057207203014,0.0
0.0012595,20.57091428979061,0.0
0.00126,20.568771595587375,0.0
0.0012605000000000001,20.56662912457007,0.0
0.001261,20.56448687671544,0.0
0.0012615,20.562344852000233,0.0
0.001262,20.560203050401206,0.0
0.0012625,20.55806147189513,0.0
0.001263,20.555920116458765,0.0
0.0012635,20.553778984068867,0.0
0.001264,20.551638074702204,0.0
0.0012645,20.54949738833555,0.0
0.001265,20.547356924945678,0.0
0.0012655000000000001,20.545216684509366,0.0
0.001266,20.543076667003398,0.0
0.0012665,20.540936872404526,0.0
0.0012670000000000001,20.53879730068955,0.0
0.0012675,20.536657951835267,0.0
0.001268,20.534518825818438,0.0
0.0012685,20.532379922615856,0.0
0.001269,20.530241242204337,0.0
0.0012695,20.528102784560648,0.0
0.00127,20.52596454966159,0.0
0.0012705,20.523826537483984,0.0
0.001271,20.521688748004596,0.0
0.0012715,20.51955118120025,0.0
0.0012720000000000001,20.51741383704775,0.0
0.0012725,20.515276715523907,0.0
0.001273,20.513139816605527,0.0
0.0012735000000000001,20.511003140269413,0.0
0.001274,20.508866686492393,0.0
0.0012745,20.506730455251287,0.0
0.001275,20.5045944465229,0.0
0.0012755,20.50245866028409,0.0
0.001276,20.500323096511636,0.0
0.0012765,20.4981877551824,0.0
0.001277,20.496052636273188,0.0
0.0012775,20.493917739760846,0.0
0.001278,20.49178306562221,0.0
0.0012785000000000001,20.489648613834124,0.0
0.001279,20.487514384373412,0.0
0.0012795,20.485380377216913,0.0
0.00128,20.483246592341487,0.0
0.0012805,20.481113029723986,0.0
0.001281,20.478979689341234,0.0
0.0012815,20.47684657117009,0.0
0.001282,20.474713675187427,0.0
0.0012825,20.472581001370074,0.0
0.001283,20.4704485496949,0.0
0.0012835,20.468316320138786,0.0
0.001284,20.466184312678568,0.0
0.0012845,20.46405252729114,0.0
0.0012850000000000001,20.461920963953347,0.0
0.0012855,20.45978962264208,0.0
0.001286,20.457658503334187,0.0
0.0012865,20.455527606006573,0.0
0.001287,20.453396930636085,0.0
0.0012875,20.45126647719964,0.0
0.001288,20.44913624567409,0.0
0.0012885,20.447006236036326,0.0
0.001289,20.444876448263248,0.0
0.0012895,20.44274688233173,0.0
0.0012900000000000001,20.44061753821868,0.0
0.0012905,20.438488415900984,0.0
0.001291,20.43635951535555,0.0
0.0012915000000000001,20.434230836559273,0.0
0.001292,20.43210237948906,0.0
0.0012925,20.429974144121807,0.0
0.001293,20.42784613043443,0.0
0.0012935,20.425718338403808,0.0
0.001294,20.42359076800689,0.0
0.0012945,20.421463419220572,0.0
0.001295,20.41933629202178,0.0
0.0012955,20.41720938638741,0.0
0.001296,20.41508270229441,0.0
0.0012965000000000001,20.41295623971971,0.0
0.001297,20.41082999864021,0.0
0.0012975,20.40870397903286,0.0
0.0012980000000000001,20.406578180874583,0.0
0.0012985,20.40445260414232,0.0
0.001299,20.402327248812995,0.0
0.0012995,20.400202114863543,0.0
0.0013,20.39807720227091,0.0
0.0013005,20.39595251101205,0.0
0.001301,20.393828041063895,0.0
0.0013015,20.39170379240339,0.0
0.001302,20.389579765007507,0.0
0.0013025,20.38745595885318,0.0
0.0013030000000000001,20.38533237391735,0.0
0.0013035,20.383209010177016,0.0
0.001304,20.381085867609116,0.0
0.0013045,20.37896294619061,0.0
0.001305,20.37684024589847,0.0
0.0013055,20.37471776670966,0.0
0.001306,20.372595508601147,0.0
0.0013065,20.370473471549893,0.0
0.001307,20.36835165553288,0.0
0.0013075,20.366230060527094,0.0
0.0013080000000000001,20.364108686509507,0.0
0.0013085,20.36198753345709,0.0
0.001309,20.35986660134686,0.0
0.0013095000000000001,20.357745890155773,0.0
0.00131,20.355625399860827,0.0
0.0013105,20.35350513043902,0.0
0.001311,20.35138508186733,0.0
0.0013115,20.349265254122766,0.0
0.001312,20.34714564718232,0.0
0.0013125,20.34502626102299,0.0
0.001313,20.34290709562178,0.0
0.0013135,20.340788150955703,0.0
0.001314,20.33866942700177,0.0
0.0013145000000000001,20.336550923736972,0.0
0.001315,20.334432641138328,0.0
0.0013155,20.332314579182878,0.0
0.0013160000000000001,20.330196737847608,0.0
0.0013165,20.328079117109557,0.0
0.001317,20.325961716945727,0.0
0.0013175,20.32384453733317,0.0
0.001318,20.321727578248897,0.0
0.0013185,20.319610839669945,0.0
0.001319,20.317494321573346,0.0
0.0013195,20.31537802393612,0.0
0.00132,20.313261946735306,0.0
0.0013205,20.311146089947957,0.0
0.0013210000000000001,20.30903045355112,0.0
0.0013215,20.306915037521822,0.0
0.001322,20.304799841837113,0.0
0.0013225,20.30268486647404,0.0
0.001323,20.300570111409645,0.0
0.0013235,20.298455576621,0.0
0.001324,20.296341262085157,0.0
0.0013245,20.294227167779173,0.0
0.001325,20.292113293680103,0.0
0.0013255,20.28999963976501,0.0
0.001326,20.28788620601096,0.0
0.0013265,20.285772992395028,0.0
0.001327,20.283659998894276,0.0
0.0013275000000000001,20.28154722548578,0.0
0.001328,20.279434672146607,0.0
0.0013285,20.27732233885384,0.0
0.001329,20.275210225584573,0.0
0.0013295,20.273098332315868,0.0
0.00133,20.270986659024818,0.0
0.0013305,20.26887520568849,0.0
0.001331,20.266763972284007,0.0
0.0013315,20.264652958788453,0.0
0.001332,20.262542165178903,0.0
0.0013325000000000001,20.26043159143247,0.0
0.001333,20.25832123752626,0.0
0.0013335,20.25621110343736,0.0
0.0013340000000000001,20.254101189142872,0.0
0.0013345,20.251991494619908,0.0
0.001335,20.24988201984555,0.0
0.0013355,20.247772764796952,0.0
0.001336,20.245663729451206,0.0
0.0013365,20.243554913785417,0.0
0.001337,20.24144631777674,0.0
0.0013375,20.239337941402265,0.0
0.001338,20.237229784639098,0.0
0.0013385,20.235121847464388,0.0
0.0013390000000000001,20.233014129855274,0.0
0.0013395,20.230906631788862,0.0
0.00134,20.22879935324229,0.0
0.0013405000000000001,20.22669229419271,0.0
0.001341,20.224585454617234,0.0
0.0013415,20.222478834493014,0.0
0.001342,20.22037243379721,0.0
0.0013425,20.218266252506925,0.0
0.001343,20.21616029059933,0.0
0.0013435,20.21405454805156,0.0
0.001344,20.2119490248408,0.0
0.0013445,20.20984372094418,0.0
0.001345,20.20773863633883,0.0
0.0013455000000000001,20.205633771001953,0.0
0.001346,20.203529124910688,0.0
0.0013465,20.201424698042207,0.0
0.001347,20.199320490373665,0.0
0.0013475,20.197216501882238,0.0
0.001348,20.19511273254509,0.0
0.0013485,20.19300918233938,0.0
0.001349,20.19090585124231,0.0
0.0013495,20.188802739231033,0.0
0.00135,20.186699846282757,0.0
0.0013505,20.184597172374655,0.0
0.001351,20.182494717483905,0.0
0.0013515,20.180392481587674,0.0
0.0013520000000000001,20.17829046466317,0.0
0.0013525,20.17618866668762,0.0
0.001353,20.17408708763816,0.0
0.0013535,20.171985727492018,0.0
0.001354,20.16988458622638,0.0
0.0013545,20.167783663818472,0.0
0.001355,20.165682960245476,0.0
0.0013555,20.163582475484592,0.0
0.001356,20.161482209513018,0.0
0.0013565,20.159382162307992,0.0
0.0013570000000000001,20.157282333846734,0.0
0.0013575,20.15518272410644,0.0
0.001358,20.153083333064338,0.0
0.0013585000000000001,20.15098416069763,0.0
0.001359,20.14888520698354,0.0
0.0013595,20.14678647189932,0.0
0.00136,20.144687955422185,0.0
0.0013605,20.14258965752934,0.0
0.001361,20.14049157819803,0.0
0.0013615,20.138393717405513,0.0
0.001362,20.136296075129003,0.0
0.0013625,20.134198651345752,0.0
0.001363,20.132101446032987,0.0
0.0013635000000000001,20.130004459167957,0.0
0.001364,20.1279076907279,0.0
0.0013645,20.125811140690093,0.0
0.0013650000000000001,20.12371480903176,0.0
0.0013655,20.121618695730167,0.0
0.001366,20.119522800762557,0.0
0.0013665,20.117427124106204,0.0
0.001367,20.115331665738367,0.0
0.0013675,20.1132364256363,0.0
0.001368,20.111141403777268,0.0
0.0013685,20.109046600138534,0.0
0.001369,20.106952014697388,0.0
0.0013695,20.104857647431068,0.0
0.0013700000000000001,20.102763498316886,0.0
0.0013705,20.1006695673321,0.0
0.001371,20.09857585445399,0.0
0.0013715,20.096482359659852,0.0
0.001372,20.094389082926956,0.0
0.0013725,20.09229602423258,0.0
0.001373,20.09020318355402,0.0
0.0013735,20.08811056086857,0.0
0.001374,20.086018156153536,0.0
0.0013745,20.083925969386193,0.0
0.0013750000000000001,20.081834000543857,0.0
0.0013755,20.079742249603818,0.0
0.001376,20.077650716543374,0.0
0.0013765000000000001,20.07555940133984,0.0
0.001377,20.073468303970518,0.0
0.0013775,20.071377424412724,0.0
0.001378,20.06928676264377,0.0
0.0013785,20.067196318640974,0.0
0.001379,20.065106092381637,0.0
0.0013795,20.06301608384308,0.0
0.00138,20.06092629300264,0.0
0.0013805,20.058836719837625,0.0
0.001381,20.05674736432538,0.0
0.0013815000000000001,20.054658226443227,0.0
0.001382,20.052569306168483,0.0
0.0013825,20.0504806034785,0.0
0.0013830000000000001,20.04839211835063,0.0
0.0013835,20.046303850762182,0.0
0.001384,20.0442158006905,0.0
0.0013845,20.042127968112943,0.0
0.001385,20.040040353006844,0.0
0.0013855,20.037952955349557,0.0
0.001386,20.03586577511841,0.0
0.0013865,20.03377881229078,0.0
0.001387,20.031692066844023,0.0
0.0013875,20.029605538755476,0.0
0.0013880000000000001,20.027519228002525,0.0
0.0013885,20.025433134562498,0.0
0.001389,20.02334725841279,0.0
0.0013895000000000001,20.02126159953076,0.0
0.00139,20.01917615789377,0.0
0.0013905,20.017090933479185,0.0
0.001391,20.015005926264408,0.0
0.0013915,20.012921136226797,0.0
0.001392,20.010836563343734,0.0
0.0013925,20.008752207592586,0.0
0.001393,20.006668068950745,0.0
0.0013935,20.004584147395608,0.0
0.001394,20.002500442904534,0.0
0.0013945000000000001,20.000416955454952,0.0
0.001395,19.998333685024235,0.0
0.0013955,19.996250631589767,0.0
0.001396,19.99416779512897,0.0
0.0013965,19.992085175619227,0.0
0.001397,19.990002773037943,0.0
0.0013975,19.98792058736253,0.0
0.001398,19.985838618570394,0.0
0.0013985,19.983756866638927,0.0
0.001399,19.98167533154554,0.0
0.0013995000000000001,19.97959401326766,0.0
0.0014,19.97751291178271,0.0
0.0014005,19.9754320270681,0.0
0.0014010000000000001,19.973351359101255,0.0
0.0014015,19.971270907859598,0.0
0.001402,19.969190673320558,0.0
0.0014025,19.967110655461546,0.0
0.001403,19.965030854259997,0.0
0.0014035,19.96295126969335,0.0
0.001404,19.960871901739043,0.0
0.0014045,19.9587927503745,0.0
0.001405,19.95671381557719,0.0
0.0014055,19.954635097324523,0.0
0.0014060000000000001,19.95255659559396,0.0
0.0014065,19.950478310362946,0.0
0.001407,19.94840024160891,0.0
0.0014075000000000001,19.946322389309337,0.0
0.001408,19.944244753441662,0.0
0.0014085,19.942167333983342,0.0
0.001409,19.940090130911823,0.0
0.0014095,19.9380131442046,0.0
0.00141,19.935936373839116,0.0
0.0014105,19.933859819792833,0.0
0.001411,19.93178348204323,0.0
0.0014115,19.929707360567765,0.0
0.001412,19.927631455343906,0.0
0.0014125000000000001,19.92555576634915,0.0
0.001413,19.92348029356096,0.0
0.0014135,19.921405036956806,0.0
0.0014140000000000001,19.919329996514186,0.0
0.0014145,19.91725517221059,0.0
0.001415,19.915180564023487,0.0
0.0014155,19.913106171930377,0.0
0.001416,19.911031995908743,0.0
0.0014165,19.908958035936074,0.0
0.001417,19.906884291989893,0.0
0.0014175,19.904810764047667,0.0
0.001418,19.90273745208692,0.0
0.0014185,19.900664356085148,0.0
0.0014190000000000001,19.898591476019842,0.0
0.0014195,19.896518811868535,0.0
0.00142,19.894446363608715,0.0
0.0014205,19.89237413121792,0.0
0.001421,19.89030211467363,0.0
0.0014215,19.88823031395339,0.0
0.001422,19.886158729034708,0.0
0.0014225,19.884087359895105,0.0
0.001423,19.882016206512098,0.0
0.0014235,19.87994526886324,0.0
0.0014240000000000001,19.877874546926034,0.0
0.0014245,19.875804040678013,0.0
0.001425,19.87373375009673,0.0
0.0014255000000000001,19.871663675159706,0.0
0.001426,19.869593815844482,0.0
0.0014265,19.867524172128594,0.0
0.001427,19.865454743989588,0.0
0.0014275,19.863385531405008,0.0
0.001428,19.861316534352422,0.0
0.0014285,19.85924775280936,0.0
0.001429,19.857179186753356,0.0
0.0014295,19.855110836161998,0.0
0.00143,19.853042701012836,0.0
0.0014305000000000001,19.85097478128342,0.0
0.001431,19.848907076951317,0.0
0.0014315,19.84683958799408,0.0
0.0014320000000000001,19.844772314389285,0.0
0.0014325,19.842705256114503,0.0
0.001433,19.840638413147296,0.0
0.0014335,19.838571785465255,0.0
0.001434,19.83650537304594,0.0
0.0014345,19.834439175866923,0.0
0.001435,19.832373193905795,0.0
0.0014355,19.83030742714015,0.0
0.001436,19.828241875547537,0.0
0.0014365,19.82617653910558,0.0
0.0014370000000000001,19.824111417791844,0.0
0.0014375,19.822046511583945,0.0
0.001438,19.819981820459475,0.0
0.0014385000000000001,19.81791734439601,0.0
0.001439,19.81585308337115,0.0
0.0014395,19.8137890373625,0.0
0.00144,19.811725206347678,0.0
0.0014405,19.809661590304287,0.0
0.001441,19.807598189209926,0.0
0.0014415,19.80553500304221,0.0
0.001442,19.803472031778746,0.0
0.0014425,19.80140927539716,0.0
0.001443,19.79934673387507,0.0
0.0014435000000000001,19.79728440719008,0.0
0.001444,19.795222295319807,0.0
0.0014445,19.793160398241906,0.0
0.001445,19.791098715933984,0.0
0.0014455,19.789037248373656,0.0
0.001446,19.7869759955386,0.0
0.0014465,19.78491495740641,0.0
0.001447,19.782854133954732,0.0
0.0014475,19.78079352516121,0.0
0.001448,19.778733131003477,0.0
0.0014485000000000001,19.776672951459183,0.0
0.001449,19.77461298650598,0.0
0.0014495,19.77255323612151,0.0
0.0014500000000000001,19.770493700283428,0.0
0.0014505,19.768434378969364,0.0
0.001451,19.766375272157,0.0
0.0014515,19.76431637982398,0.0
0.001452,19.76225770194796,0.0
0.0014525,19.760199238506612,0.0
0.001453,19.758140989477575,0.0
0.0014535,19.756082954838558,0.0
0.001454,19.754025134567193,0.0
0.0014545,19.751967528641167,0.0
0.0014550000000000001,19.74991013703815,0.0
0.0014555,19.74785295973583,0.0
0.001456,19.74579599671187,0.0
0.0014565000000000001,19.743739247943953,0.0
0.001457,19.74168271340976,0.0
0.0014575,19.739626393086986,0.0
0.001458,19.737570286953314,0.0
0.0014585,19.735514394986442,0.0
0.001459,19.73345871716405,0.0
0.0014595,19.73140325346383,0.0
0.00146,19.729348003863482,0.0
0.0014605,19.727292968340713,0.0
0.001461,19.725238146873213,0.0
0.0014615000000000001,19.7231835394387,0.0
0.001462,19.721129146014864,0.0
0.0014625,19.719074966579416,0.0
0.001463,19.71702100111008,0.0
0.0014635,19.714967249584532,0.0
0.001464,19.712913711980526,0.0
0.0014645,19.710860388275783,0.0
0.001465,19.708807278448003,0.0
0.0014655,19.706754382474927,0.0
0.001466,19.70470170033426,0.0
0.0014665000000000001,19.70264923200374,0.0
0.001467,19.700596977461096,0.0
0.0014675,19.698544936684044,0.0
0.0014680000000000001,19.69649310965033,0.0
0.0014685,19.694441496337696,0.0
0.001469,19.692390096723873,0.0
0.0014695,19.690338910786604,0.0
0.00147,19.68828793850362,0.0
0.0014705,19.6862371798527,0.0
0.001471,19.68418663481157,0.0
0.0014715,19.68213630335796,0.0
0.001472,19.68008618546965,0.0
0.0014725,19.678036281124385,0.0
0.0014730000000000001,19.675986590299928,0.0
0.0014735,19.673937112974023,0.0
0.001474,19.671887849124452,0.0
0.0014745000000000001,19.66983879872897,0.0
0.001475,19.66778996176534,0.0
0.0014755,19.665741338211344,0.0
0.001476,19.66369292804472,0.0
0.0014765,19.66164473124329,0.0
0.001477,19.659596747784793,0.0
0.0014775,19.657548977647025,0.0
0.001478,19.65550142080775,0.0
0.0014785,19.65345407724476,0.0
0.001479,19.65140694693585,0.0
0.0014795000000000001,19.649360029858787,0.0
0.00148,19.64731332599138,0.0
0.0014805,19.64526683531141,0.0
0.0014810000000000001,19.643220557796663,0.0
0.0014815,19.641174493424927,0.0
0.001482,19.639128642174033,0.0
0.0014825,19.637083004021775,0.0
0.001483,19.635037578945944,0.0
0.0014835,19.63299236692435,0.0
0.001484,19.630947367934795,0.0
0.0014845,19.628902581955106,0.0
0.001485,19.626858008963065,0.0
0.0014855,19.624813648936527,0.0
0.0014860000000000001,19.622769501853277,0.0
0.0014865,19.620725567691167,0.0
0.001487,19.61868184642799,0.0
0.0014875,19.616638338041575,0.0
0.001488,19.61459504250976,0.0
0.0014885,19.61255195981036,0.0
0.001489,19.610509089921216,0.0
0.0014895,19.608466432820148,0.0
0.00149,19.606423988485012,0.0
0.0014905,19.604381756893623,0.0
0.0014910000000000001,19.602339738023815,0.0
0.0014915,19.600297931853476,0.0
0.001492,19.598256338360418,0.0
0.0014925000000000001,19.596214957522506,0.0
0.001493,19.594173789317566,0.0
0.0014935,19.59213283372347,0.0
0.001494,19.590092090718063,0.0
0.0014945,19.588051560279183,0.0
0.001495,19.5860112423847,0.0
0.0014955,19.583971137012508,0.0
0.001496,19.58193124414045,0.0
0.0014965,19.579891563746386,0.0
0.001497,19.577852095808176,0.0
0.0014975000000000001,19.5758128403037,0.0
0.001498,19.573773797210837,0.0
0.0014985,19.571734966507446,0.0
0.0014990000000000001,19.569696348171423,0.0
0.0014995,19.56765794218063,0.0
0.0015,19.56561974851297,0.0
0.0015005,19.563581767146307,0.0
0.001501,19.561543998058543,0.0
0.0015015,19.55950644122755,0.0
0.001502,19.557469096631223,0.0
0.0015025,19.555431964247457,0.0
0.001503,19.553395044054163,0.0
0.0015035,19.55135833602922,0.0
0.0015040000000000001,19.549321840150537,0.0
0.0015045,19.547285556396016,0.0
0.001505,19.54524948474356,0.0
0.0015055000000000001,19.543213625171077,0.0
0.001506,19.54117797765647,0.0
0.0015065,19.539142542177647,0.0
0.001507,19.537107318712536,0.0
0.0015075,19.535072307239055,0.0
0.001508,19.533037507735116,0.0
0.0015085,19.531002920178647,0.0
0.001509,19.528968544547567,0.0
0.0015095,19.526934380819785,0.0
0.00151,19.524900428973258,0.0
0.0015105000000000001,19.522866688985893,0.0
0.001511,19.52083316083563,0.0
0.0015115,19.518799844500396,0.0
0.001512,19.51676673995813,0.0
0.0015125,19.51473384718679,0.0
0.001513,19.51270116616431,0.0
0.0015135,19.5106686968686,0.0
0.001514,19.508636439277662,0.0
0.0015145,19.506604393369418,0.0
0.001515,19.504572559121822,0.0
0.0015155000000000001,19.50254093651282,0.0
0.001516,19.50050952552038,0.0
0.0015165,19.498478326122445,0.0
0.0015170000000000001,19.496447338296978,0.0
0.0015175,19.49441656202196,0.0
0.001518,19.49238599727533,0.0
0.0015185,19.49035564403506,0.0
0.001519,19.488325502279118,0.0
0.0015195,19.486295571985494,0.0
0.00152,19.484265853132136,0.0
0.0015205,19.48223634569704,0.0
0.001521,19.480207049658183,0.0
0.0015215,19.47817796499355,0.0
0.0015220000000000001,19.47614909168111,0.0
0.0015225,19.47412042969886,0.0
0.001523,19.47209197902477,0.0
0.0015235000000000001,19.470063739636835,0.0
0.001524,19.46803571151305,0.0
0.0015245,19.466007894631414,0.0
0.001525,19.463980288969932,0.0
0.0015255,19.46195289450659,0.0
0.001526,19.459925711219405,0.0
0.0015265,19.457898739086357,0.0
0.001527,19.455871978085472,0.0
0.0015275,19.453845428194736,0.0
0.001528,19.45181908939219,0.0
0.0015285000000000001,19.449792961655813,0.0
0.001529,19.447767044963648,0.0
0.0015295,19.445741339293697,0.0
0.0015300000000000001,19.44371584462398,0.0
0.0015305,19.441690560932525,0.0
0.001531,19.43966548819736,0.0
0.0015315,19.43764062639649,0.0
0.001532,19.435615975507964,0.0
0.0015325,19.43359153550981,0.0
0.001533,19.431567306380064,0.0
0.0015335,19.42954328809675,0.0
0.001534,19.42751948063791,0.0
0.0015345,19.425495883981572,0.0
0.0015350000000000001,19.423472498105813,0.0
0.0015355,19.421449322988657,0.0
0.001536,19.419426358608145,0.0
0.0015365,19.41740360494233,0.0
0.001537,19.415381061969278,0.0
0.0015375,19.41335872966704,0.0
0.001538,19.411336608013656,0.0
0.0015385,19.40931469698719,0.0
0.001539,19.407292996565715,0.0
0.0015395,19.40527150672728,0.0
0.0015400000000000001,19.40325022744995,0.0
0.0015405,19.4012291587118,0.0
0.001541,19.399208300490894,0.0
0.0015415000000000001,19.397187652765318,0.0
0.001542,19.39516721551313,0.0
0.0015425,19.393146988712402,0.0
0.001543,19.391126972341237,0.0
0.0015435,19.3891071663777,0.0
0.001544,19.387087570799878,0.0
0.0015445,19.38506818558587,0.0
0.001545,19.383049010713748,0.0
0.0015455,19.38103004616161,0.0
0.001546,19.379011291907545,0.0
0.0015465000000000001,19.37699274792965,0.0
0.001547,19.37497441420601,0.0
0.0015475,19.37295629071475,0.0
0.0015480000000000001,19.370938377433944,0.0
0.0015485,19.36892067434172,0.0
0.001549,19.366903181416184,0.0
0.0015495,19.364885898635425,0.0
0.00155,19.362868825977554,0.0
0.0015505,19.3608519634207,0.0
0.001551,19.358835310942975,0.0
0.0015515,19.3568188685225,0.0
0.001552,19.35480263613737,0.0
0.0015525,19.35278661376573,0.0
0.0015530000000000001,19.350770801385703,0.0
0.0015535,19.348755198975415,0.0
0.001554,19.346739806512993,0.0
0.0015545000000000001,19.344724623976575,0.0
0.001555,19.34270965134428,0.0
0.0015555,19.340694888594275,0.0
0.001556,19.338680335704677,0.0
0.0015565,19.33666599265363,0.0
0.001557,19.334651859419257,0.0
0.0015575,19.332637935979733,0.0
0.0015580000000000001,19.330624222313197,0.0
0.0015585,19.328610718397783,0.0
0.001559,19.32659742421165,0.0
0.0015595000000000001,19.32458433973298,0.0
0.00156,19.32257146493988,0.0
0.0015605,19.320558799810556,0.0
0.001561,19.31854634432315,0.0
0.0015615,19.31653409845582,0.0
0.001562,19.314522062186747,0.0
0.0015625,19.312510235494056,0.0
0.001563,19.310498618355968,0.0
0.0015635,19.308487210750645,0.0
0.001564,19.30647601265625,0.0
0.0015645000000000001,19.304465024050973,0.0
0.001565,19.302454244912973,0.0
0.0015655,19.300443675220443,0.0
0.0015660000000000001,19.29843331495155,0.0
0.0015665,19.296423164084512,0.0
0.001567,19.294413222597505,0.0
0.0015675,19.292403490468708,0.0
0.001568,19.290393967676323,0.0
0.0015685,19.288384654198545,0.0
0.001569,19.286375550013577,0.0
0.0015695,19.28436665509961,0.0
0.00157,19.282357969434855,0.0
0.0015705,19.28034949299751,0.0
0.0015710000000000001,19.27834122576577,0.0
0.0015715,19.276333167717876,0.0
0.001572,19.27432531883199,0.0
0.0015725000000000001,19.272317679086367,0.0
0.001573,19.270310248459218,0.0
0.0015735,19.26830302692876,0.0
0.001574,19.26629601447319,0.0
0.0015745,19.264289211070764,0.0
0.001575,19.26228261669968,0.0
0.0015755,19.260276231338178,0.0
0.001576,19.258270054964477,0.0
0.0015765,19.25626408755682,0.0
0.001577,19.254258329093442,0.0
0.0015775000000000001,19.252252779552567,0.0
0.001578,19.250247438912446,0.0
0.0015785,19.2482423071513,0.0
0.001579,19.246237384247383,0.0
0.0015795,19.244232670178942,0.0
0.00158,19.242228164924228,0.0
0.0015805,19.24022386846149,0.0
0.001581,19.238219780768976,0.0
0.0015815,19.23621590182495,0.0
0.001582,19.23421223160766,0.0
0.0015825000000000001,19.23220877009535,0.0
0.001583,19.230205517266313,0.0
0.0015835,19.228202473098783,0.0
0.0015840000000000001,19.226199637571042,0.0
0.0015845,19.224197010661342,0.0
0.001585,19.222194592347982,0.0
0.0015855,19.220192382609206,0.0
0.001586,19.21819038142331,0.0
0.0015865,19.21618858876856,0.0
0.001587,19.21418700462324,0.0
0.0015875,19.212185628965614,0.0
0.001588,19.21018446177398,0.0
0.0015885,19.208183503026625,0.0
0.0015890000000000001,19.206182752701828,0.0
0.0015895,19.204182210777894,0.0
0.00159,19.202181877233105,0.0
0.0015905000000000001,19.20018175204576,0.0
0.001591,19.19818183519416,0.0
0.0015915,19.196182126656613,0.0
0.001592,19.194182626411386,0.0
0.0015925,19.192183334436802,0.0
0.001593,19.190184250711173,0.0
0.0015935,19.188185375212814,0.0
0.001594,19.186186707920005,0.0
0.0015945,19.184188248811086,0.0
0.001595,19.182189997864374,0.0
0.0015955000000000001,19.18019195505818,0.0
0.001596,19.178194120370826,0.0
0.0015965,19.17619649378063,0.0
0.0015970000000000001,19.174199075265904,0.0
0.0015975,19.17220186480498,0.0
0.001598,19.170204862376192,0.0
0.0015985,19.168208067957885,0.0
0.001599,19.16621148152838,0.0
0.0015995,19.164215103065995,0.0
0.0016,19.162218932549102,0.0
0.0016005,19.16022296995603,0.0
0.001601,19.158227215265097,0.0
0.0016015,19.15623166845468,0.0
0.0016020000000000001,19.154236329503107,0.0
0.0016025,19.15224119838874,0.0
0.001603,19.150246275089927,0.0
0.0016035,19.14825155958501,0.0
0.001604,19.14625705185236,0.0
0.0016045,19.14426275187031,0.0
0.001605,19.142268659617258,0.0
0.0016055,19.140274775071546,0.0
0.001606,19.13828109821152,0.0
0.0016065,19.136287629015587,0.0
0.0016070000000000001,19.13429436746209,0.0
0.0016075,19.13230131352941,0.0
0.001608,19.1303084671959,0.0
0.0016085000000000001,19.128315828439973,0.0
0.001609,19.126323397239986,0.0
0.0016095,19.124331173574337,0.0
0.00161,19.122339157421393,0.0
0.0016105,19.120347348759534,0.0
0.001611,19.11835574756715,0.0
0.0016115,19.116364353822622,0.0
0.001612,19.11437316750435,0.0
0.0016125,19.112382188590754,0.0
0.001613,19.11039141706021,0.0
0.0016135000000000001,19.10840085289112,0.0
0.001614,19.10641049606188,0.0
0.0016145,19.10442034655089,0.0
0.0016150000000000001,19.10243040433655,0.0
0.0016155,19.100440669397283,0.0
0.001616,19.0984511417115,0.0
0.0016165,19.0964618212576,0.0
0.001617,19.094472708014003,0.0
0.0016175,19.092483801959126,0.0
0.001618,19.090495103071405,0.0
0.0016185,19.08850661132923,0.0
0.001619,19.08651832671105,0.0
0.0016195,19.08453024919528,0.0
0.0016200000000000001,19.082542378760333,0.0
0.0016205,19.080554715384658,0.0
0.001621,19.078567259046682,0.0
0.0016215000000000001,19.076580009724854,0.0
0.001622,19.0745929673976,0.0
0.0016225,19.07260613204334,0.0
0.001623,19.070619503640533,0.0
0.0016235,19.06863308216762,0.0
0.001624,19.066646867603065,0.0
0.0016245,19.064660859925294,0.0
0.0016250000000000001,19.062675059112767,0.0
0.0016255,19.060689465143923,0.0
0.001626,19.05870407799724,0.0
0.0016265000000000001,19.056718897651166,0.0
0.001627,19.054733924084157,0.0
0.0016275,19.052749157274675,0.0
0.001628,19.05076459720116,0.0
0.0016285,19.04878024384212,0.0
0.001629,19.04679609717599,0.0
0.0016295,19.044812157181266,0.0
0.00163,19.042828423836415,0.0
0.0016305,19.040844897119896,0.0
0.001631,19.038861577010206,0.0
0.0016315000000000001,19.036878463485824,0.0
0.001632,19.034895556525218,0.0
0.0016325,19.032912856106858,0.0
0.0016330000000000001,19.030930362209247,0.0
0.0016335,19.0289480748109,0.0
0.001634,19.026965993890283,0.0
0.0016345,19.024984119425884,0.0
0.001635,19.02300245139619,0.0
0.0016355,19.021020989779743,0.0
0.001636,19.019039734554998,0.0
0.0016365,19.01705868570047,0.0
0.001637,19.015077843194668,0.0
0.0016375,19.013097207016088,0.0
0.0016380000000000001,19.011116777143247,0.0
0.0016385,19.00913655355466,0.0
0.001639,19.00715653622884,0.0
0.0016395000000000001,19.0051767251443,0.0
0.00164,19.00319712027956,0.0
0.0016405,19.001217721613134,0.0
0.001641,18.999238529123538,0.0
0.0016415,18.997259542789312,0.0
0.001642,18.99528076258897,0.0
0.0016425,18.993302188501044,0.0
0.001643,18.99132382050407,0.0
0.0016435,18.98934565857658,0.0
0.001644,18.987367702697096,0.0
0.0016445000000000001,18.985389952844177,0.0
0.001645,18.98341240899634,0.0
0.0016455,18.981435071132154,0.0
0.0016460000000000001,18.97945793923015,0.0
0.0016465,18.977481013268875,0.0
0.001647,18.975504293226862,0.0
0.0016475,18.973527779082684,0.0
0.001648,18.97155147081489,0.0
0.0016485,18.96957536840203,0.0
0.001649,18.967599471822673,0.0
0.0016495000000000001,18.965623781055363,0.0
0.00165,18.963648296078677,0.0
0.0016505,18.961673016871153,0.0
0.0016510000000000001,18.95969794341139,0.0
0.0016515,18.95772307567795,0.0
0.001652,18.955748413649395,0.0
0.0016525,18.953773957304293,0.0
0.001653,18.951799706621227,0.0
0.0016535,18.949825661578775,0.0
0.001654,18.947851822155535,0.0
0.0016545,18.945878188330063,0.0
0.001655,18.94390476008097,0.0
0.0016555,18.941931537386818,0.0
0.0016560000000000001,18.939958520226206,0.0
0.0016565,18.937985708577724,0.0
0.001657,18.93601310241997,0.0
0.0016575000000000001,18.934040701731533,0.0
0.001658,18.93206850649101,0.0
0.0016585,18.93009651667701,0.0
0.001659,18.92812473226813,0.0
0.0016595,18.92615315324299,0.0
0.00166,18.924181779580167,0.0
0.0016605,18.922210611258286,0.0
0.001661,18.920239648255958,0.0
0.0016615,18.918268890551808,0.0
0.001662,18.916298338124427,0.0
0.0016625000000000001,18.914327990952458,0.0
0.001663,18.912357849014512,0.0
0.0016635,18.91038791228921,0.0
0.0016640000000000001,18.90841818075518,0.0
0.0016645,18.90644865439104,0.0
0.001665,18.90447933317541,0.0
0.0016655,18.902510217086938,0.0
0.001666,18.900541306104266,0.0
0.0016665,18.898572600206027,0.0
0.001667,18.896604099370855,0.0
0.0016675,18.894635803577373,0.0
0.001668,18.892667712804236,0.0
0.0016685,18.890699827030108,0.0
0.0016690000000000001,18.888732146233618,0.0
0.0016695,18.88676467039341,0.0
0.00167,18.884797399488143,0.0
0.0016705000000000001,18.882830333496468,0.0
0.001671,18.880863472397028,0.0
0.0016715,18.87889681616851,0.0
0.001672,18.87693036478957,0.0
0.0016725,18.874964118238843,0.0
0.001673,18.872998076495033,0.0
0.0016735,18.871032239536767,0.0
0.0016740000000000001,18.869066607342738,0.0
0.0016745,18.86710117989161,0.0
0.001675,18.86513595716206,0.0
0.0016755000000000001,18.863170939132758,0.0
0.001676,18.861206125782385,0.0
0.0016765,18.859241517089625,0.0
0.001677,18.85727711303317,0.0
0.0016775,18.85531291359168,0.0
0.001678,18.853348918743873,0.0
0.0016785,18.851385128468408,0.0
0.001679,18.849421542743997,0.0
0.0016795,18.84745816154933,0.0
0.00168,18.845494984863084,0.0
0.0016805000000000001,18.843532012663953,0.0
0.001681,18.841569244930675,0.0
0.0016815,18.839606681641943,0.0
0.0016820000000000001,18.83764432277644,0.0
0.0016825,18.835682168312886,0.0
0.001683,18.833720218229995,0.0
0.0016835,18.831758472506486,0.0
0.001684,18.829796931121045,0.0
0.0016845,18.827835594052406,0.0
0.001685,18.82587446127928,0.0
0.0016855,18.823913532780402,0.0
0.001686,18.82195280853448,0.0
0.0016865,18.819992288520236,0.0
0.0016870000000000001,18.8180319727164,0.0
0.0016875,18.81607186110171,0.0
0.001688,18.814111953654898,0.0
0.0016885000000000001,18.812152250354675,0.0
0.001689,18.8101927511798,0.0
0.0016895,18.808233456109015,0.0
0.00169,18.806274365121048,0.0
0.0016905,18.80431547819464,0.0
0.001691,18.80235679530854,0.0
0.0016915,18.8003983164415,0.0
0.001692,18.798440041572242,0.0
0.0016925,18.796481970679523,0.0
0.001693,18.79452410374214,0.0
0.0016935000000000001,18.792566440738813,0.0
0.001694,18.790608981648305,0.0
0.0016945,18.7886517264494,0.0
0.0016950000000000001,18.786694675120838,0.0
0.0016955,18.784737827641372,0.0
0.001696,18.782781183989783,0.0
0.0016965,18.78082474414484,0.0
0.001697,18.7788685080853,0.0
0.0016975,18.776912475789945,0.0
0.001698,18.774956647237573,0.0
0.0016985000000000001,18.773001022406945,0.0
0.001699,18.77104560127683,0.0
0.0016995,18.769090383826025,0.0
0.0017000000000000001,18.7671353700333,0.0
0.0017005,18.76518055987746,0.0
0.001701,18.76322595333728,0.0
0.0017015,18.76127155039156,0.0
0.001702,18.759317351019085,0.0
0.0017025,18.757363355198652,0.0
0.001703,18.755409562909076,0.0
0.0017035,18.753455974129132,0.0
0.001704,18.751502588837635,0.0
0.0017045,18.749549407013394,0.0
0.0017050000000000001,18.747596428635195,0.0
0.0017055,18.74564365368187,0.0
0.001706,18.743691082132223,0.0
0.0017065000000000001,18.741738713965066,0.0
0.001707,18.7397865491592,0.0
0.0017075,18.737834587693456,0.0
0.001708,18.73588282954666,0.0
0.0017085,18.733931274697614,0.0
0.001709,18.731979923125174,0.0
0.0017095,18.73002877480815,0.0
0.00171,18.728077829725372,0.0
0.0017105,18.72612708785564,0.0
0.001711,18.72417654917783,0.0
0.0017115000000000001,18.722226213670776,0.0
0.001712,18.72027608131328,0.0
0.0017125,18.718326152084202,0.0
0.0017130000000000001,18.7163764259624,0.0
0.0017135,18.714426902926697,0.0
0.001714,18.71247758295594,0.0
0.0017145,18.710528466028993,0.0
0.001715,18.70857955212469,0.0
0.0017155,18.706630841221884,0.0
0.001716,18.704682333299445,0.0
0.0017165000000000001,18.70273402833622,0.0
0.001717,18.700785926311063,0.0
0.0017175,18.698838027202854,0.0
0.0017180000000000001,18.696890330990442,0.0
0.0017185,18.694942837652693,0.0
0.001719,18.69299554716848,0.0
0.0017195,18.691048459516686,0.0
0.00172,18.68910157467617,0.0
0.0017205,18.6871548926258,0.0
0.001721,18.68520841334447,0.0
0.0017215,18.683262136811045,0.0
0.001722,18.68131606300439,0.0
0.0017225,18.679370191903427,0.0
0.0017230000000000001,18.67742452348702,0.0
0.0017235,18.67547905773406,0.0
0.001724,18.673533794623435,0.0
0.0017245000000000001,18.67158873413405,0.0
0.001725,18.66964387624479,0.0
0.0017255,18.66769922093456,0.0
0.001726,18.66575476818223,0.0
0.0017265,18.663810517966727,0.0
0.001727,18.66186647026697,0.0
0.0017275,18.65992262506183,0.0
0.001728,18.65797898233024,0.0
0.0017285,18.6560355420511,0.0
0.001729,18.65409230420332,0.0
0.0017295000000000001,18.65214926876583,0.0
0.00173,18.650206435717546,0.0
0.0017305,18.64826380503736,0.0
0.0017310000000000001,18.646321376704204,0.0
0.0017315,18.644379150697013,0.0
0.001732,18.642437126994697,0.0
0.0017325,18.6404953055762,0.0
0.001733,18.638553686420448,0.0
0.0017335,18.63661226950635,0.0
0.001734,18.634671054812863,0.0
0.0017345,18.632730042318926,0.0
0.001735,18.630789232003462,0.0
0.0017355,18.62884862384543,0.0
0.0017360000000000001,18.626908217823747,0.0
0.0017365,18.624968013917382,0.0
0.001737,18.62302801210527,0.0
0.0017375000000000001,18.62108821236638,0.0
0.001738,18.61914861467964,0.0
0.0017385,18.617209219024026,0.0
0.001739,18.61527002537847,0.0
0.0017395,18.613331033721956,0.0
0.00174,18.61139224403343,0.0
0.0017405,18.609453656291844,0.0
0.0017410000000000001,18.60751527047617,0.0
0.0017415,18.605577086565383,0.0
0.001742,18.603639104538445,0.0
0.0017425000000000001,18.601701324374332,0.0
0.001743,18.59976374605202,0.0
0.0017435,18.59782636955048,0.0
0.001744,18.595889194848702,0.0
0.0017445,18.593952221925647,0.0
0.001745,18.592015450760307,0.0
0.0017455,18.590078881331667,0.0
0.001746,18.588142513618713,0.0
0.0017465,18.586206347600417,0.0
0.001747,18.58427038325581,0.0
0.0017475000000000001,18.58233462056386,0.0
0.001748,18.58039905950354,0.0
0.0017485,18.5784637000539,0.0
0.0017490000000000001,18.57652854219391,0.0
0.0017495,18.574593585902573,0.0
0.00175,18.57265883115891,0.0
0.0017505,18.570724277941892,0.0
0.001751,18.568789926230558,0.0
0.0017515,18.5668557760039,0.0
0.001752,18.564921827240944,0.0
0.0017525,18.56298807992071,0.0
0.001753,18.561054534022205,0.0
0.0017535,18.559121189524447,0.0
0.0017540000000000001,18.55718804640647,0.0
0.0017545,18.55525510464728,0.0
0.001755,18.553322364225913,0.0
0.0017555000000000001,18.551389825121415,0.0
0.001756,18.54945748731279,0.0
0.0017565,18.547525350779082,0.0
0.001757,18.545593415499297,0.0
0.0017575,18.543661681452527,0.0
0.001758,18.541730148617788,0.0
0.0017585,18.53979881697411,0.0
0.001759,18.537867686500547,0.0
0.0017595,18.53593675717613,0.0
0.00176,18.534006028979924,0.0
0.0017605000000000001,18.532075501890983,0.0
0.001761,18.530145175888343,0.0
0.0017615,18.528215050951065,0.0
0.0017620000000000001,18.52628512705821,0.0
0.0017625,18.524355404188828,0.0
0.001763,18.522425882321983,0.0
0.0017635,18.52049656143675,0.0
0.001764,18.51856744151217,0.0
0.0017645,18.51663852252733,0.0
0.001765,18.514709804461297,0.0
0.0017655000000000001,18.512781287293134,0.0
0.001766,18.51085297100192,0.0
0.0017665,18.508924855566736,0.0
0.0017670000000000001,18.50699694096666,0.0
0.0017675,18.50506922718077,0.0
0.001768,18.503141714188153,0.0
0.0017685,18.5012144019679,0.0
0.001769,18.499287290499087,0.0
0.0017695,18.49736037976079,0.0
0.00177,18.495433669732115,0.0
0.0017705,18.493507160392166,0.0
0.001771,18.491580851720034,0.0
0.0017715,18.48965474369481,0.0
0.0017720000000000001,18.487728836295606,0.0
0.0017725,18.48580312950151,0.0
0.001773,18.483877623291637,0.0
0.0017735000000000001,18.4819523176451,0.0
0.001774,18.48002721254099,0.0
0.0017745,18.478102307958427,0.0
0.001775,18.476177603876522,0.0
0.0017755,18.474253100274403,0.0
0.001776,18.472328797131173,0.0
0.0017765,18.470404694425945,0.0
0.001777,18.468480792137857,0.0
0.0017775,18.46655709024603,0.0
0.001778,18.4646335887296,0.0
0.0017785000000000001,18.462710287567674,0.0
0.001779,18.46078718673938,0.0
0.0017795,18.458864286223886,0.0
0.0017800000000000001,18.456941586000294,0.0
0.0017805,18.455019086047752,0.0
0.001781,18.453096786345395,0.0
0.0017815,18.451174686872378,0.0
0.001782,18.449252787607833,0.0
0.0017825,18.44733108853092,0.0
0.001783,18.445409589620784,0.0
0.0017835,18.443488290856557,0.0
0.001784,18.441567192217402,0.0
0.0017845,18.43964629368248,0.0
0.0017850000000000001,18.437725595230944,0.0
0.0017855,18.43580509684196,0.0
0.001786,18.433884798494674,0.0
0.0017865000000000001,18.431964700168248,0.0
0.001787,18.43004480184186,0.0
0.0017875,18.42812510349468,0.0
0.001788,18.426205605105856,0.0
0.0017885,18.424286306654587,0.0
0.001789,18.42236720812004,0.0
0.0017895,18.42044830948138,0.0
0.0017900000000000001,18.41852961071779,0.0
0.0017905,18.416611111808464,0.0
0.001791,18.414692812732557,0.0
0.0017915000000000001,18.412774713469272,0.0
0.001792,18.41085681399781,0.0
0.0017925,18.408939114297358,0.0
0.001793,18.40702161434707,0.0
0.0017935,18.405104314126174,0.0
0.001794,18.403187213613858,0.0
0.0017945,18.401270312789308,0.0
0.001795,18.399353611631756,0.0
0.0017955,18.397437110120386,0.0
0.001796,18.39552080823439,0.0
0.0017965000000000001,18.39360470595299,0.0
0.001797,18.39168880325539,0.0
0.0017975,18.389773100120788,0.0
0.0017980000000000001,18.387857596528413,0.0
0.0017985,18.385942292457482,0.0
0.001799,18.384027187887206,0.0
0.0017995,18.38211228279681,0.0
0.0018,18.380197577165514,0.0
0.0018005,18.378283070972536,0.0
0.001801,18.37636876419711,0.0
0.0018015,18.374454656818465,0.0
0.001802,18.372540748815837,0.0
0.0018025,18.370627040168426,0.0
0.0018030000000000001,18.36871353085551,0.0
0.0018035,18.366800220856298,0.0
0.001804,18.364887110150047,0.0
0.0018045000000000001,18.362974198715985,0.0
0.001805,18.361061486533366,0.0
0.0018055,18.35914897358143,0.0
0.001806,18.357236659839433,0.0
0.0018065,18.355324545286614,0.0
0.001807,18.353412629902223,0.0
0.0018075,18.351500913665504,0.0
0.0018080000000000001,18.349589396555753,0.0
0.0018085,18.347678078552185,0.0
0.001809,18.345766959634105,0.0
0.0018095000000000001,18.343856039780743,0.0
0.00181,18.34194531897136,0.0
0.0018105,18.340034797185247,0.0
0.0018110000000000001,18.338124474401646,0.0
0.0018115,18.336214350599867,0.0
0.001812,18.33430442575916,0.0
0.0018125,18.33239469985881,0.0
0.001813,18.330485172878063,0.0
0.0018135,18.328575844796227,0.0
0.001814,18.326666715592584,0.0
0.0018145000000000001,18.324757785246433,0.0
0.001815,18.32284905373703,0.0
0.0018155,18.320940521043685,0.0
0.0018160000000000001,18.319032187145684,0.0
0.0018165,18.317124052022315,0.0
0.001817,18.31521611565288,0.0
0.0018175,18.313308378016664,0.0
0.001818,18.31140083909298,0.0
0.0018185,18.30949349886112,0.0
0.001819,18.307586357300405,0.0
0.0018195,18.305679414390113,0.0
0.00182,18.303772670109566,0.0
0.0018205,18.301866124438096,0.0
0.0018210000000000001,18.299959777354992,0.0
0.0018215,18.298053628839572,0.0
0.001822,18.296147678871154,0.0
0.0018225000000000001,18.29424192742907,0.0
0.001823,18.29233637449261,0.0
0.0018235,18.29043102004112,0.0
0.001824,18.28852586405392,0.0
0.0018245,18.286620906510336,0.0
0.001825,18.284716147389716,0.0
0.0018255,18.28281158667138,0.0
0.001826,18.280907224334648,0.0
0.0018265,18.279003060358875,0.0
0.001827,18.27709909472339,0.0
0.0018275000000000001,18.275195327407534,0.0
0.001828,18.273291758390652,0.0
0.0018285,18.271388387652088,0.0
0.0018290000000000001,18.269485215171198,0.0
0.0018295,18.267582240927307,0.0
0.00183,18.26567946489979,0.0
0.0018305,18.263776887068,0.0
0.001831,18.261874507411278,0.0
0.0018315,18.259972325908986,0.0
0.001832,18.25807034254049,0.0
0.0018325000000000001,18.256168557285143,0.0
0.001833,18.25426697012232,0.0
0.0018335,18.252365581031388,0.0
0.0018340000000000001,18.250464389991713,0.0
0.0018345,18.248563396982647,0.0
0.001835,18.246662601983594,0.0
0.0018355000000000001,18.244762004973907,0.0
0.001836,18.242861605932973,0.0
0.0018365,18.240961404840167,0.0
0.001837,18.23906140167488,0.0
0.0018375,18.237161596416474,0.0
0.001838,18.235261989044357,0.0
0.0018385,18.233362579537918,0.0
0.0018390000000000001,18.23146336787654,0.0
0.0018395,18.22956435403959,0.0
0.00184,18.2276655380065,0.0
0.0018405000000000001,18.22576691975665,0.0
0.001841,18.22386849926945,0.0
0.0018415,18.221970276524278,0.0
0.001842,18.220072251500557,0.0
0.0018425,18.21817442417766,0.0
0.001843,18.216276794535048,0.0
0.0018435,18.214379362552076,0.0
0.001844,18.2124821282082,0.0
0.0018445,18.2105850914828,0.0
0.001845,18.20868825235532,0.0
0.0018455000000000001,18.20679161080514,0.0
0.001846,18.204895166811728,0.0
0.0018465,18.202998920354467,0.0
0.0018470000000000001,18.2011028714128,0.0
0.0018475,18.199207019966163,0.0
0.001848,18.197311365993983,0.0
0.0018485,18.195415909475667,0.0
0.001849,18.193520650390667,0.0
0.0018495,18.191625588718406,0.0
0.00185,18.189730724438327,0.0
0.0018505,18.187836057529875,0.0
0.001851,18.185941587972483,0.0
0.0018515,18.1840473157456,0.0
0.0018520000000000001,18.18215324082867,0.0
0.0018525,18.180259363201138,0.0
0.001853,18.178365682842443,0.0
0.0018535000000000001,18.176472199732057,0.0
0.001854,18.174578913849437,0.0
0.0018545,18.172685825174028,0.0
0.001855,18.170792933685295,0.0
0.0018555,18.16890023936269,0.0
0.001856,18.167007742185675,0.0
0.0018565,18.16511544213371,0.0
0.0018570000000000001,18.163223339186285,0.0
0.0018575,18.16133143332287,0.0
0.001858,18.15943972452292,0.0
0.0018585000000000001,18.157548212765917,0.0
0.001859,18.155656898031324,0.0
0.0018595,18.153765780298627,0.0
0.00186,18.151874859547288,0.0
0.0018605,18.14998413575683,0.0
0.001861,18.14809360890671,0.0
0.0018615,18.146203278976422,0.0
0.001862,18.144313145945453,0.0
0.0018625,18.142423209793293,0.0
0.001863,18.140533470499427,0.0
0.0018635000000000001,18.13864392804335,0.0
0.001864,18.136754582404564,0.0
0.0018645,18.134865433562567,0.0
0.0018650000000000001,18.132976481496883,0.0
0.0018655,18.131087726186976,0.0
0.001866,18.129199167612377,0.0
0.0018665,18.127310805752593,0.0
0.001867,18.125422640587132,0.0
0.0018675,18.12353467209551,0.0
0.001868,18.12164690025723,0.0
0.0018685,18.119759325051806,0.0
0.001869,18.117871946458774,0.0
0.0018695,18.11598476445764,0.0
0.0018700000000000001,18.114097779027926,0.0
0.0018705,18.112210990149165,0.0
0.001871,18.11032439780088,0.0
0.0018715000000000001,18.10843800196259,0.0
0.001872,18.106551802613847,0.0
0.0018725,18.104665799734175,0.0
0.001873,18.102779993303102,0.0
0.0018735,18.100894383300187,0.0
0.001874,18.09900896970494,0.0
0.0018745,18.097123752496927,0.0
0.0018750000000000001,18.095238731655684,0.0
0.0018755,18.093353907160743,0.0
0.001876,18.091469278991685,0.0
0.0018765000000000001,18.089584847128034,0.0
0.001877,18.08770061154936,0.0
0.0018775,18.0858165722352,0.0
0.0018780000000000001,18.08393272916511,0.0
0.0018785,18.082049082318655,0.0
0.001879,18.080165631675413,0.0
0.0018795,18.078282377214922,0.0
0.00188,18.076399318916767,0.0
0.0018805,18.074516456760502,0.0
0.001881,18.072633790725714,0.0
0.0018815000000000001,18.070751320791956,0.0
0.001882,18.068869046938794,0.0
0.0018825,18.066986969145834,0.0
0.0018830000000000001,18.06510508739263,0.0
0.0018835,18.06322340165876,0.0
0.001884,18.061341911923837,0.0
0.0018845,18.059460618167403,0.0
0.001885,18.05757952036908,0.0
0.0018855,18.055698618508433,0.0
0.001886,18.053817912565066,0.0
0.0018865,18.051937402518572,0.0
0.001887,18.050057088348552,0.0
0.0018875,18.048176970034593,0.0
0.0018880000000000001,18.046297047556287,0.0
0.0018885,18.04441732089324,0.0
0.001889,18.042537790025072,0.0
0.0018895000000000001,18.04065845493138,0.0
0.00189,18.038779315591764,0.0
0.0018905,18.036900371985833,0.0
0.001891,18.035021624093208,0.0
0.0018915,18.0331430718935,0.0
0.001892,18.031264715366323,0.0
0.0018925,18.029386554491296,0.0
0.001893,18.02750858924805,0.0
0.0018935,18.025630819616197,0.0
0.001894,18.02375324557536,0.0
0.0018945000000000001,18.021875867105173,0.0
0.001895,18.019998684185264,0.0
0.0018955,18.018121696795266,0.0
0.0018960000000000001,18.016244904914803,0.0
0.0018965,18.014368308523498,0.0
0.001897,18.01249190760103,0.0
0.0018975,18.01061570212701,0.0
0.001898,18.008739692081075,0.0
0.0018985,18.006863877442875,0.0
0.001899,18.00498825819206,0.0
0.0018995000000000001,18.003112834308293,0.0
0.0019,18.0012376057712,0.0
0.0019005,17.999362572614686,1.0848841913032852e-07
0.0019010000000000001,17.997487738477343,1.7639278466914942e-06
0.0019015,17.99561311278823,5.4137638982646096e-06
0.001902,17.993738705496586,1.1057769633909852e-05
0.0019025000000000001,17.99186452654938,1.8695707530580202e-05
0.001903,17.9899905858914,2.8327329484473273e-05
0.0019035,17.988116893465083,3.995237681344782e-05
0.001904,17.986243459210545,5.357058025950355e-05
0.0019045,17.984370293065513,6.918165999129104e-05
0.001905,17.982497404965198,8.678532560672403e-05
0.0019055,17.980624804842343,0.00010638127613561022
0.0019060000000000001,17.978752502627096,0.00012796920004236987
0.0019065,17.976880508247007,0.00015154877522878242
0.001907,17.975008276458848,0.0
0.0019075000000000001,17.973135975330443,0.0
0.001908,17.971263869223453,0.0
0.0019085,17.969391958117573,0.0
0.001909,17.96752024199248,0.0
0.0019095,17.965648720827847,0.0
0.00191,17.963777394603387,0.0
0.0019105,17.961906359266194,3.9510048292181885e-05
0.001911,17.960035721234874,8.10103534809735e-05
0.0019115,17.958165490417787,0.0001245004877352744
0.001912,17.95629567672005,0.00016998001268486157
0.0019125000000000001,17.95442629004359,0.00021744847942381317
0.001913,17.952557340287,0.00026690542851397523
0.0019135,17.950688837345545,0.00031835038998850434
0.0019140000000000001,17.94882079111104,0.0003717828833554801
0.0019145,17.946953211471868,0.00042720241760155154
0.001915,17.945086108312918,0.00048460849119562674
0.0019155,17.943219491515492,0.0005440005920926454
0.001916,17.941353370957284,0.0006053781977373927
0.0019165,17.93948775651231,0.0006687407750683954
0.001917,17.93762034034763,0.0
0.0019175,17.93575193359713,0.0
0.001918,17.933883721462394,0.0
0.0019185,17.932015703923167,0.0
0.0019190000000000001,17.930147880959165,0.0
0.0019195,17.928280252550106,0.0
0.00192,17.926412818675747,0.0
0.0019205000000000001,17.924545772663095,7.925753518459096e-05
0.001921,17.92267932225751,0.00016050097992998497
0.0019215,17.92081347732442,0.00024372969546865506
0.001922,17.918948247725034,0.00032894303254012673
0.0019225,17.91708364331625,0.00041614033139552046
0.001923,17.915219673950606,0.000505320921802168
0.0019235,17.913356349476228,0.0005964841230482747
0.0019240000000000001,17.911493679736818,0.0006896292439476087
0.0019245,17.909631674571553,0.00078475558284428
0.001925,17.907770343815063,0.0008818624276175398
0.0019255000000000001,17.905909697297343,0.0009809490556866945
0.001926,17.90404974484374,0.0010820147340160201
0.0019265,17.902190496274898,0.0011850587191197402
0.0019270000000000001,17.900327959721857,0.0
0.0019275,17.898463437396057,0.0
0.001928,17.89659910928142,0.0
0.0019285,17.89473497535771,0.0
0.001929,17.892871035604724,0.0
0.0019295,17.891007290002214,0.0
0.00193,17.889143738529967,0.0
0.0019305000000000001,17.887280671646,0.0001189034360896445
0.001931,17.885418398163473,0.00023978844551514805
0.0019315,17.88355692790504,0.00036265417911163765
0.0019320000000000001,17.881696270688032,0.00048749977726737954
0.0019325,17.879836436324478,0.0006143243699294338
0.001933,17.877977434620952,0.0007431270766093602
0.0019335,17.87611927537863,0.000873907006389016
0.001934,17.87426196839316,0.0010066632579263438
0.0019345,17.87240552345465,0.0011413949194612688
0.001935,17.870549950347606,0.0012781010688216296
0.0019355,17.86869525885085,0.0014167807734291648
0.001936,17.86684145873752,0.001557433090305569
0.0019365,17.864988559775014,0.001700057066078581
0.0019370000000000001,17.86313096574846,0.0
0.0019375,17.861270317911785,0.0
0.001938,17.859409863882703,0.0
0.0019385000000000001,17.85754960364102,0.0
0.001939,17.85568953716656,0.0
0.0019395,17.853829664439136,0.0
0.00194,17.85196998543856,0.0
0.0019405,17.850110887505437,0.00015844793049535593
0.001941,17.848252780262225,0.0003188731091928395
0.0019415,17.846395673488857,0.0004812744770684077
0.001942,17.844539576958965,0.0006456509646971011
0.0019425,17.842684500439788,0.00081200149225982
0.001943,17.840830453692078,0.0009803249695501573
0.0019435000000000001,17.83897744647016,0.001150620295981277
0.001944,17.83712548852175,0.001322886360592836
0.0019445,17.835274589588003,0.0014971220420579964
0.0019450000000000001,17.833424759403435,0.0016733262086904475
0.0019455,17.831576007695844,0.0018514977184515102
0.001946,17.829728344186307,0.0020316354189572816
0.0019465,17.827881778589045,0.0022137381474858593
0.001947,17.826029182464733,0.0
0.0019475,17.824172399199878,0.0
0.001948,17.822315809340086,0.0
0.0019485000000000001,17.8204594128652,0.0
0.001949,17.818603209755064,0.0
0.0019495,17.816747199989564,0.0
0.0019500000000000001,17.81489138354854,0.0
0.0019505,17.813036244407208,0.00019789120546966898
0.001951,17.811182292739243,0.00039775534507849975
0.0019515000000000001,17.809329538282025,0.000599591150480433
0.001952,17.80747799076557,0.0008033973429743293
0.0019525,17.805627659912417,0.0010091726335118604
0.001953,17.803778555437653,0.0012169157227054487
0.0019535,17.80193068704882,0.0014266253008362506
0.001954,17.80008406444589,0.0016383000478621932
0.0019545,17.798238697321178,0.0018519386334260599
0.001955,17.79639459535932,0.002067539716863674
0.0019555,17.794551768237227,0.0022851019472120686
0.001956,17.792710225624006,0.002504623963217766
0.0019565,17.790869977180915,0.0027261043933450727
0.001957,17.78902244896605,0.0
0.0019575,17.787169520372522,0.0
0.001958,17.78531678478254,0.0
0.0019585,17.78346424217599,0.0
0.0019590000000000002,17.781611892532776,0.0
0.0019595,17.77975973583281,0.0
0.00196,17.77790777205598,0.0
0.0019605,17.776056581564518,0.00023723343207172808
0.001961,17.774206774825792,0.0004764354952717024
0.0019615,17.772358361534685,0.0007176047124680917
0.001962,17.770511351377696,0.000960739596219717
0.0019625,17.768665754032835,0.0012058386487850392
0.001963,17.766821579169573,0.001452900362131201
0.0019635,17.764978836448844,0.001701923217943121
0.001964,17.76313753552294,0.0019529056876326375
0.0019645,17.761297686035505,0.0022058462323476928
0.001965,17.759459297621415,0.002460743302981601
0.0019655000000000002,17.757622379906813,0.002717595340182347
0.001966,17.75578694250899,0.0029764007743619584
0.0019665,17.753952995036375,0.0032371580257059105
0.001967,17.75211059017087,0.0
0.0019675,17.750261506366382,0.0
0.001968,17.748412615164963,0.0
0.0019685,17.74656391654656,0.0
0.001969,17.744715410491093,0.0
0.0019695,17.742867096978504,0.0
0.00197,17.741018975988737,0.0
0.0019705,17.739171724023983,0.0002764747964324103
0.001971,17.737326051588067,0.0005549139320138353
0.0019715,17.735481968333566,0.0008353157213619507
0.0019720000000000002,17.733639483903545,0.0011176784688306843
0.0019725,17.73179860793158,0.0014020004685203241
0.001973,17.729959350041707,0.0016882800042876476
0.0019735,17.728121719848325,0.0019765153497561076
0.001974,17.726285726956213,0.0022667047683260933
0.0019745,17.724451380960407,0.0025588465131852122
0.001975,17.72261869144618,0.002852938827318668
0.0019755,17.720787667989033,0.0031489799435196635
0.001976,17.71895832015459,0.0034469680843998343
0.0019765,17.71713065749856,0.0037469014623997903
0.001977,17.71529343832024,0.0
0.0019775,17.713448189440005,0.0
0.001978,17.711603132763365,0.0
0.0019785000000000002,17.70975826827033,0.0
0.001979,17.707913595940877,0.0
0.0019795,17.706069115754964,0.0
0.00198,17.704224827692624,0.0
0.0019805,17.702381504149223,0.00031561547689804763
0.001981,17.70053995540851,0.0006331910119780682
0.0019815,17.69870019108076,0.0009527247121415578
0.0019820000000000003,17.69686222076576,0.0012742146740717815
0.0019825,17.695026054052814,0.0015976589842449126
0.001983,17.693191700520565,0.0019230557189413074
0.0019835,17.69135916973703,0.0022504029442568002
0.001984,17.689528471259575,0.0025796987161140297
0.0019845,17.687699614634766,0.0029109410802738564
0.0019850000000000002,17.685872609398416,0.0032441280723468154
0.0019855,17.684047465075505,0.003579257717804616
0.001986,17.682224191180083,0.003916328031991677
0.0019865,17.680402797215304,0.004255337020136781
0.001987,17.678570826402737,0.0
0.0019875,17.676729402599328,0.0
0.001988,17.674888170601108,0.0
0.0019885000000000002,17.673047130388092,0.0
0.001989,17.671206281940314,0.0
0.0019895,17.669365625237788,0.0
0.00199,17.66752516026056,0.0
0.0019905,17.66568575505105,0.00035465565102009184
0.001991,17.66384831941661,0.0007112670902478743
0.0019915,17.66201286292538,0.0010698322174020583
0.001992,17.660179395134005,0.0014303489220284609
0.0019925,17.65834792558752,0.0017928150835123148
0.001993,17.656518463819356,0.0021572285710905856
0.0019935,17.65469101935128,0.0025235872438643813
0.001994,17.652865601693335,0.0028918889508113793
0.0019945,17.65104222034378,0.003262131530798322
0.0019950000000000002,17.64922088478905,0.0036343128125935825
0.0019955,17.647401604503766,0.004008430614879741
0.001996,17.645584388950564,0.004384482746266219
0.0019965,17.643769247580142,0.004762467005302044
0.001997,17.641942580194392,0.0
0.0019975,17.64010497163855,0.0
0.001998,17.638267554490497,0.0
0.0019985,17.63643032873029,0.0
0.001999,17.634593294338,0.0
0.0019995,17.63275645129369,0.0
0.002,17.630919799577434,0.0
0.0020005,17.629084302632894,0.0003935955040178156
0.002001,17.62725096953531,0.0007891425372415666
0.0020015000000000002,17.62541980981081,0.0011866387927395503
0.002002,17.623590832972937,0.0015860819534524327
0.0020025,17.62176404852264,0.001987469692206664
0.002003,17.61993946594825,0.0023907996717278663
0.0020035,17.618117094725385,0.0027960695446543104
0.002004,17.616296944316897,0.0032032769535504857
0.0020045,17.614479024172844,0.0036124195309206733
0.002005,17.612663343730446,0.004023494899222589
0.0020055,17.610849912414032,0.004436500670881071
0.002006,17.60903873963499,0.004851434448301819
0.0020065,17.607229834791724,0.005268293823885182
0.002007,17.605408540349615,0.0
0.0020075,17.603574737228694,0.0
0.0020080000000000002,17.60174112511918,0.0
0.0020085,17.599907704001176,0.0
0.002009,17.598074473854783,0.0
0.0020095,17.59624143466012,0.0
0.00201,17.5944085863973,0.0
0.0020105,17.592576987665844,0.0004324352052930005
0.002011,17.59074774655358,0.000866817691744138
0.0020115,17.58892087254468,0.0013031449463028163
0.002012,17.58709637510976,0.0017414144458359404
0.0020125,17.5852742637058,0.0021816236571424153
0.002013,17.583454547776114,0.002623770036967634
0.0020135,17.58163723675027,0.003067851032018077
0.002014,17.57982234004409,0.0035138640789759376
0.0020145000000000002,17.578009867059553,0.003961806604513784
0.002015,17.576199827184773,0.004411676025309295
0.0020155,17.574392229793943,0.004863469748060047
0.002016,17.5725870842473,0.005317185169498364
0.0020165,17.57078439989106,0.005772819676406151
0.002017,17.568968532786716,0.0
0.0020175,17.567138525306177,0.0
0.002018,17.56530870844168,0.0
0.0020185,17.56347908217338,0.0
0.002019,17.56164964648143,0.0
0.0020195,17.559820401345963,0.0
0.00202,17.557991346747137,0.0
0.0020205,17.556163636195414,0.00047117493991373423
0.0020210000000000002,17.554338476536387,0.0009442929238715704
0.0020215,17.55251587721241,0.0014193512332345058
0.002022,17.550695847651244,0.001896347139326084
0.0020225,17.548878397266,0.0023752779034479457
0.002023,17.5470635354551,0.002856140776895434
0.0020235,17.545251271602215,0.0033389330009732615
0.002024,17.543441615076205,0.0038236518070112195
0.0020245000000000003,17.54163457523111,0.00431029441637996
0.002025,17.53983016140608,0.004798858040506776
0.0020255,17.53802838292531,0.005289339880891497
0.002026,17.536229249098014,0.005781737129122379
0.0020265,17.53443276921836,0.00627604696689212
0.002027,17.532622392965788,0.0
0.0020275000000000002,17.530796171348232,0.0
0.002028,17.52897013995238,0.0
0.0020285,17.527144298758436,0.0
0.002029,17.52531864774658,0.0
0.0020295,17.523493186896975,0.0
0.00203,17.521667916189852,0.0
0.0020305,17.519844083802127,0.0005098148828039974
0.0020310000000000003,17.518022995082717,0.001021568583452643
0.0020315,17.51620465943227,0.0015352581782481466
0.002032,17.51438908623582,0.0020508807335001497
0.0020325,17.512576284862725,0.002568433305542387
0.002033,17.51076626466664,0.003087912940749373
0.0020335,17.508959034985413,0.003609316675553154
0.0020340000000000002,17.50715460514114,0.004132641536460115
0.0020345,17.50535298443999,0.004657884540067809
0.002035,17.503554182172277,0.005185042693081864
0.0020355,17.501758207612323,0.0057141129923329445
0.002036,17.499965070018458,0.006245092424793726
0.0020365,17.49817477863297,0.006777977967595964
0.002037,17.49636995356598,0.0
0.0020375000000000002,17.494547508051465,0.0
0.002038,17.49272525236532,0.0
0.0020385,17.49090318648778,0.0
0.002039,17.489081310399094,0.0
0.0020395,17.487259624079474,0.0
0.00204,17.485438127509173,0.0
0.0020405,17.483618163287524,0.0005483552118442319
0.002041,17.481801135012848,0.0010986450262288176
0.0020415,17.479987052044184,0.001650866314925792
0.002042,17.47817592372395,0.002205015939759426
0.0020425,17.476367759377847,0.00276109075262396
0.002043,17.474562568314873,0.003319087595501373
0.0020435,17.472760359827223,0.003879003300479222
0.0020440000000000002,17.47096114319027,0.0044408346897685
0.0020445,17.469164927662515,0.005004578575721584
0.002045,17.467371722485524,0.005570231760850192
0.0020455,17.46558153688388,0.006137791037843447
0.002046,17.463794380065153,0.006707253189585958
0.0020465,17.462010261219863,0.007278614989175918
0.002047,17.46021104445767,0.0
0.0020475,17.458392365303933,0.0
0.002048,17.456573875586265,0.0
0.0020485,17.454755575284945,0.0
0.002049,17.452937464380245,0.0
0.0020495,17.451119542852418,0.0
0.00205,17.449301810681764,1.1716209287880745e-05
0.0020505000000000002,17.447485763224424,0.0005985122866529268
0.002051,17.445672843490232,0.0011872386998156934
0.0020515,17.443863060796414,0.0017778921165527127
0.002052,17.44205642444257,0.0023704691947377655
0.0020525,17.440252943710576,0.0029649665823606717
0.002053,17.438452627864557,0.003561380917546159
0.0020535,17.436655486150826,0.0041597088285727874
0.002054,17.434861527797917,0.004759946933891884
0.0020545,17.433070762016406,0.005362091842146532
0.002055,17.431283197998937,0.005966140152190682
0.0020555,17.429498844920193,0.006572088453108231
0.002056,17.42771771193683,0.0071799333242321605
0.0020565,17.425939808187366,0.0077896713351637914
0.0020570000000000002,17.42414631042021,0.0
0.0020575,17.422331387817838,0.0
0.002058,17.420516654260272,0.0
0.0020585,17.418702109727793,0.0
0.002059,17.416887754200737,0.0
0.0020595,17.415073587659396,0.0
0.00206,17.413259610084104,1.2483066217364447e-05
0.0020605,17.411447414598616,0.0006376199191856001
0.002061,17.40963853811893,0.001264682910394364
0.0020615,17.407832989920887,0.0018936685041494935
0.002062,17.40603077926164,0.002524573154898632
0.0020625,17.404231915379647,0.003157393307251153
0.002063,17.402436407494577,0.003792125395998058
0.0020635000000000002,17.400644264807323,0.004428765846131965
0.002064,17.39885549649989,0.005067311072867169
0.0020645,17.3970701117354,0.005707757481659704
0.002065,17.395288119658,0.006350101468227487
0.0020655,17.393509529392873,0.006994339418570505
0.002066,17.39173435004615,0.007640467708991023
0.0020665,17.389962590704837,0.00828848270611391
0.002067,17.388174825213248,0.0
0.0020675,17.38636364944936,0.0
0.002068,17.38455266233998,0.0
0.0020685,17.38274186386545,0.0
0.002069,17.380931254006146,0.0
0.0020695,17.379120832742398,0.0
0.0020700000000000002,17.377310600054585,1.3247940364671857e-05
0.0020705,17.375502246581284,0.0006766264351817271
0.002071,17.373697402901882,0.0013419268815353163
0.0020715,17.371896078250906,0.0020091455407866632
0.002072,17.370098281843184,0.0026782786644832836
0.0020725,17.368304022873883,0.003349322494379932
0.002073,17.366513310518332,0.004022273262459606
0.0020735000000000003,17.364726153932057,0.004697127190954634
0.002074,17.362942562250726,0.005373880492367779
0.0020745,17.361162544590105,0.006052529369493362
0.002075,17.359386110045985,0.006733070015438503
0.0020755,17.35761326769416,0.007415498613644357
0.002076,17.35584402659038,0.008099811337907437
0.0020765000000000002,17.354078395770276,0.008786004352400954
0.002077,17.352296430691453,0.0
0.0020775,17.350488992069582,0.0
0.002078,17.348681741712944,0.0
0.0020785,17.34687467960194,0.0
0.002079,17.345067805716972,0.0
0.0020795,17.34326112003842,0.0
0.0020800000000000003,17.341454622546685,1.4010835092501804e-05
0.0020805,17.339650101142826,0.0007155320061298529
0.002081,17.3378492798272,0.0014189709528345366
0.0020815,17.336052167793166,0.0021243237341483545
0.002082,17.33425877421335,0.0028315863992437462
0.0020825,17.332469108239675,0.003540754987545841
0.002083,17.330683179003266,0.004251825528754503
0.0020835,17.328900995614436,0.004964794042866479
0.002084,17.327122567162625,0.005679656540197574
0.0020845,17.325347902716352,0.006396409021404871
0.002085,17.32357701132316,0.007115047477509032
0.0020855,17.321809902009598,0.007835567889916607
0.002086,17.320046583781178,0.008557966230442396
0.0020865000000000002,17.318287065622265,0.009282238461331884
0.002087,17.316510955798982,0.0
0.0020875,17.314707244640477,0.0
0.002088,17.312903721358946,0.0
0.0020885,17.311100385934843,0.0
0.002089,17.3092972383486,0.0
0.0020895,17.30749427858064,0.0
0.00209,17.305691506611403,0.0
0.0020905,17.303890733497557,0.0007395651019798875
0.002091,17.302093850281548,0.0014810438931376732
0.0020915,17.300300866116014,0.002224432230511192
0.002092,17.29851179013189,0.0029697259614127336
0.0020925,17.29672663143838,0.0037169209234521636
0.0020930000000000002,17.294945399122934,0.0044660129445600275
0.0020935,17.29316810225112,0.005216997843010788
0.002094,17.291394749866654,0.005969871427446067
0.0020945,17.28962535099135,0.006724629496897913
0.002095,17.287859914625027,0.007481267840812178
0.0020955,17.28609844974552,0.00823978223907189
0.002096,17.284340965308544,0.009000168462020706
0.0020965,17.282587470247798,0.009762422270486406
0.002097,17.280817213560653,0.0
0.0020975,17.27901722031053,0.0
0.002098,17.27721741455013,0.0
0.0020985,17.275417796259912,0.0
0.002099,17.273618365420383,0.0
0.0020995000000000002,17.271819122011994,0.0
0.0021,17.27002006601524,0.0
0.0021005,17.26822310145401,0.0007775114745086452
0.002101,17.266430216106006,0.0015569324878542002
0.0021015,17.264641419082892,0.00233825869569642
0.002102,17.26285671947365,0.003121485744013619
0.0021025,17.261076126344538,0.003906609269126832
0.002103,17.259299648738995,0.004693624897724013
0.0021035,17.25752729567765,0.005482528246884332
0.002104,17.255759076158242,0.006273314924102475
0.0021045,17.25399499915558,0.0070659805273130165
0.002105,17.252235073621527,0.007860520644914803
0.0021055,17.250479308484934,0.008656930855795433
0.0021060000000000002,17.248727712651593,0.009455206729355738
0.0021065,17.246980295004185,0.010255343825534339
0.002107,17.245216011361165,0.0
0.0021075,17.243419726380317,0.0
0.002108,17.24162362850294,0.0
0.0021085,17.239827717709538,0.0
0.002109,17.23803199398063,0.0
0.0021095,17.23623645729674,0.0
0.00211,17.234441107638364,0.0
0.0021105,17.23264794175564,0.0008153594668013764
0.002111,17.230859043910698,0.0016326243328589195
0.0021115,17.229074423174378,0.0024517900529763886
0.002112,17.227294088593787,0.003272852072320082
0.0021125000000000002,17.22551804919231,0.004095805826444077
0.002113,17.22374631396954,0.004920646741315504
0.0021135,17.221978891901255,0.005747370233339864
0.002114,17.220215791939346,0.006575971709386415
0.0021145,17.21845702301179,0.007406446566813576
0.002115,17.216702594022575,0.008238790193494433
0.0021155,17.214952513851706,0.009072997967842234
0.0021160000000000003,17.213206791355134,0.00990906525883596
0.0021165,17.21146543536469,0.010746987426045912
0.002117,17.20970718071705,0.0
0.0021175,17.207914594383926,0.0
0.002118,17.20612219476903,0.0
0.0021185,17.204329981852897,0.0
0.0021190000000000002,17.202537955616094,0.0
0.0021195,17.200746116039152,0.0
0.00212,17.198954463102623,0.0
0.0021205,17.197165086042286,0.0008531092579744811
0.002121,17.195380165354386,0.0017081197863649971
0.0021215,17.19359971006899,0.002565026839640465
0.002122,17.191823729191473,0.0034238256626761975
0.0021225000000000003,17.19005223170245,0.004284511490780242
0.002123,17.188285226557788,0.005147079549719688
0.0021235,17.18652272268854,0.006011525055747034
0.002124,17.18476472900084,0.006877843215626652
0.0021245,17.183011254375945,0.007746029226661264
0.002125,17.181262307670124,0.008616078276718465
0.0021255000000000002,17.179517897714653,0.00948798554425732
0.002126,17.177778033315764,0.010361746198354971
0.0021265,17.176042723254582,0.011237355398733285
0.002127,17.17429056333117,0.0
0.0021275,17.17250166604073,0.0
0.002128,17.17071295508426,0.0
0.0021285,17.168924430442328,0.0
0.0021290000000000002,17.167136092095536,0.0
0.0021295,17.165347940024485,0.0
0.00213,17.163559974209768,0.0
0.0021305,17.161774376132584,0.0008907610163152348
0.002131,17.15999342227338,0.001783419184928625
0.0021315,17.15821712162159,0.0026779695604944856
0.002132,17.156445483140956,0.0035744071881172925
0.0021325,17.154678515769458,0.004472727103379052
0.002133,17.152916228419326,0.005372924332366717
0.0021335,17.15115862997697,0.006274993891699577
0.002134,17.149405729302938,0.007178930788556773
0.0021345,17.147657535231858,0.008084730020704853
0.002135,17.14591405657242,0.008992386576525343
0.0021355000000000002,17.144175302107293,0.009901895435042355
0.002136,17.142441280593136,0.01081325156595033
0.0021365,17.140712000760495,0.011726449929641678
0.002137,17.138965988201292,0.0
0.0021375,17.137180770366303,0.0
0.002138,17.13539573848201,0.0
0.0021385,17.13361089252904,0.0
0.002139,17.13182623248803,0.0
0.0021395,17.13004175833964,0.0
0.00214,17.12825747006447,0.0
0.0021405,17.126475641149455,0.0009283149236177599
0.002141,17.12469864380979,0.0018585228921181153
0.0021415,17.122926486994363,0.0027906187608600862
0.0021420000000000002,17.121159179625405,0.003724597375696487
0.0021425,17.119396730598346,0.00466045357300237
0.002143,17.117639148781915,0.005598182179703456
0.0021435,17.115886443018027,0.006537778013304649
0.002144,17.114138622121715,0.007479235881918557
0.0021445,17.112395694881133,0.008422550584294104
0.002145,17.11065767005748,0.00936771690984515
0.0021455,17.10892455638497,0.010314729638679203
0.002146,17.10719636257079,0.01126358354162614
0.0021465,17.105473097295064,0.012214273380266967
0.002147,17.103733284585623,0.00014552218719128887
0.0021475,17.10195175118733,0.0
0.002148,17.100170388805235,0.0
0.0021485000000000002,17.098389211972243,0.0
0.002149,17.096608220669044,0.0
0.0021495,17.094827414876285,0.0
0.00215,17.09304679457468,0.0
0.0021505,17.0912687250175,0.0009657711459288042
0.002151,17.0894956739057,0.0019334312400088476
0.0021515,17.087727650147716,0.0029029749388222404
0.002152,17.085964662624356,0.0038743968894884404
0.0021525,17.08420672018866,0.00484769172969369
0.002153,17.082453831665944,0.005822854087720565
0.0021535,17.080706005853713,0.006799878582477495
0.002154,17.07896325152165,0.007778759823528358
0.0021545,17.077225577411507,0.008759492411122146
0.0021550000000000002,17.07549299223715,0.009742070936222647
0.0021555,17.073765504684467,0.010726489980538158
0.002156,17.072043123411298,0.011712744116551274
0.0021565,17.070325857047443,0.012700827907548751
0.002157,17.068592229569465,0.0006694641878799506
0.0021575,17.066814439526947,0.0
0.002158,17.065036737094665,0.0
0.0021585,17.06325921983027,0.0
0.002159,17.061481887714464,0.0
0.0021595,17.059704740727973,0.0
0.00216,17.05792777885152,0.0
0.0021605,17.056153458865904,0.0010031298629080512
0.002161,17.05438434370922,0.002008144587900514
0.0021615000000000002,17.052620442249594,0.0030150386333000516
0.002162,17.0508617633265,0.004023806448010073
0.0021625,17.049108315750694,0.00503444247154527
0.002163,17.047360108304183,0.00604694113406216
0.0021635,17.045617149740217,0.007061296856389698
0.002164,17.04387944878319,0.008077504050059902
0.0021645,17.04214701412865,0.009095557117338563
0.0021650000000000003,17.0404198544432,0.01011545045125595
0.0021655,17.03869797836453,0.01113717843563764
0.002166,17.036981394501282,0.012160735445135285
0.0021665,17.035270111433054,0.013186115845257576
0.002167,17.033542653085238,0.0011920422726297022
0.0021675,17.03176867562883,0.0
0.0021680000000000002,17.02999462361062,0.0
0.0021685,17.028220756380072,0.0
0.002169,17.026447073917936,0.0
0.0021695,17.02467357620496,0.0
0.00217,17.0229002632219,0.0
0.0021705,17.02112968303857,0.0010403912444117236
0.002171,17.019364493582163,0.002082663275486991
0.0021715000000000003,17.017604703680544,0.0031268103538055468
0.002172,17.01585032213196,0.0041728267305712234
0.0021725,17.014101357705,0.005220706647643468
0.002173,17.012357819138497,0.006270444337568947
0.0021735,17.010619715141516,0.007322034023613218
0.002174,17.00888705439335,0.008375469919792383
0.0021745000000000002,17.007159845543388,0.00943074623090484
0.002175,17.005438097211144,0.010487857152563087
0.0021755,17.003721817986193,0.01154679687122551
0.002176,17.002011016428114,0.012607559564228309
0.0021765,17.000305701066477,0.013670139399817365
0.002177,16.99858439577561,0.0017132588174088503
0.0021775,16.996814295185732,0.0
0.0021780000000000002,16.995043884062987,0.0
0.0021785,16.993273657348656,0.0
0.002179,16.99150361502352,0.0
0.0021795,16.98973375706839,0.0
0.00218,16.987964083464057,0.0
0.0021805,16.986197233331357,0.0010775554651347
0.002181,16.98443595933876,0.0021569876521389214
0.0021815,16.98268027027405,0.0032382906243651373
0.002182,16.980930174894368,0.004321458435833106
0.0021825,16.979185681926218,0.005406485131262422
0.002183,16.977446800065394,0.006493364746105178
0.0021835,16.975713537976905,0.007582091306578677
0.002184,16.973985904294988,0.00867265882969815
0.0021845000000000002,16.972263907623066,0.009765061323309536
0.002185,16.970547556533642,0.01085929278612231
0.0021855,16.968836859568338,0.011955347207742351
0.002186,16.967131825237807,0.01305321856870485
0.0021865,16.965432462021674,0.014152900840507281
0.002187,16.963717293743347,0.002233116265871048
0.0021875,16.96195113520036,0.0
0.002188,16.960184355471423,0.0
0.0021885,16.958417759772654,0.0
0.002189,16.95665134808488,0.0
0.0021895,16.954885120388916,0.0
0.00219,16.953119076665615,0.0
0.0021905,16.951355946849198,0.0011146226983790824
0.0021910000000000002,16.94959857810225,0.002231118064441549
0.0021915,16.947846979172507,0.0033494799648273034
0.002192,16.946101158776145,0.004469702256886595
0.0021925,16.944361125597677,0.005591778788713645
0.002193,16.942626888289915,0.006715703399180357
0.0021935,16.94089845547397,0.007841469917970039
0.002194,16.939175835739185,0.00896907216561115
0.0021945,16.93745903764309,0.01009850395351114
0.002195,16.935748069711327,0.0112297590839903
0.0021955,16.934042940437674,0.012362831350315734
0.002196,16.932343658283944,0.013497714536735234
0.0021965,16.930650231679994,0.014634402418511355
0.002197,16.92894118439851,0.002751617042183974
0.0021975000000000002,16.92717903567954,0.0
0.002198,16.925415877859432,0.0
0.0021985,16.923652903692222,0.0
0.002199,16.92189011315878,0.0
0.0021995,16.920127506239975,0.0
0.0022,16.918365082916694,0.0
0.0022005,16.916605663699343,0.0011515931142529064
0.002201,16.914852189997756,0.0023050548525923534
0.0022015,16.913104670519793,0.003460378885459475
0.002202,16.911363113940723,0.004617558874048721
0.0022025,16.909627528903215,0.005776588470342522
0.002203,16.90789792401723,0.006937461317146018
0.0022035,16.90617430786008,0.008100171048121831
0.0022040000000000002,16.90445668897631,0.009264711287824868
0.0022045,16.90274507587766,0.010431075651737181
0.002205,16.90103947704306,0.011599257746302894
0.0022055,16.899339900918566,0.012769251168963117
0.002206,16.89764635591731,0.013941049508190941
0.0022065,16.895958850419486,0.015114646343526503
0.002207,16.89425590814712,0.003268763525840646
0.0022075000000000003,16.89249783072246,0.0
0.002208,16.890738285343463,0.0
0.0022085,16.888978923241112,0.0
0.002209,16.887219744396294,0.0
0.0022095,16.885460748789903,0.0
0.00221,16.88370193640288,0.0
0.0022105000000000002,16.881946218085037,0.0011884668891453535
0.002211,16.88019662924713,0.00237879836935041
0.0022115,16.87845317855723,0.003570987915370393
0.002212,16.8767158746498,0.0047650289927567025
0.0022125,16.87498472612577,0.005960915057892608
0.002213,16.873259741552392,0.007158639558029006
0.0022135,16.871540929463247,0.008358195931320242
0.0022140000000000003,16.869828298358208,0.00955957760685995
0.0022145,16.868121856703375,0.010762778004716964
0.002215,16.86642161293108,0.011967790535971197
0.0022155,16.86472757543976,0.013174608602749676
0.002216,16.863039752594002,0.014383225598262578
0.0022165,16.861358152724474,0.01559363490683924
0.0022170000000000002,16.8596612995027,0.003784558184192922
0.0022175,16.857907364299315,0.0
0.002218,16.856151421910013,0.0
0.0022185,16.854395662422025,0.0
0.002219,16.85264008581634,0.0
0.0022195,16.85088469207388,0.0
0.00222,16.8491294811756,2.4485859923365625e-05
0.0022205000000000003,16.84737757649732,0.0012497299850565457
0.002221,16.84563198476845,0.0024768345485441886
0.0022215,16.843892714616693,0.0037057928299821887
0.002222,16.84215977463522,0.004936598099806028
0.0022225,16.840433173382635,0.006169243619327528
0.002223,16.83871291938294,0.007403722640771666
0.0022235,16.836999021125482,0.008640028407313377
0.002224,16.835291487064932,0.009878154153114455
0.0022245,16.83359032562122,0.01111809310336046
0.002225,16.83189554517951,0.012359838474297702
0.0022255,16.830207154090154,0.013603383473270258
0.002226,16.828525160668654,0.014848721298756995
0.0022265,16.826849573195595,0.01609584514040871
0.0022270000000000002,16.8251589152915,0.004323476459313881
0.0022275,16.823409212038037,0.0
0.002228,16.82165686302284,0.0
0.0022285,16.8199046965347,0.0
0.002229,16.81815271255458,0.0
0.0022295,16.81640091106348,0.0
0.00223,16.81464929204238,2.5219482497133644e-05
0.0022305,16.812901072397622,0.001287142755195974
0.002231,16.811159348695067,0.0025509224506075167
0.0022315,16.809424129522796,0.0038165516536750447
0.002232,16.807695423433383,0.005084023440224083
0.0022325,16.805973238943896,0.006353330877000191
0.002233,16.804257584535808,0.007624467021706747
0.0022335000000000002,16.80254846865498,0.008897424923042864
0.002234,16.800845899711593,0.010172197620741279
0.0022345,16.79914988608021,0.011448778145606303
0.002235,16.79746043609958,0.012727159519551808
0.0022355,16.795777558072682,0.014007334755639284
0.002236,16.79410126026671,0.01528929685811591
0.0022365,16.792431550912962,0.0165730388224527
0.002237,16.790746953581706,0.00483728191561128
0.0022375,16.78900152762983,0.0
0.002238,16.787252762565497,0.0
0.0022385,16.785504179654893,0.0
0.002239,16.78375577887903,0.0
0.0022395,16.78200756021898,0.0
0.0022400000000000002,16.78025952365574,2.5951181221221747e-05
0.0022405,16.778514979380894,0.0013244574141970077
0.002241,16.77677711356114,0.002624816064774351
0.0022415,16.77504593474505,0.003927020023754392
0.002242,16.77332145144474,0.005231062172863035
0.0022425,16.771603672135836,0.006536935384789789
0.002243,16.76989260525738,0.007844632523226588
0.0022435,16.76818825921186,0.009154146442906701
0.002244,16.766490642365167,0.010465469989643674
0.0022445,16.764799763046486,0.011778596000370288
0.002245,16.763115629548327,0.013093517303177605
0.0022455,16.761438250126467,0.014410226717354006
0.002246,16.759767632999846,0.015728717053424345
0.0022465000000000002,16.758103786350645,0.017048981113189074
0.002247,16.756425233699005,0.005349739969992025
0.0022475,16.754684142818853,0.0
0.002248,16.752938952299658,0.0
0.0022485,16.751193943561866,0.0
0.002249,16.749449116586533,0.0
0.0022495,16.747704471354723,0.0
0.0022500000000000003,16.745960007847533,2.668095967368299e-05
0.0022505,16.744219129296948,0.0013616741445306984
0.002251,16.742485111235364,0.0026985157523891482
0.0022515,16.74075796217197,0.004037198480417516
0.002252,16.739037690578485,0.005377715016751498
0.0022525,16.737324304889174,0.006720058040533827
0.0022530000000000002,16.73561781350083,0.008064220221954169
0.0022535,16.733918224772676,0.009410194222288988
0.002254,16.732225547026356,0.010757972693941567
0.0022545,16.730539788545908,0.012107548280481936
0.002255,16.728860957577655,0.013458913616687012
0.0022555,16.727189062330257,0.01481206132858065
0.002256,16.725524110974636,0.01616698403347374
0.0022565000000000003,16.723866111643922,0.017523674340004427
0.002257,16.722193587808206,0.005860853128406914
0.0022575,16.720456905818775,0.0
0.002258,16.7187152804548,0.0
0.0022585,16.716973836500863,0.0
0.002259,16.715232573938085,0.0
0.0022595000000000002,16.713491492747565,0.0
0.00226,16.71175059291041,0.0
0.0022605,16.710013233417637,0.001371384361160437
0.002261,16.70828291598459,0.002744613306991838
0.0022615,16.706559649081875,0.004119679341522371
0.002262,16.704843441141687,0.0054965749597889494
0.0022625,16.70313430055779,0.006875292647878083
0.0022630000000000003,16.701432235685495,0.0082558248829668
0.0022635,16.699737254841615,0.009638164133363561
0.002264,16.69804936630442,0.011022302858549233
0.0022645,16.69636857831358,0.012408233509218138
0.002265,16.694694899070157,0.013795948527319104
0.0022655,16.693028336736543,0.015185440346096599
0.0022660000000000002,16.691368899436423,0.01657670139013186
0.0022665,16.689716595254744,0.01796972407538408
0.002267,16.68804994761249,0.006343229089460297
0.0022675,16.68631768263919,0.0
0.002268,16.684579613262777,0.0
0.0022685,16.682841724926007,0.0
0.002269,16.68110401761004,0.0
0.0022695000000000002,16.679366491296012,0.0
0.00227,16.677629145965078,0.0
0.0022705,16.675895429535867,0.0014076818898099387
0.002271,16.674168936255665,0.0028172043942902695
0.0022715,16.67244967455586,0.004228559824841348
0.002272,16.670737652828524,0.005641740483914468
0.0022725,16.669032879426325,0.007056738665053706
0.002273,16.667335362662513,0.008473546652937881
0.0022735,16.665645110810907,0.009892156723422472
0.002274,16.66396213210575,0.011312561143581663
0.0022745,16.66228643474183,0.012734752171750345
0.002275,16.660618026874275,0.01415872205756623
0.0022755,16.658956916618656,0.015584463042011994
0.0022760000000000002,16.657303112050855,0.017011967357457376
0.0022765,16.655656621207047,0.018441227227701498
0.002277,16.653995967458524,0.006850963148243654
0.0022775,16.652268233675706,0.0
0.002278,16.65053371093586,0.0
0.0022785,16.648799368866253,0.0
0.002279,16.64706520744805,0.0
0.0022795,16.645331226662456,0.0
0.00228,16.643597426490622,0.0
0.0022805,16.641867343544998,0.0014438839686547957
0.002281,16.640144664361465,0.002889604592419126
0.0022815,16.638429397332313,0.004337153990572062
0.002282,16.63672155080957,0.005786524273485697
0.0022825000000000002,16.63502113310492,0.0072377075426680116
0.002283,16.633328152489685,0.008690695890805802
0.0022835,16.63164261719472,0.010145481401807694
0.002284,16.62996453541047,0.01160205615084713
0.0022845,16.62829391528688,0.013060412204405425
0.002285,16.62663076493333,0.014520541620314884
0.0022855,16.62497509241866,0.015982436447801937
0.002286,16.623326905771055,0.017446088727530354
0.0022865,16.62168621297808,0.018911490491644405
0.002287,16.620031537361445,0.007357362044040816
0.0022875,16.618308396315825,0.0
0.002288,16.616577410878488,0.0
0.0022885,16.614846605742933,0.0
0.0022890000000000002,16.61311598089038,0.0
0.0022895,16.611385536302052,0.0
0.00229,16.609655271959156,0.0
0.0022905,16.607928812934503,0.0014799907705880563
0.002291,16.60620993780965,0.0029618142471455836
0.0022915,16.60449865493794,0.004445462357336015
0.002292,16.602794972631457,0.00593092701995775
0.0022925,16.601098899161,0.007418200144988061
0.002293,16.59941044275602,0.008907273633627066
0.0022935,16.597729611604645,0.010398139378341666
0.002294,16.596056413853553,0.011890789262909587
0.0022945,16.594390857607973,0.013385215162463493
0.002295,16.59273295093165,0.014881408943535096
0.0022955000000000002,16.591082701846823,0.016379362464099257
0.002296,16.58944011833412,0.017879067573618245
0.0022965,16.587805208332636,0.019380516113085954
0.002297,16.586156495114587,0.0078624281953008
0.0022975,16.584438013283513,0.0
0.002298,16.582710555830996,0.0
0.0022985,16.58098327831278,0.0
0.0022990000000000003,16.579256180710125,0.0
0.0022995,16.577529263004276,0.0
0.0023,16.575802525176517,0.0
0.0023005,16.574079680526967,0.0015160024628288822
0.002301,16.57236459944045,0.0030338336928896975
0.0023015,16.57065729023142,0.0045534854267349646
0.0023020000000000002,16.56895776117214,0.006074949392094037
0.0023025,16.56726602049263,0.007598217307917997
0.002303,16.565582076380636,0.009123280884424614
0.0023035,16.56390593698156,0.010650131823143377
0.002304,16.56223761039848,0.0121787618169605
0.0023045,16.560577104692037,0.01370916255016402
0.002305,16.558924427880452,0.015241325698488935
0.0023055000000000003,16.55727958793949,0.01677524292916235
0.002306,16.555642592802382,0.018310905900948696
0.0023065,16.5540134503598,0.019848306264194943
0.002307,16.552370683834674,0.008366163941104553
0.0023075,16.550656924488482,0.0
0.002308,16.548932985719777,0.0
0.0023085000000000002,16.547209226518852,0.0
0.002309,16.54548564686703,0.0
0.0023095,16.54376224674558,0.0
0.00231,16.54203902613582,0.0
0.0023105,16.54031978633263,0.0015519192155885216
0.002311,16.538608489282026,0.0031056632700553278
0.0023115,16.536905143259702,0.004661223709345872
0.0023120000000000003,16.535209756498205,0.006218592070624176
0.0023125,16.533522337186884,0.007777759882318737
0.002313,16.531842893471854,0.009338718664168523
0.0023135,16.530171433455976,0.010901459927268967
0.002314,16.52850796519879,0.012465975174117981
0.0023145,16.526852496716508,0.014032255898662136
0.0023150000000000002,16.52520503598193,0.015600293586342712
0.0023155,16.52356559092445,0.017170079714141907
0.002316,16.521934169429993,0.01874160575062908
0.0023165,16.520310779341,0.020314863156006925
0.002317,16.51867394383121,0.008868571662386473
0.0023175,16.516964971446697,0.0
0.002318,16.515244542077305,0.0
0.0023185000000000002,16.51352429191016,0.0
0.002319,16.511804220926614,0.0
0.0023195,16.510084329107958,0.0
0.00232,16.508364616435564,0.0
0.0023205,16.506648971966854,0.0015877411973704936
0.002321,16.504941448967507,0.0031773033156310957
0.0023215,16.503242055674516,0.004768677710623126
0.002322,16.501550800280818,0.006361855729448103
0.0023225,16.499867690935197,0.007956828710514676
0.002323,16.49819273574228,0.009553587983585564
0.0023235,16.496525942762446,0.01115212486982465
0.002324,16.49486732001185,0.012752430681843958
0.0023245,16.493216875462345,0.01435449672375079
0.0023250000000000002,16.491574617041444,0.01595831429119486
0.0023255,16.48994055263233,0.01756387467141546
0.002326,16.48831469007374,0.01917116914328869
0.0023265,16.48669703716001,0.02078018897737472
0.002327,16.4850661170158,0.009369653716193674
0.0023275,16.483361996267043,0.0
0.002328,16.481645067028918,0.0
0.0023285,16.479928316628452,0.0
0.002329,16.478211745047044,0.0
0.0023295,16.47649535226603,0.0
0.00233,16.47477913826681,0.0
0.0023305,16.473067079637612,0.0016234685760479004
0.002331,16.471363320722528,0.0032487541653448333
0.0023315000000000002,16.46966786972001,0.004875847934130049
0.002332,16.46798073478348,0.006504741039944503
0.0023325,16.466301924021284,0.008135424631678798
0.002333,16.464631445496615,0.009767889849621176
0.0023335,16.46296930722753,0.01140212782550552
0.002334,16.46131551718689,0.013038129682559445
0.0023345,16.459670083302342,0.014675886535552353
0.002335,16.458033013456223,0.01631538949084359
0.0023355,16.456404315485603,0.017956629646430654
0.002336,16.454783997182165,0.019599598091997347
0.0023365,16.453172066292264,0.02124428590896209
0.002337,16.45154704589162,0.00986941245075486
0.0023375,16.449847839563223,0.0
0.0023380000000000002,16.44813440120491,0.0
0.0023385,16.44642114132065,0.0
0.002339,16.444708059891834,0.0
0.0023395,16.442995156899904,0.0
0.00234,16.44128243232625,0.0
0.0023405,16.43957395005855,0.0016591015210835882
0.002341,16.43787394527862,0.0033200161581037114
0.0023415000000000003,16.436182426146438,0.004982734888198672
0.002342,16.434499400776012,0.006647248679849906
0.0023425,16.43282487723532,0.008313548492930927
0.002343,16.43115886354629,0.009981625278756298
0.0023435,16.42950136768476,0.011651469980130627
0.002344,16.427852397580406,0.013323073531397644
0.0023445000000000002,16.42621196111676,0.01499642685848932
0.002345,16.42458006613113,0.016671520878974985
0.0023455,16.422956720414586,0.01834834650211048
0.002346,16.42134193171188,0.020026894628887435
0.0023465,16.419735707721507,0.021707156152082494
0.002347,16.418116571470385,0.010367850236535204
0.0023475,16.416422345325245,0.0
0.0023480000000000003,16.414712388611523,0.0
0.0023485,16.413002610009205,0.0
0.002349,16.411293009499744,0.0
0.0023495,16.40958358706456,0.0
0.00235,16.407874342685133,0.0
0.0023505,16.40616942731758,0.0016946401983505993
0.0023510000000000002,16.40447316674114,0.0033910896256356586
0.0023515,16.40278556907741,0.005089339070392836
0.002352,16.401106642401118,0.00678937931254422
0.0023525,16.399436394739997,0.008491201123446254
0.002353,16.39777483407481,0.010194795265939733
0.0023535,16.396121968339237,0.011900152494399794
0.002354,16.39447780541993,0.013607263554786024
0.0023545000000000003,16.39284235315641,0.015316119184692504
0.002355,16.391215619341054,0.017026710113397993
0.0023555,16.389597611719058,0.018739027061916047
0.002356,16.387988337988414,0.020453060743045287
0.0023565,16.386387805799824,0.022168801861419608
0.002357,16.384774538131577,0.01086496939378711
0.0023575000000000002,16.383085353565523,0.0
0.002358,16.381378869277878,0.0
0.0023585,16.379672562739934,0.0
0.002359,16.377966433933185,0.0
0.0023595,16.37626048283911,0.0
0.00236,16.374554709439206,0.0
0.0023605,16.37285335152754,0.0017300847779509955
0.0023610000000000003,16.371160825240864,0.0034619749081262027
0.0023615,16.369477138662536,0.005195660990961983
0.002362,16.367802299828053,0.006931133618320324
0.0023625,16.366136316725026,0.008668383373539774
0.002363,16.36447919729314,0.010407400831486408
0.0023635,16.36283094942409,0.01214817655860481
0.002364,16.361191580961577,0.013890701112969195
0.0023645,16.359561099701242,0.01563496504433446
0.002365,16.357939513390658,0.0173809588941873
0.0023655,16.356326829729277,0.01912867319579742
0.002366,16.354723056368382,0.02087809847426869
0.0023665,16.3531282009111,0.02262922524659045
0.002367,16.35152078628715,0.01136077230191736
0.0023675000000000002,16.349836709841895,0.0
0.002368,16.34813368877786,0.0
0.0023685,16.34643084510281,0.0
0.002369,16.34472817879822,0.0
0.0023695,16.34302568984565,0.0
0.00237,16.34132337822666,0.0
0.0023705,16.339625568343067,0.001765435424090975
0.002371,16.33793676644971,0.0035326723339697942
0.0023715,16.336256980591806,0.0053017011424700165
0.002372,16.334586218765732,0.0070725122538919175
0.0023725,16.332924488919094,0.008845096064054403
0.002373,16.33127179895058,0.01061944296034698
0.0023735,16.32962815671,0.012395543321781758
0.0023740000000000002,16.327993569998235,0.01417338751904551
0.0023745,16.326368046567172,0.015952965914551732
0.002375,16.32475159411969,0.01773426886249277
0.0023755,16.323144220309604,0.01951728670889197
0.002376,16.32154593274167,0.021302009791655904
0.0023765,16.31995673897151,0.023088428440626606
0.002377,16.318355161880422,0.011855261257862437
0.0023775,16.316676253861676,0.0
0.002378,16.3149766868355,0.0
0.0023785,16.313277296838518,0.0
0.002379,16.311578083852293,0.0
0.0023795,16.309879047858384,0.0
0.00238,16.30818018883837,0.0
0.0023805000000000002,16.30648591757219,0.0018006923071969092
0.002381,16.3048008301937,0.0036031822440004994
0.0023815,16.303124934710052,0.005407460036139129
0.002382,16.30145823907866,0.007213515900848848
0.0023825,16.299800751207183,0.009021340046926304
0.002383,16.29815247895347,0.01083092267478169
0.0023835,16.29651343012554,0.012642253976491772
0.002384,16.29488361248155,0.014455324135852893
0.0023845,16.293263033729755,0.016270123328434048
0.002385,16.291651701528465,0.01808664172162999
0.0023855,16.290049623485984,0.01990486947471441
0.002386,16.288456807160646,0.02172479673889308
0.0023865,16.2868732600607,0.023546413657357122
0.0023870000000000002,16.285277505019174,0.01234843864556487
0.0023875,16.283603832442246,0.0
0.002388,16.28190771028414,0.0
0.0023885,16.28021176479641,0.0
0.002389,16.278515995960646,0.0
0.0023895,16.27682040375845,0.0
0.00239,16.275124988171434,3.669874692016032e-05
0.0023905000000000003,16.273434429612525,0.0018725542414081957
0.002391,16.271753230351734,0.00371020332437356
0.0023915,16.270081398357277,0.005549636034957998
0.002392,16.268418941546695,0.007390842403852848
0.0023925,16.26676586778686,0.009233812453352926
0.002393,16.265122184893897,0.011078536197410485
0.0023935000000000002,16.263487900633205,0.012925003641689206
0.002394,16.26186302271937,0.014773204783618175
0.0023945,16.2602475588161,0.016623129612446014
0.002395,16.258641516536308,0.018474768109294916
0.0023955,16.25704490344195,0.020328110247214794
0.002396,16.255457727044067,0.02218314599123748
0.0023965,16.253879994802706,0.024039865298430888
0.0023970000000000003,16.252290229501753,0.012876986398181932
0.0023975,16.250621990978743,0.0
0.002398,16.24892930425376,0.0
0.0023985,16.24723679384132,0.0
0.002399,16.245544459723053,0.0
0.0023995,16.24385230188059,0.0
0.0024000000000000002,16.242160320295568,3.740012429361566e-05
0.0024005,16.240473284800462,0.0019083225934087358
0.002401,16.238795783553087,0.0037810348118605176
0.0024015,16.237127824483807,0.005655526632693746
0.002402,16.235469415471357,0.007531787900543554
0.0024025,16.233820564342864,0.00940980845169034
0.002403,16.232181278873846,0.011289578114114672
0.0024035000000000003,16.230551566788105,0.013171086707552246
0.002404,16.2289314357577,0.015054324043548926
0.0024045,16.227320893402954,0.01693927992551577
0.002405,16.22571994729239,0.018825944148784104
0.0024055,16.224128604942706,0.02071430650066064
0.002406,16.222546873818743,0.02260435676048264
0.0024065000000000002,16.220974761333416,0.024496084699673116
0.002407,16.219390790222572,0.013368208362024668
0.0024075,16.21772791979343,0.0
0.002408,16.21603865935931,0.0
0.0024085,16.214349574880845,0.0
0.002409,16.21266066633969,0.0
0.0024095,16.21097193371754,0.0
0.0024100000000000002,16.209283376996055,3.8099635182834575e-05
0.0024105,16.207599855189276,0.0019439957597535975
0.002411,16.205926042114296,0.0038516778047369502
0.0024115,16.204261945663692,0.0057611354375759405
0.002412,16.202607573677508,0.007672358317344646
0.0024125,16.200962933943252,0.009585336094804038
0.002413,16.1993280341959,0.011500058412457896
0.0024135,16.19770288211777,0.013416514904608759
0.002414,16.196087485338555,0.015334695197413898
0.0024145,16.194481851435235,0.017254588908941364
0.002415,16.192885987932126,0.019176185649226067
0.0024155,16.191299902300752,0.02109947502032582
0.002416,16.18972360195988,0.023024446616377488
0.0024165000000000002,16.18815709427549,0.02495109002365319
0.002417,16.18657890193544,0.013858123100845061
0.0024175,16.184921462517984,0.0
0.002418,16.183235619248755,0.0
0.0024185,16.181549951579242,0.0
0.002419,16.179864459491125,0.0
0.0024195,16.17817914296615,0.0
0.00242,16.17649400198603,0.0
0.0024205,16.17481379053246,0.0019407767282261141
0.002421,16.17314346185125,0.00388333576448599
0.0024215,16.171483023798288,0.0058276665910921895
0.002422,16.169832484176066,0.007773758682027774
0.0024225,16.168191850733628,0.009721601503003136
0.0024230000000000002,16.1665611311665,0.011671184511512911
0.0024235,16.164940333116704,0.01362249715689288
0.002424,16.16332946417267,0.015575528880376955
0.0024245,16.161728531869237,0.017530269115154175
0.002425,16.160137543687615,0.019486707286425757
0.0024255,16.158556507055355,0.02144483281146212
0.002426,16.15698542934625,0.02340463509966012
0.0024265,16.15542431788038,0.02536610355260008
0.002427,16.15385169529894,0.014307955844331654
0.0024275,16.152199587774096,0.0
0.002428,16.15051715285951,0.0
0.0024285,16.148834893189616,0.0
0.002429,16.147152808746156,0.0
0.0024295000000000002,16.145470899510883,0.0
0.00243,16.14378916546554,0.0
0.0024305,16.1421124458275,0.0019755673026845035
0.002431,16.14044578253284,0.003952913108223603
0.0024315,16.138789183399915,0.005932026714299314
0.002432,16.13714265619275,0.007912897410304575
0.0024325,16.135506208620974,0.009895514477401078
0.0024330000000000003,16.133879848339813,0.011879867188577146
0.0024335,16.13226358295003,0.013865944808705613
0.002434,16.130657419997938,0.015853736594601812
0.0024345,16.12906136697531,0.01784323179508145
0.002435,16.127475431319343,0.01983441965101877
0.0024355,16.125899620412675,0.0218272893954045
0.0024360000000000002,16.12433394158333,0.023821830253403987
0.0024365,16.122778402104643,0.02581803144241529
0.002437,16.12121152457014,0.014794610452356019
0.0024375,16.11956496401149,0.0
0.002438,16.11788592836337,0.0
0.0024385,16.116207067605867,0.0
0.002439,16.11452838172076,0.0
0.0024395000000000003,16.112849870689853,0.0
0.00244,16.11117153449491,0.0
0.0024405,16.109498297361704,0.0020102651100937746
0.002441,16.107835289680068,0.004022304928009234
0.0024415,16.106182519230934,0.006036108567290182
0.002442,16.104539993739944,0.008051665133231646
0.0024425000000000002,16.102907720877443,0.01006896372293872
0.002443,16.10128570825845,0.012087993425385366
0.0024435,16.099673963442633,0.014108743321473348
0.002444,16.09807249393423,0.016131202484091108
0.0024445,16.09648130718206,0.018155359978172723
0.002445,16.094900410579488,0.020181204860756904
0.0024455,16.093329811464347,0.02220872618104603
0.0024460000000000003,16.091769517118955,0.024237912980465244
0.0024465,16.09021953477008,0.026268754292721436
0.002447,16.088658386963694,0.015279967424091098
0.0024475,16.08701744003753,0.0
0.002448,16.085341794583435,0.0
0.0024485,16.08366632366685,0.0
0.0024490000000000002,16.081991027269563,0.0
0.0024495,16.08031590537341,0.0
0.00245,16.078640957960232,0.0
0.0024505,16.076971194037245,0.0020448703112050815
0.002451,16.075311832212037,0.004091511545327662
0.0024515,16.073662880228177,0.006139912632264762
0.002452,16.07202434577304,0.00819006249370484
0.0024525000000000003,16.07039623647779,0.010241950043187611
0.002453,16.068778559917348,0.012295564186163826
0.0024535,16.067171323610342,0.014350893820055171
0.002454,16.06557453501912,0.016407927834314107
0.0024545,16.063988201549652,0.018466655110483825
0.002455,16.06241233055154,0.020527064522258213
0.0024555000000000002,16.060846929317965,0.022589144935541792
0.002456,16.05929200508568,0.024652885208509858
0.0024565,16.057747565034973,0.026718274191668435
0.002457,16.056192131664407,0.015764029008143037
0.0024575,16.054556857194726,0.0
0.002458,16.05288459287877,0.0
0.0024585,16.051212502748125,0.0
0.0024590000000000002,16.049540586784648,0.0
0.0024595,16.047868844970186,0.0
0.00246,16.04619727728661,0.0
0.0024605,16.04453097729618,0.0020793830747063697
0.002461,16.042875251588576,0.00416053329753631
0.0024615,16.041230107870078,0.006243439415230612
0.002462,16.039595553789916,0.008328090166361624
0.0024625,16.037971596940167,0.010414474281394023
0.002463,16.036358244855748,0.012502580482745582
0.0024635,16.034755505014406,0.014592397484848026
0.002464,16.033163384836666,0.016683913994207836
0.0024645,16.03158189168577,0.018777118709467185
0.002465,16.030011032867705,0.020872000321464836
0.0024655000000000002,16.028450815631107,0.02296854751329713
0.002466,16.026901247167274,0.025066748960378995
0.0024665,16.02536233461011,0.027166593330504925
0.002467,16.023812600410928,0.016246797564138736
0.0024675,16.022183064364995,0.0
0.002468,16.02051417214701,0.0
0.0024685,16.018845453763085,0.0
0.002469,16.01717690919511,0.0
0.0024695,16.015508538424992,0.0
0.00247,16.013840341434648,0.0
0.0024705,16.012177496115246,0.0021138035612695005
0.002471,16.010525396803327,0.004229370505961331
0.0024715,16.008884051168017,0.006346689398149758
0.0024720000000000002,16.007253466820494,0.008465748793780621
0.0024725,16.00563365131383,0.010586537240733041
0.002473,16.004024612143073,0.01270904327888119
0.0024735,16.002426356745175,0.014833255440156077
0.002474,16.000838892498948,0.016959162248607353
0.0024745,15.999262226725055,0.019086752220465193
0.002475,15.997696366685942,0.021216013864202167
0.0024755,15.996141319585837,0.023346935680595204
0.002476,15.994597092570695,0.025479506162787505
0.0024765,15.993063692728192,0.02761371379635056
0.002477,15.9915196424625,0.016728275339574855
0.0024775,15.989895903996453,0.0
0.002478,15.988230374852678,0.0
0.0024785000000000002,15.986565019192659,0.0
0.002479,15.984899836998336,0.0
0.0024795,15.983234828251641,0.0
0.00248,15.981569992934505,0.0
0.0024805,15.97991059304141,0.0021481319384069036
0.002481,15.978262110420932,0.00429802350560925
0.0024815,15.976624552705136,0.006449663083503604
0.0024820000000000003,15.974997927467202,0.008603039045897992
0.0024825,15.973382242221364,0.01075813975857461
0.002483,15.971777504422883,0.012914953579352491
0.0024835,15.970183721468032,0.015073468858150326
0.002484,15.968600900694037,0.01723367393704919
0.0024845,15.967029049379054,0.01939555715035538
0.0024850000000000002,15.965468174742139,0.021559106824663284
0.0024855,15.963918283943206,0.023724311278918286
0.002486,15.96237938408301,0.02589115882447964
0.0024865,15.96085148220311,0.02805963776518348
0.002487,15.959313100660662,0.01720846467763444
0.0024875,15.957695201630584,0.00023130788284909443
0.002488,15.956033049683866,0.0
0.0024885000000000003,15.954371047740716,0.0
0.002489,15.95270921891393,0.0
0.0024895,15.951047563185474,0.0
0.00249,15.949386080537328,0.0
0.0024905,15.947730116841983,0.0021823683670132506
0.002491,15.946085241225632,0.004366492618251826
0.0024915000000000002,15.9444514612834,0.006552360953922543
0.002492,15.942828784550587,0.008739961566183492
0.0024925,15.941217218502667,0.010929282639207666
0.002493,15.939616770555242,0.01312031234924663
0.0024935,15.938027448064004,0.01531303886469423
0.002494,15.936449258324691,0.017507450346150387
0.0024945,15.934882208573086,0.019703534946484816
0.0024950000000000003,15.933326305984968,0.021901280810900887
0.0024955,15.931781557676057,0.024100676076999436
0.002496,15.93024797070202,0.026301708874842743
0.0024965,15.928725552058442,0.02850436732701832
0.002497,15.927192824055572,0.01768736782893157
0.0024975,15.925580748820543,0.000744378520450255
0.0024980000000000002,15.923922040478825,0.0
0.0024985,15.922263383261734,0.0
0.002499,15.920604898812622,0.0
0.0024995,15.91894658711349,0.0
0.0025,15.917288448146344,0.0
0.0025005,15.91563591143683,0.0022165130131403437
0.002501,15.913994633154795,0.004434778175974495
0.0025015000000000003,15.912364620858503,0.006654783507506623
0.002502,15.910745882045493,0.00887651701873184
0.0025025,15.90913842415258,0.011099966712700795
0.002503,15.907542254555791,0.013325120584584337
0.0025035,15.905957380570353,0.01555196662173814
0.002504,15.904383809450657,0.017780492803767454
0.0025045,15.902821548390198,0.020010687102591827
0.002505,15.901270604521594,0.022242537482509872
0.0025055,15.899730984916506,0.024476031900264098
0.002506,15.89820269658563,0.026711158305105745
0.0025065,15.89668574647866,0.028947904638859663
0.002507,15.89515865685912,0.01816498711621782
0.0025075,15.893552389806457,0.0012560736963847313
0.0025080000000000002,15.891897195436538,0.0
0.0025085,15.890241873970542,0.0
0.002509,15.888586724925062,0.0
0.0025095,15.88693174828214,0.0
0.00251,15.885276944023826,0.0
0.0025105,15.88362782510444,0.002250566038202914
0.002511,15.881990134503917,0.004502880501589071
0.0025115,15.88036387974376,0.006756931228446207
0.002512,15.87874906828385,0.009012706049092576
0.0025125,15.877145707522436,0.011270192785942506
0.002513,15.875553804796098,0.01352937925357201
0.0025135,15.873973367379705,0.015790253258784376
0.002514,15.872404402486374,0.01805280260067587
0.0025145000000000002,15.870846917267473,0.020317015070701386
0.002515,15.869300918812543,0.02258287845274025
0.0025155,15.867766414149303,0.024850380523161915
0.002516,15.866243410243616,0.027119509050891787
0.0025165,15.864731913999425,0.029390251797477073
0.002517,15.863210447633605,0.018641324797381197
0.0025175,15.861609973178087,0.0017663958296302606
0.002518,15.859958360032499,0.0
0.0025185,15.858306365358715,0.0
0.002519,15.856654542758932,0.0
0.0025195,15.855002892215214,0.0
0.00252,15.853351413709651,0.0
0.0025205,15.85170570340118,0.002284527606511717
0.0025210000000000002,15.85007159084668,0.004570799923699086
0.0025215,15.848449083530982,0.0068588046096187665
0.002522,15.846838188876413,0.009148529314397403
0.0025225,15.84523891424278,0.011439961680298143
0.002523,15.843651266927287,0.013733089341787172
0.0025235,15.84207525416456,0.01602789992560033
0.002524,15.840510883126592,0.018324381050809677
0.0025245000000000003,15.838958160922685,0.02062252032889015
0.002525,15.83741709459945,0.022922305363786314
0.0025255,15.835887691140787,0.025223723751979017
0.002526,15.834369957467825,0.027526763082552134
0.0025265,15.832863900438893,0.029831410937259373
0.002527,15.831348042224345,0.019116383170819692
0.0025275000000000002,15.8297533448087,0.0022753473825646514
0.002528,15.828105381702022,0.0
0.0025285,15.826456704877467,0.0
0.002529,15.824808199781314,0.0
0.0025295,15.823159866395676,0.0
0.00253,15.821511704702676,0.0
0.0025305,15.819869393842193,0.0023183978802935935
0.0025310000000000003,15.81823884971531,0.004638536766740483
0.0025315,15.816620079770301,0.006960404137650742
0.002532,15.81501309139204,0.009283987463443787
0.0025325,15.813417891901963,0.01160927420671586
0.002533,15.811834488558052,0.013936251822307509
0.0025335,15.810262888554783,0.016264907757371126
0.0025340000000000002,15.808703099023095,0.01859522945143853
0.0025345,15.807155127030377,0.02092720433648854
0.002535,15.805618979580435,0.02326081983701464
0.0025355,15.804094663613443,0.025596063370092615
0.002536,15.80258218600591,0.027932922345448256
0.0025365,15.801081553570686,0.030271384165525134
0.002537,15.799571288431729,0.01959016450578093
0.0025375000000000003,15.797982352526281,0.002782930786335714
0.002538,15.796338107816876,0.0
0.0025385,15.794692739914451,0.0
0.002539,15.793047543395769,0.0
0.0025395,15.79140251824297,0.0
0.00254,15.78975766443822,0.0
0.0025405000000000002,15.788118743879082,0.002352177021842977
0.002541,15.786491758578507,0.004706091355284384
0.0025415,15.784876715948315,0.007061730299371338
0.002542,15.783273623336017,0.009419081145299562
0.0025425,15.781682488024808,0.011778131176481804
0.002543,15.780103317233525,0.014138867668616273
0.0025435,15.778536118116609,0.01650127788975513
0.0025440000000000003,15.776980897764082,0.01886534910037302
0.0025445,15.77543766320152,0.021231068553435564
0.002545,15.773906421390016,0.023598423494468015
0.0025455,15.772387179226142,0.025967401161623823
0.002546,15.770879943541935,0.028337988785753318
0.0025465,15.769384721104867,0.030710173590472335
0.0025470000000000002,15.767880033992634,0.020062671072459574
0.0025475,15.766296844095324,0.003289148473105824
0.002548,15.764656384778473,0.0
0.0025485,15.763014316887093,0.0
0.002549,15.761372420035721,0.0
0.0025495,15.759730694206544,0.0
0.00255,15.75808913938175,0.0
0.0025505000000000002,15.756453599993705,0.0023858651944860094
0.002551,15.754830163935354,0.004773464015965194
0.0025515,15.75321883858214,0.007162783584704482
0.002552,15.751619631244328,0.009553811013158551
0.0025525,15.750032549166962,0.011946533406039204
0.002553,15.748457599529836,0.014340937860384755
0.0025535,15.746894789447468,0.016737011465629472
0.002554,15.745344125969078,0.019134741303673028
0.0025545,15.743805616078529,0.02153411444894996
0.002555,15.742279266694327,0.023935117968499252
0.0025555,15.740765084669572,0.026337738922033876
0.002556,15.739263076791941,0.028741964362010368
0.0025565,15.737773249783633,0.031147781333698464
0.0025570000000000002,15.73627412567621,0.02053390515547935
0.0025575,15.734696666312745,0.00379400289049583
0.002558,15.733060062109287,0.0
0.0025585,15.731421285333532,0.0
0.002559,15.729782679254974,0.0
0.0025595,15.728144243855839,0.0
0.00256,15.726505979118352,4.837151611189931e-05
0.0025605,15.72487405363224,0.002467833948271713
0.002561,15.723254399067452,0.004889026075483291
0.0025615,15.721647022761871,0.007311934839744097
0.002562,15.720051931987328,0.009736547175279754
0.0025625,15.718469133949544,0.01216285000861436
0.002563,15.716898635788098,0.014590830258640839
0.0025635000000000002,15.71534044457641,0.017020474836691273
0.002564,15.713794567321704,0.019451770646607358
0.0025645,15.712261010964987,0.021884704584810805
0.002565,15.71073978238099,0.02431926354037381
0.0025655,15.709230888378192,0.02675543439508957
0.002566,15.707734335698724,0.029193204023542803
0.0025665,15.70625013101839,0.0316325592931803
0.002567,15.704756796321448,0.021052215344610194
0.0025675,15.703185293402791,0.004345839063252992
0.002568,15.701552671933744,0.0
0.0025685,15.699917177010283,0.0
0.002569,15.698281852442179,0.0
0.0025695,15.69664669821169,0.0
0.0025700000000000002,15.695011714301076,4.904160824871768e-05
0.0025705,15.693383154731006,0.002502006837688484
0.002571,15.691767033228182,0.00495669809428584
0.0025715,15.690163357094313,0.007413102142242223
0.002572,15.688572133564147,0.009871205738026178
0.0025725,15.68699336980546,0.01233099563044463
0.002573,15.685427072918985,0.014792458560714147
0.0025735000000000003,15.68387324993843,0.017255581262532266
0.002574,15.6823319078304,0.019720350462148827
0.0025745,15.680803053494426,0.022186752878437375
0.002575,15.679286693762858,0.0246547752229665
0.0025755,15.677782835400917,0.02712440420007137
0.002576,15.6762914851066,0.029595626506925116
0.0025765000000000002,15.674812649510683,0.032068428833610406
0.002577,15.673324850551532,0.021521526143419567
0.0025775,15.671759049977247,0.004848585144506542
0.002578,15.670130429819494,0.0
0.0025785,15.668498207879194,0.0
0.002579,15.666866155953329,0.0
0.0025795,15.6652342740242,0.0
0.0025800000000000003,15.663602562074088,4.970988947558702e-05
0.0025805,15.661977359323728,0.0025360873755881598
0.002581,15.660364761334845,0.005024187230876566
0.0025815,15.658764775373047,0.007513996042226688
0.002582,15.657177408636116,0.010005500388830392
0.0025825,15.655602668253968,0.012498686842257686
0.0025830000000000002,15.654040561288612,0.014993541966528984
0.0025835,15.652491094734136,0.017490052318187305
0.002584,15.650954275516666,0.01998820444637058
0.0025845,15.64943011049432,0.022487984892883985
0.002585,15.64791860645723,0.02498938019227221
0.0025855,15.646419770127439,0.02749237687189196
0.002586,15.64493360815893,0.029996961451984265
0.0025865000000000003,15.64346012713759,0.03250312044574695
0.002587,15.641977848956007,0.021989568639635745
0.0025875,15.640417735315621,0.005349972565017153
0.002588,15.63879317713313,0.0
0.0025885,15.637164219323378,0.0
0.002589,15.635535431188064,0.0
0.0025895000000000002,15.633906812709517,0.0
0.00259,15.632278363870077,0.0
0.0025905,15.630656256991326,0.0025196995021537516
0.002591,15.629046921144937,0.005041117993326751
0.0025915,15.62745036356188,0.007564241883538935
0.002592,15.625866591404419,0.010089057575153533
0.0025925,15.62429561176603,0.012615551462950196
0.0025930000000000003,15.622737431671451,0.015143709934198151
0.0025935,15.62119205807657,0.01767351936872939
0.002594,15.61965949786848,0.02020496613901189
0.0025945,15.618139757865373,0.022738036610222827
0.002595,15.616632844816548,0.025272717140321904
0.0025955,15.615138765402381,0.02780899408012464
0.0025960000000000002,15.613657526234295,0.03034685377337574
0.0025965,15.612189133854711,0.03288628255682239
0.002597,15.610712110111896,0.022405995040516387
0.0025975,15.60915741666209,0.00579965757946796
0.002598,15.607536903427961,0.0
0.0025985,15.605911201313868,0.0
0.002599,15.604285668535102,0.0
0.0025995000000000002,15.60266030507403,0.0
0.0026,15.601035110913013,0.0
0.0026005,15.599416339800086,0.002552935281138427
0.002601,15.597810505533646,0.005107585916170894
0.0026015,15.596217615308783,0.0076639381387379555
0.002602,15.594637676250992,0.0102219781748621
0.0026025,15.593070695416142,0.012781692243021782
0.002603,15.591516679790443,0.015343066554225513
0.0026035,15.58997563629041,0.01790608731208602
0.002604,15.588447571762847,0.020470740712894345
0.0026045,15.586932492984813,0.023037012945694074
0.002605,15.585430406663594,0.02560489019235552
0.0026055,15.583941319436656,0.028174358627649956
0.0026060000000000002,15.582465237871666,0.03074540441932392
0.0026065,15.581002168466403,0.03331801372817351
0.002607,15.579530633023618,0.0228709009883473
0.0026075,15.577981593153144,0.006297732379001227
0.002608,15.576365267056257,0.0
0.0026085,15.574742811821896,0.0
0.002609,15.573120525584656,0.0
0.0026095,15.571498408326935,0.0
0.00261,15.569876460031143,0.0
0.0026105,15.56826101565129,0.0025860810625842256
0.002611,15.566658673483047,0.005173873853780648
0.0026115,15.565069440685726,0.007763364431328055
0.002612,15.563493324348167,0.010354538845385678
0.0026125000000000002,15.561930331488696,0.012947383138608184
0.002613,15.560380469055117,0.015541883346220685
0.0026135,15.55884374392466,0.018138025496093804
0.002614,15.557320162903983,0.02073579560881875
0.0026145,15.555809732729116,0.023335179697782416
0.002615,15.554312460065436,0.025936163769242546
0.0026155,15.552828351507637,0.028538733822402875
0.0026160000000000003,15.551357413579726,0.031142875849488383
0.0026165,15.549899652734963,0.03374857583582044
0.002617,15.548433590730692,0.023334548040120796
0.0026175,15.546890189130496,0.0067944584661673085
0.002618,15.54527812538217,0.0
0.0026185,15.543658908226444,0.0
0.0026190000000000002,15.54203985973057,0.0
0.0026195,15.54042097987697,0.0
0.00262,15.53880226864808,0.0
0.0026205,15.537190141983759,0.002619136998160279
0.002621,15.535591282447928,0.005239982109477717
0.0026215,15.534005697164217,0.007862521216266129
0.002622,15.532433393184908,0.0104867401932982
0.0026225000000000003,15.53087437749089,0.01311262490788139
0.002623,15.529328656991673,0.01574016121993389
0.0026235,15.527796238525315,0.018369334982060604
0.002624,15.526277128858416,0.021000132039629128
0.0026245,15.524771334686081,0.023632538230845827
0.002625,15.523278862631907,0.026266539386831884
0.0026255000000000002,15.52179971924793,0.02890212133169941
0.002626,15.520333911014614,0.03153926988262756
0.0026265,15.518881444340819,0.03417797084993872
0.002627,15.517420840938618,0.0237969383174033
0.0026275,15.515883062325452,0.007289838113896349
0.002628,15.514275320843957,0.0
0.0026285,15.512659332982214,0.0
0.0026290000000000003,15.511043513443948,0.0
0.0026295,15.509427862211625,0.0
0.00263,15.50781237926771,0.0
0.0026305,15.506203561318214,0.0026521032554069493
0.002631,15.504608174966673,0.00530591101832447
0.0026315,15.503026227301138,0.00796140899611734
0.0026320000000000002,15.501457725337422,0.010618582888647496
0.0026325,15.49990267601911,0.013277418388350904
0.002633,15.498361086217493,0.01593790118031442
0.0026335,15.496832962731563,0.018600016942352703
0.002634,15.495318312287987,0.02126375134508513
0.0026345,15.493817141541058,0.02392909005201278
0.002635,15.492329457072692,0.026596018719595407
0.0026355000000000003,15.490855265392382,0.029264522997328513
0.002636,15.489394572937174,0.03193458852782034
0.0026365,15.487947386071651,0.034606200946868976
0.002637,15.48649222646273,0.024258074163768135
0.0026375,15.484960055581823,0.007783873832964661
0.002638,15.483356708547534,0.0
0.0026385000000000002,15.48174394121019,0.0
0.002639,15.48013134186087,0.0
0.0026395,15.478518910482068,0.0
0.00264,15.476906647056296,0.0
0.0026405,15.475301128836355,0.0026849799883947017
0.002641,15.47370920623721,0.005371660888445012
0.0026415,15.472130886311422,0.00806002823304174
0.0026420000000000003,15.470566176038437,0.010750067547611084
0.0026425,15.4690150823246,0.013441764350192408
0.002643,15.46747761200312,0.016135104151516002
0.0026435,15.465953771834027,0.018830072455080952
0.002644,15.464443568504153,0.021526654757232963
0.0026445,15.462947008627106,0.024224836547242265
0.002645,15.46146409874322,0.02692460330738152
0.0026455,15.459994845319562,0.029625940513003796
0.002646,15.458539254749887,0.03232883363262049
0.0026465,15.457097333354614,0.03503326812797937
0.002647,15.455647602755633,0.024717957734371205
0.0026475,15.454121024378463,0.008276567932288325
0.002648,15.45252213423646,0.0
0.0026485000000000002,15.450912578669998,0.0
0.002649,15.449303190757009,0.0
0.0026495,15.447693970480037,0.0
0.00265,15.446084917821633,0.0
0.0026505,15.444482690362467,0.002717767361149281
0.002651,15.442894222101108,0.005437232047872868
0.0026515,15.44131952005471,0.008158379419061853
0.002652,15.43975859116648,0.010881194826180822
0.0026525,15.438211442305636,0.013605663613346523
0.002653,15.436678080267386,0.01633177111740662
0.0026535,15.43515851177291,0.01905950266801842
0.002654,15.433652743469315,0.02178884358772761
0.0026545,15.432160781929612,0.024519779192047175
0.0026550000000000002,15.430682633652701,0.027252294789536103
0.0026555,15.429218305063323,0.029986375681878355
0.002656,15.42776780251206,0.03272200716396168
0.0026565,15.426331132275285,0.035459174523956576
0.002657,15.424886815929979,0.02517659132362391
0.0026575,15.423365814855895,0.008767922869974252
0.002658,15.42177145051407,0.0
0.0026585,15.420165097980336,0.0
0.002659,15.418558912766452,0.0
0.0026595,15.416952894854987,0.0
0.00266,15.415347044228518,0.0
0.0026605,15.413748098577054,0.002750465530402132
0.002661,15.412163075255375,0.005502624810053809
0.0026615000000000002,15.410591981245345,0.008256463024319784
0.002662,15.409034823453991,0.011011965351176309
0.0026625,15.40749160871351,0.013769116961290746
0.002663,15.40596234378123,0.016527903018101166
0.0026635,15.404447035339572,0.01928830867789606
0.002664,15.402945689996027,0.022050319089893997
0.0026645,15.401458314283136,0.024813919396323377
0.0026650000000000003,15.399984914658454,0.02757909473250218
0.0026655,15.398525497504533,0.030345830226917753
0.002666,15.39708006912888,0.03311411100130658
0.0026665,15.395648635763951,0.035883922170734155
0.002667,15.394209718941948,0.025633977123903494
0.0026675,15.392694279996972,0.009257940994815441
0.0026680000000000002,15.391104506658806,0.0
0.0026685,15.389501348435346,0.0
0.002669,15.387898357199008,0.0
0.0026695,15.386295532932401,0.0
0.00267,15.38469287561814,0.0
0.0026705,15.383097202837412,0.002783074656420269
0.002671,15.381515615074202,0.005567839495504316
0.0026715000000000003,15.379948119275165,0.008354279529563116
0.002672,15.378394722311286,0.011142379763557034
0.0026725,15.376855430977823,0.013932125195176339
0.002673,15.37533025199432,0.01672350081492179
0.0026735,15.37381919200456,0.019516491606185148
0.002674,15.372322257576517,0.02231108254532986
0.0026745000000000002,15.37083945520237,0.025107258601771668
0.002675,15.369370791298454,0.027905004738059284
0.0026755,15.367916272205226,0.030704305909955085
0.002676,15.366475904187254,0.033505147066515785
0.0026765,15.365049693433185,0.03630751315017331
0.002677,15.363616161430564,0.026090117377044097
0.0026775,15.362106269467978,0.009746624708590373
0.0026780000000000003,15.360521152531787,0.0
0.0026785,15.358921179911775,0.0
0.002679,15.35732137394708,0.0
0.0026795,15.35572173462033,0.0
0.00268,15.354122261914169,0.0
0.0026805,15.352529853083217,0.002815594898851087
0.0026810000000000002,15.350951691514082,0.00563287642350173
0.0026815,15.349387784118305,0.008451829413680815
0.002682,15.347838137730898,0.011272438701804407
0.0026825,15.346302759110323,0.014094689113057206
0.002683,15.344781654938418,0.016918565465473972
0.0026835,15.343274831820423,0.01974405257002107
0.002684,15.341782296284933,0.02257113523067795
0.0026845000000000003,15.340304054783866,0.02539979824451875
0.002685,15.338840113692436,0.028230026401793822
0.0026855,15.337390479309123,0.031061804486011358
0.002686,15.335955157855674,0.03389511727401905
0.0026865,15.334534155477055,0.03672994953608575
0.002687,15.333105993616268,0.026545014316211726
0.0026875000000000002,15.331601633516511,0.010233976403790934
0.002688,15.330021241171385,0.0
0.0026885,15.328424445463321,0.0
0.002689,15.326827816079652,0.0
0.0026895,15.325231353003048,0.0
0.00269,15.323635056216201,0.0
0.0026905,15.322045902429752,0.002848026413963508
0.0026910000000000002,15.320471157706754,0.005697735906566795
0.0026915,15.318910828923732,0.008549113145427533
0.002692,15.317364922879847,0.011402142790888262
0.0026925,15.315833446296809,0.014256809496098736
0.002693,15.314316405818898,0.017113097907098324
0.0026935,15.312813808012914,0.0199709926628984
0.002694,15.311325659368158,0.022830478395564763
0.0026945,15.309851966296394,0.025691539730300136
0.002695,15.308392735131841,0.028554161285526607
0.0026955,15.306947972131136,0.031418327672968205
0.002696,15.305517683473315,0.03428402349773338
0.0026965,15.304101875259763,0.03715123335839764
0.002697,15.302679068889063,0.026998670127314734
0.0026975000000000002,15.301180225559154,0.010719998422279763
0.002698,15.299604619461249,0.0
0.0026985,15.298010991989564,0.0
0.002699,15.29641753051227,0.0
0.0026995,15.294824235012062,0.0
0.0027,15.293231105471675,0.0
0.0027005,15.29164519784081,0.0028803693645709466
0.002701,15.290073860633171,0.0057624182703085395
0.0027015,15.288517100690383,0.008646131213189223
0.002702,15.28697492477582,0.011531492681951923
0.0027025,15.285447339574576,0.01441848715818126
0.002703,15.283934351693462,0.017307099116390882
0.0027035,15.282435967660941,0.020197313024106742
0.0027040000000000002,15.280952193927124,0.023089113341950462
0.0027045,15.279483036863754,0.025982484523722687
0.002705,15.278028502764148,0.028877411016486505
0.0027055,15.276588597843205,0.03177387726065084
0.002706,15.275163328237355,0.03467186769005394
0.0027065,15.273752700004563,0.03757136673204683
0.002707,15.272335234499106,0.02745108708780549
0.0027075000000000003,15.270841892873753,0.011204693203994706
0.002708,15.269271144420513,0.0
0.0027085,15.267680676524535,0.0
0.002709,15.26609037429384,0.0
0.0027095,15.264500237711172,0.0
0.00271,15.262910266759281,0.0
0.0027105000000000002,15.261327596410327,0.0029126239027094662
0.002711,15.259759657403295,0.005826923818782457
0.0027115,15.258206456544976,0.008742884073023397
0.002712,15.256668000563074,0.011660488983036683
0.0027125,15.25514429610618,0.014579722859310792
0.002713,15.253635349743707,0.01750057000530252
0.0027135,15.252141167965904,0.020423014717521185
0.0027140000000000003,15.250661757183803,0.023347041285612886
0.0027145,15.249197123729221,0.026272633992444748
0.002715,15.247747273854696,0.029199777114189262
0.0027155,15.246312213733498,0.03212845492040858
0.002716,15.244891949459584,0.035058651674138915
0.0027165,15.243486487047582,0.037990351631974846
0.0027170000000000002,15.242074347807609,0.027902267324382484
0.0027175,15.2405864928474,0.011688063027364234
0.002718,15.239020661208361,0.0
0.0027185,15.237433344243563,0.0
0.002719,15.235846192615835,0.0
0.0027195,15.234259206307968,0.0
0.00272,15.232672385302736,0.0
0.0027205000000000003,15.231092943378552,0.0029447901930261516
0.002721,15.229528393274698,0.005891252881264708
0.0027215,15.227978741763254,0.00883937221881642
0.002722,15.226443995536352,0.01178913235261934
0.0027225,15.224924161206152,0.014740517422533947
0.002723,15.223419245304802,0.01769351156142819
0.0027235000000000002,15.221929254284422,0.020648098895262645
0.002724,15.220454194517087,0.02360426354317567
0.0027245,15.218994072294777,0.026561989617568546
0.002725,15.217548893829381,0.029521261224190715
0.0027255,15.216118665252642,0.03248206246222499
0.002726,15.214703392616169,0.035444377424372876
0.0027265,15.213303081891377,0.038408190196939695
0.0027270000000000003,15.211896254344317,0.028352213140148706
0.0027275,15.210413871037833,0.012170110359806838
0.002728,15.208853028069653,0.0
0.0027285,15.207268853406244,0.0
0.002729,15.205684843752602,0.0
0.0027295,15.204100999091546,0.0
0.0027300000000000002,15.20251731940588,0.0
0.0027305,15.200941097064446,0.0029768683862537774
0.002731,15.199379926582246,0.0059554057592043665
0.0027315,15.19783381469673,0.008935596102716332
0.002732,15.196302768064559,0.011917423393528838
0.0027325,15.194786793261546,0.014900871601341643
0.002733,15.193285896782678,0.017885924688901086
0.0027335000000000003,15.191800085042074,0.020872566612086106
0.002734,15.19032936437293,0.02386078131999431
0.0027345,15.18887374102753,0.02685055275502799
0.002735,15.1874332211772,0.029841864852980297
0.0027355,15.186007810912287,0.032834701543121354
0.002736,15.184597516242151,0.03582904674828442
0.0027365000000000002,15.183202343095111,0.038824884384952026
0.002737,15.181800812693293,0.028800926643570892
0.0027375,15.180323886054763,0.012650837460218483
0.002738,15.178768092221404,0.0
0.0027385,15.177187051245525,0.0
0.002739,15.175606174953009,0.0
0.0027395,15.174025463326707,0.0
0.0027400000000000002,15.172444916349455,6.016007392179679e-05
0.0027405,15.170872205549832,0.003069018561978102
0.002741,15.169314706176735,0.006079542217866579
0.0027415,15.167772424931474,0.00909171485571812
0.002742,15.166245368433747,0.0121055202825771
0.0027425,15.164733543221548,0.015120942298488241
0.002743,15.16323695575121,0.018137964696583537
0.0027435,15.161755612397323,0.021156571263169114
0.002744,15.160289519452753,0.02417674577781226
0.0027445,15.158838683128579,0.027198472013428336
0.002745,15.157403109554084,0.030221733736367804
0.0027455,15.155982804776745,0.033246514706503257
0.002746,15.154577774762204,0.03627279867731648
0.0027465000000000002,15.153188025394206,0.03930056939598547
0.002747,15.151792077849475,0.0293085388837003
0.0027475,15.150320893099831,0.01319037090733051
0.002748,15.148770461905656,0.0
0.0027485,15.14719254552345,0.0
0.002749,15.145614793499146,0.0
0.0027495,15.144037205815621,0.0
0.0027500000000000003,15.142459782455758,6.0798056823134166e-05
0.0027505,15.14089027628541,0.0031015539670952393
0.002751,15.13933614067827,0.006143971553062199
0.0027515,15.137797382301219,0.009188034459578425
0.002752,15.136274007738635,0.012233726324448914
0.0027525,15.134766023492393,0.015281030778517009
0.0027530000000000002,15.133273435981845,0.018329931445752158
0.0027535,15.131796251543765,0.021380411943337802
0.002754,15.130334476432342,0.024432455881759137
0.0027545,15.128888116819168,0.027486046864891044
0.002755,15.127457178793177,0.030541168490085938
0.0027555,15.12604166836067,0.03359780434826176
0.002756,15.124641591445247,0.03665593802398983
0.0027565000000000003,15.123256953887807,0.03971555309558292
0.002757,15.121866276821358,0.029755361415411793
0.0027575,15.120400521173186,0.013669026581573747
0.002758,15.11885528480683,0.0
0.0027585,15.117280484429857,0.0
0.002759,15.115705848086217,0.0
0.0027595000000000002,15.114131375758824,0.0
0.00276,15.112557067430593,0.0
0.0027605,15.110990449925596,0.0030725658175092658
0.002761,15.109439361716689,0.00614679015491854
0.0027615,15.107903809438003,0.009222656488234468
0.002762,15.106383799640362,0.012300148286449531
0.0027625,15.104879338791237,0.015379249011630684
0.0027630000000000003,15.103390433274729,0.018459942119008085
0.0027635,15.101917089391522,0.021542211057063734
0.002764,15.100459313358883,0.024626039267620296
0.0027645,15.099017111310634,0.02771141018592979
0.002765,15.097590489297117,0.030798307240762414
0.0027655,15.096179453285178,0.033886713854495376
0.0027660000000000002,15.094784009158131,0.036976613443201654
0.0027665,15.093404162715768,0.04006798941673902
0.002767,15.092018435049132,0.030139553459067353
0.0027675,15.090557787042705,0.014084968999918134
0.002768,15.08901753284442,0.0
0.0027685,15.087445840407971,0.0
0.002769,15.085874311681126,0.0
0.0027695000000000003,15.084302946646837,0.0
0.00277,15.082731745288054,0.0
0.0027705,15.081168312159878,0.0031042932377058218
0.002771,15.079620566616665,0.006210241525161456
0.0027715,15.078088515258312,0.009317828169998892
0.002772,15.076572164600552,0.01242703647287284
0.0027725000000000002,15.075071521074925,0.015537849727550245
0.002773,15.073586591028771,0.018650251220999888
0.0027735,15.072117380725178,0.021764224233481996
0.002774,15.070663896342973,0.024879752038637827
0.0027745,15.069226143976703,0.027996817903579357
0.002775,15.06780412963659,0.031115405088978962
0.0027755,15.06639785924853,0.034235496849159115
0.0027760000000000003,15.06500733865407,0.03735707643218215
0.0027765,15.063632573610368,0.040480127079939886
0.002777,15.06225208516502,0.03058336030847222
0.0027775,15.060796834158223,0.014560439379637233
0.002778,15.059261892021283,0.0
0.0027785,15.05769329897255,0.0
0.0027790000000000002,15.05612486931059,0.0
0.0027795,15.054556603018378,0.0
0.00278,15.052988500078898,0.0
0.0027805,15.051428242564382,0.0031359333465452296
0.002781,15.049883830488113,0.006273518282239651
0.0027815,15.048355270415842,0.009412737946803968
0.002782,15.046842568828296,0.012553575473018344
0.0027825000000000003,15.04534573212121,0.015696013986812866
0.002783,15.043864766605227,0.018840036607358012
0.0027835,15.042399678505948,0.021985626447155123
0.002784,15.040950473963877,0.025132766612126916
0.0027845,15.039517159034391,0.028281440201708044
0.002785,15.038099739687723,0.03143163030893564
0.0027855,15.036698221808923,0.03458332002053993
0.002786,15.03531261119787,0.03773649241703485
0.0027865,15.03394291356922,0.040891130572808645
0.002787,15.032567649927241,0.031025945836443216
0.0027875,15.031117781067957,0.01503460130238525
0.002788,15.029588209530601,0.0
0.0027885,15.028022707332704,0.0
0.0027890000000000002,15.026457368199623,0.0
0.0027895,15.02489219211438,0.0
0.00279,15.023327179059992,0.0
0.0027905,15.021770088412294,0.0031674863065117432
0.002791,15.020229000621345,0.006336620751103863
0.0027915,15.018703922218819,0.00950738630604826
0.002792,15.017194859650568,0.012679765936712967
0.0027925,15.015701819276574,0.0158537426016535
0.002793,15.014224807370944,0.019029299252704204
0.0027935,15.012763830121878,0.02220641883506959
0.002794,15.011318893631648,0.025385084287415784
0.0027945,15.009890003916574,0.028565278541961982
0.002795,15.008477166906992,0.0317469845245718
0.0027955000000000002,15.007080388447239,0.034930185154844834
0.002796,15.005699674295643,0.038114863346208123
0.0027965,15.004335030124466,0.041301002006007705
0.002797,15.002964976894763,0.03146731231582873
0.0027975,15.001520475358516,0.015507457203167572
0.002798,14.999996346079126,0.0
0.0027985,14.998433926209668,0.0
0.0027990000000000003,14.996871669083976,0.0
0.0027995,14.995309574685093,0.0
0.0028,14.993747642996073,0.0
0.0028005,14.99219371048321,0.0031989522657203044
0.002801,14.990655937811551,0.006399549227967783
0.0028015,14.989134331478793,0.009601773692027226
0.0028020000000000002,14.98762889789599,0.01280560845631615
0.0028025,14.986139643387496,0.016011036312476985
0.002803,14.984666574190959,0.01921804004546933
0.0028035,14.983209696457289,0.0224266024336622
0.002804,14.981769016250636,0.0256367062489263
0.0028045,14.98034453954836,0.02884833425672637
0.002805,14.978936272241029,0.032061469216213466
0.0028055000000000003,14.977544220132366,0.035276093880317376
0.002806,14.976168388939245,0.03849219099583901
0.0028065,14.974808784291675,0.041709743303542726
0.002807,14.97344392710762,0.031907461818477444
0.0028075,14.97200477809513,0.015979009301649565
0.002808,14.970486144605841,5.2129229236977154e-05
0.0028085000000000002,14.968926803771197,0.0
0.002809,14.96736762014721,0.0
0.0028095,14.965808598929897,0.0
0.00281,14.964249740102334,0.0
0.0028105,14.962698957008532,0.0032303313856357333
0.002811,14.961164490307137,0.006462304035743384
0.0028115,14.95964634646198,0.009695900589081497
0.0028120000000000003,14.958144531849408,0.012931103677577795
0.0028125,14.956659052758239,0.016167895926422284
0.002813,14.955189915389763,0.01940625995416036
0.0028135,14.953737125857705,0.022646178372785934
0.002814,14.95230069018819,0.025887633787834635
0.0028145,14.950880614319743,0.029130608798476988
0.0028150000000000002,14.949476904103252,0.03237508599761157
0.0028155,14.948089565301947,0.035621047971958385
0.002816,14.946718603591385,0.03886847730215195
0.0028165,14.945364024559424,0.042117356562834746
0.002817,14.944004349081032,0.03234639660297902
0.0028175,14.94257053782048,0.01644926001756065
0.002818,14.94105739808476,0.0005536901167740862
0.0028185000000000003,14.939501196316227,0.0
0.002819,14.937945077703233,0.0
0.0028195,14.936389121177655,0.0
0.00282,14.934833326722611,0.0
0.0028205,14.933285684347439,0.0032616238190758106
0.002821,14.931754514483393,0.006524885480049515
0.0028215000000000002,14.930239823560534,0.009789767455613444
0.002822,14.928741617920586,0.01305625221166548
0.0028225,14.92725990381695,0.016324322207403024
0.002823,14.925794687414653,0.019593959895417
0.0028235,14.924345974790324,0.022865147721785866
0.002824,14.922913771932187,0.026137868126169674
0.0028245,14.92149808474003,0.02941210354190408
0.0028250000000000003,14.920098919025174,0.03268783639609452
0.0028255,14.91871628051048,0.035965049109710316
0.002826,14.917350174830283,0.03924372409767869
0.0028265,14.916000607530398,0.04252384376897911
0.002827,14.914646099442955,0.03278411880696597
0.0028275,14.913217611188514,0.01691821164104332
0.0028280000000000002,14.911709950029579,0.0010538654158807016
0.0028285,14.910156957351285,0.0
0.002829,14.90860389527384,0.0
0.0028295,14.907050994965443,0.0
0.00283,14.905498256409237,0.0
0.0028305,14.903953746067893,0.0032928297218278377
0.002831,14.902425863924693,0.006587293872443742
0.0028315000000000002,14.900914616376006,0.00988337475893305
0.002832,14.899420009729058,0.0131810546816229
0.0028325,14.897942050201912,0.016480315934177103
0.002833,14.896480743923437,0.019781140803691016
0.0028335,14.895036096933271,0.023083511570786395
0.002834,14.893608115181834,0.02638741050970639
0.0028345,14.892196804530295,0.02969281988841044
0.002835,14.890802170750515,0.03299972196866924
0.0028355,14.889424219525065,0.03630809900615971
0.002836,14.888062956447193,0.039617933250560115
0.0028365,14.886718387020805,0.042929206945645
0.002837,14.885369032035284,0.033220630609608864
0.0028375,14.88394585206763,0.01738586650674177
0.0028380000000000002,14.882443654335972,0.0015526576166460103
0.0028385,14.880893938549642,0.0
0.002839,14.879343924547747,0.0
0.0028395,14.877794071997403,0.0
0.00284,14.87624438088179,0.0
0.0028405,14.874702993905306,0.0033239492516287726
0.002841,14.873178390383071,0.006649529528382721
0.0028415000000000003,14.871670576677865,0.009976722972198544
0.002842,14.870179559062484,0.013305511718290933
0.0028425,14.868705343719755,0.01663587789524829
0.002843,14.867247936742485,0.019967803625128434
0.0028435,14.865807344133456,0.023301271023554445
0.002844,14.864383571805371,0.026636262199810398
0.0028445000000000002,14.862976625580862,0.0299727592569372
0.002845,14.861586511192469,0.033310744291828454
0.0028455,14.8602132342826,0.03665019939532627
0.002846,14.858856800403512,0.03999110665231721
0.0028465,14.857517215017314,0.04333344814182817
0.002847,14.85617299887076,0.03365593421735088
0.0028475,14.854755112497406,0.017852226978518466
0.0028480000000000003,14.85325836307114,0.0020500692403228635
0.0028485,14.85171199894686,0.0
0.002849,14.850165024575178,0.0
0.0028495,14.848618211338447,0.0
0.00285,14.84707155921987,0.0
0.0028505,14.845533286954323,0.0033549825583861475
0.0028510000000000002,14.84401195296896,0.006711592747665134
0.0028515,14.842507563593054,0.010069812545082605
0.002852,14.841020125065091,0.013429623921198255
0.0028525,14.839549643532763,0.016791008839982444
0.002853,14.838096125052902,0.02015394925891277
0.0028535,14.836659575591506,0.023518427129070766
0.002854,14.835240001023694,0.026884424395238495
0.0028545000000000003,14.833837407133682,0.030251922995995294
0.002855,14.832451799614777,0.033620904863814444
0.0028555,14.83108318406933,0.03699135192515999
0.002856,14.829731566008741,0.04036324610058339
0.0028565,14.82839695085342,0.043736569304820345
0.002857,14.827057859307613,0.03409003172711623
0.0028575000000000002,14.825645251861578,0.01831729530290333
0.002858,14.824153935645043,0.002546102683019353
0.0028585,14.822610987676915,0.0
0.002859,14.821067044505861,0.0
0.0028595,14.81952326215401,0.0
0.00286,14.817979640604614,0.0
0.0028605,14.816444474412187,0.003385929802537245
0.0028610000000000003,14.814926400896498,0.006773483851147986
0.0028615,14.813425426353424,0.01016264395884355
0.002862,14.81194155698723,0.013553391931985292
0.0028625,14.810474798910555,0.016945709570382026
0.002863,14.809025158144385,0.020339578667387545
0.0028635,14.80759264061804,0.023734981009998126
0.0028640000000000002,14.806177252169133,0.027131898378950022
0.0028645,14.804778998543588,0.03053031254881711
0.002865,14.803397885395567,0.03393020528810838
0.0028655,14.8020339182875,0.03733155835936557
0.002866,14.80068710269002,0.04073435351926081
0.0028665,14.799357443981972,0.04413857251869424
0.002867,14.798023462825212,0.034522925383120295
0.0028675000000000003,14.796616119666801,0.018781073884225907
0.002868,14.795130221592451,0.0030407605091497345
0.0028685,14.793590764912404,0.0
0.002869,14.79204984452693,0.0
0.0028695,14.79050908464581,0.0
0.00287,14.788968485252314,0.0
0.0028705000000000002,14.787436416510097,0.003416791132780429
0.002871,14.785921594412565,0.006835203136211746
0.0028715,14.784424025222282,0.0102552176595269
0.002872,14.78294371510937,0.013676816345344707
0.0028725,14.781480670151517,0.017099980829768227
0.002873,14.780034896333966,0.020524692742483037
0.0028735,14.778606399549444,0.02395093370685569
0.0028740000000000003,14.777195185598197,0.02737868534003208
0.0028745,14.775801260187936,0.030807929253035896
0.002875,14.774424628933803,0.034238647050866995
0.0028755,14.77306529735839,0.03767082033259991
0.002876,14.7717232708917,0.0411044306914824
0.0028765,14.770398554871115,0.04453945971503392
0.0028770000000000002,14.769069669916233,0.03495461726537267
0.0028775,14.767667576431027,0.019243564950894722
0.002878,14.76618708145732,0.0035340450954942054
0.0028785,14.764651182589452,0.0
0.002879,14.763113276589936,0.0
0.0028795,14.761575530780778,0.0
0.00288,14.760037945145308,0.0
0.0028805000000000002,14.758508965246216,0.003447566706573118
0.002881,14.756997385531909,0.006896750917754036
0.0028815,14.755503212231718,0.010347534119452412
0.002882,14.754026451481739,0.013799897790999554
0.0028825,14.752567109324819,0.01725382340524761
0.002883,14.751125191710527,0.020709292428668806
0.0028835,14.749700704495128,0.024166286321454657
0.002884,14.748293653441575,0.027624786537615253
0.0028845,14.746904044219475,0.031084774525078532
0.002885,14.745531882405087,0.034546231725789626
0.0028855,14.74417717348127,0.03800913957581012
0.002886,14.742839922837495,0.04147347950541747
0.0028865,14.741520135769804,0.04493923293920438
0.0028870000000000002,14.74019633285565,0.0353851095764067
0.0028875,14.738799474456044,0.019704770862583498
0.002888,14.737324367569034,0.00402595895883792
0.0028885,14.73579209570224,0.0
0.002889,14.734257195704185,0.0
0.0028895,14.732722455583374,0.0
0.00289,14.73118787532317,0.0
0.0028905000000000003,14.729661975675583,0.0034782566781205383
0.002891,14.728153629325812,0.006958127504168431
0.0028915,14.726662842470052,0.010439593801184338
0.002892,14.725189621210463,0.013922636885666235
0.0028925,14.723733971555136,0.017407238067669462
0.002893,14.72229589941808,0.020893378650906826
0.0028935000000000002,14.72087541061918,0.024381039932848708
0.002894,14.719472510884222,0.027870203204823137
0.0028945,14.718087205844828,0.03136084975211601
0.002895,14.716719501038435,0.034852960854071184
0.0028955,14.715369401908303,0.038346517784190765
0.002896,14.714036913803485,0.041841501810235215
0.0028965,14.712722041978802,0.04533789419432363
0.0028970000000000003,14.711403306969673,0.03581440447326269
0.0028975,14.71001166909427,0.020164693930227233
0.002898,14.708541935306997,0.004516504563982313
0.0028985,14.70701336223422,0.0
0.002899,14.705481459867888,0.0
0.0028995,14.703949717066575,0.0
0.0029000000000000002,14.70241813381366,0.0
0.0029005,14.700895305841126,0.003508861198449143
0.002901,14.699390183853115,0.007019333197491326
0.0029015,14.697902774012787,0.010531397157751693
0.002902,14.69643308238845,0.014045034233348257
0.0029025,14.694981114953551,0.01756022557199286
0.002903,14.693546877586625,0.021076952315092056
0.0029035000000000003,14.6921303760713,0.024595195597848122
0.002904,14.690731616096274,0.02811493654936004
0.0029045,14.689350603255281,0.031636156292724454
0.002905,14.687987343047073,0.03515883594513676
0.0029055,14.686641840875412,0.038682956617992106
0.002906,14.685314102049052,0.042208499416986546
0.0029065000000000002,14.6840041317817,0.04573544544221797
0.002907,14.68269045056685,0.03624250406851599
0.0029075,14.68130401867995,0.020623336417123554
0.002908,14.679839643031887,0.005005684324919492
0.0029085,14.678314832649916,0.0
0.002909,14.67678591956117,0.0
0.0029095,14.675257165726073,0.0
0.0029100000000000003,14.67372857112804,7.07710820966046e-05
0.0029105,14.672209160107114,0.0036101513242275517
0.002911,14.670707607293187,0.007151138652543577
0.0029115,14.669223918814623,0.010693714065749076
0.002912,14.667758100704072,0.014237858556078804
0.0029125,14.666310158898549,0.017783553109399653
0.0029130000000000002,14.664880099239356,0.021330778705312435
0.0029135,14.66346792747208,0.0248795163172537
0.002914,14.66207364924655,0.028429746912597583
0.0029145,14.660697270116858,0.03198145145275767
0.002915,14.659338795541302,0.035534610893288875
0.0029155,14.657998230882379,0.03908920618398936
0.002916,14.656675581406777,0.04264521826900241
0.0029165000000000003,14.655370852285337,0.04620262808691843
0.002917,14.654062563967871,0.03674014485110556
0.0029175,14.652681676685361,0.021151429521392023
0.002918,14.651222997303408,0.005564223773289795
0.0029185,14.649702151877058,0.0
0.002919,14.648176219123766,0.0
0.0029195000000000002,14.646650445313695,0.0
0.00292,14.645124830430278,0.0
0.0029205,14.643608119523844,0.003569808359462403
0.002921,14.642109418668827,0.007141220853492006
0.0029215,14.640628733962599,0.010714218319272677
0.002922,14.639166071406057,0.01428878158755201
0.0029225,14.637721436903629,0.01786489148274394
0.0029230000000000003,14.636294836263241,0.02144252882303141
0.0029235,14.6348862751963,0.025021674420469032
0.002924,14.633495759317642,0.028602309081085773
0.0029245,14.632123294145565,0.03218441360498771
0.002925,14.630768885101771,0.035767968786460734
0.0029255,14.629432537511363,0.039352955414073305
0.002926,14.62811425660282,0.042939354270779315
0.0029265,14.626814047508,0.04652714613402071
0.002927,14.625510430636915,0.03709504005605912
0.0029275,14.624134366179936,0.021536696835658984
0.002928,14.622680660961263,0.005979857987312189
0.0029285,14.621163590754426,0.0
0.002929,14.619640630616185,0.0
0.0029295000000000002,14.618117829111533,0.0
0.00293,14.616595186223936,0.0
0.0029305,14.615081521357945,0.0036001574703778574
0.002931,14.61358601795584,0.007201915755923714
0.0029315,14.612108682082207,0.010805255532761366
0.002932,14.61064951970442,0.014410157470613584
0.0029325,14.609208536692519,0.01801660223290562
0.0029330000000000003,14.607785738819274,0.021624570476868703
0.0029335,14.606381131760097,0.025234042853643536
0.002934,14.60499472109309,0.02884500000838392
0.0029345,14.603626512298964,0.03245742258036026
0.002935,14.602276510761053,0.03607129120306312
0.0029355,14.6009447217653,0.03968658650430696
0.0029360000000000002,14.599631150500201,0.04330328910633366
0.0029365,14.59833580205685,0.04692137962591618
0.002937,14.597037196803699,0.03751956695469088
0.0029375,14.595666294888757,0.02199151173084161
0.002938,14.594217903093055,0.006464955308325123
0.0029385,14.592704804700956,0.0
0.002939,14.591184808868297,0.0
0.0029395000000000003,14.589664971360454,0.0
0.00294,14.588145292160936,0.0
0.0029405,14.586634664820666,0.003630421745116302
0.002941,14.585142349933495,0.0072624409952802595
0.0029415,14.583668353531355,0.01089603826600579
0.002942,14.582212681548114,0.014531194066440989
0.0029425000000000002,14.580775339819573,0.01816788889947244
0.002943,14.57935633408342,0.021806103261829565
0.0029435,14.57795566997921,0.025445817644189017
0.002944,14.576573353048364,0.029087012531279086
0.0029445,14.575209388734136,0.03272966840198408
0.002945,14.573863782381622,0.036373765729448795
0.0029455,14.572536539237674,0.04001928498118298
0.0029460000000000003,14.57122766445095,0.04366620661916577
0.0029465,14.569937163071886,0.04731451109995025
0.002947,14.568643555427478,0.037942907154996534
0.0029475,14.567277801623492,0.022445055262356732
0.002948,14.565834708397917,0.006948696615901237
0.0029485,14.564325652037619,0.0
0.0029490000000000002,14.56280861221581,0.0
0.0029495,14.561291730410918,0.0
0.00295,14.559775006606483,0.0
0.0029505,14.558267408292332,0.0036606013343452345
0.002951,14.556778272997994,0.007322796872880155
0.0029515,14.555307606722819,0.010986566970958246
0.002952,14.553855415367314,0.014651891977602211
0.0029525000000000003,14.552421704733097,0.018318752235609182
0.002953,14.55100648052288,0.02198712808165593
0.0029535,14.549609748340455,0.02565699984640403
0.002954,14.548231513690688,0.029328347854605172
0.0029545,14.546871781979474,0.03300115242520636
0.002955,14.545530558513736,0.03667539387145532
0.0029555000000000002,14.54420784850139,0.040351052501005645
0.002956,14.542903657051356,0.04402810861602217
0.0029565,14.541617989173512,0.047706542513286404
0.002957,14.540329365153536,0.038365062764530444
0.0029575,14.538968745055069,0.022897329688122803
0.002958,14.537530935573168,0.007431084318295377
0.0029585,14.536025984505835,0.0
0.0029590000000000003,14.5345118924156,0.0
0.0029595,14.532997958035244,0.0
0.00296,14.531484181348334,0.0
0.0029605,14.529979603576514,0.003690696395729083
0.002961,14.528493638969515,0.0073829837040350265
0.0029615,14.527026293494197,0.011076842120559443
0.0029620000000000002,14.525577573017781,0.014772251834648163
0.0029625,14.524147483307807,0.018469193029457244
0.002963,14.522736030032116,0.02216764588205905
0.0029635,14.521343218758847,0.02586759056354827
0.002964,14.519969054956395,0.029569007239148064
0.0029645,14.518613543993386,0.03327187606831612
0.002965,14.5172766911387,0.036976177204850844
0.0029655000000000003,14.515958501561443,0.04068189079699747
0.002966,14.514658980330871,0.04438899698755419
0.0029665,14.51337813241645,0.0480974759139784
0.002967,14.51209447806263,0.03878603598872156
0.0029675,14.510738977291037,0.023348337370915725
0.002968,14.50930643675394,0.00791212093560155
0.0029685000000000002,14.507805665559681,0.0
0.002969,14.506294512935966,0.0
0.0029695,14.504783517715952,0.0
0.00297,14.503272679883235,0.0
0.0029705,14.501771114184537,0.0037207070744765375
0.002971,14.500288311374678,0.0074430017791463675
0.0029715,14.498824277388117,0.011166864150387052
0.0029720000000000002,14.497379018058894,0.014892274218315241
0.0029725,14.495952539120564,0.018619212006893534
0.002973,14.4945448462062,0.02234765753403741
0.0029735,14.493155944848358,0.026077590811722073
0.002974,14.491785840479075,0.02980899184608945
0.0029745,14.490434538429852,0.033541840637555095
0.002975,14.489102043931613,0.037276117180915204
0.0029755,14.487788362114724,0.04101180146545355
0.002976,14.486493498008931,0.04474887347504854
0.0029765,14.485217456543378,0.04848731318828021
0.002977,14.483938757921416,0.03920582885876591
0.0029775,14.482588362122787,0.02379808048684782
0.002978,14.481161075757056,0.008391808788821634
0.0029785000000000002,14.47966454819565,0.0
0.002979,14.478156326788717,0.0
0.0029795,14.476648262480161,0.0
0.00298,14.47514035525361,0.0
0.0029805,14.47364179317452,0.0037506335269173385
0.002981,14.47216214328808,0.007502851410856547
0.0029815,14.47070141149645,0.01125663352937812
0.0029820000000000003,14.469259603600559,0.015011959753816405
0.0029825,14.467836725300087,0.018768809949387358
0.002983,14.466432782193419,0.022527163975296218
0.0029835,14.465047779777656,0.0262870016848453
0.002984,14.46368172344858,0.030048302925541757
0.0029845,14.462334618500634,0.03381104753920537
0.0029850000000000002,14.461006470126915,0.037575215362076364
0.0029855,14.45969728341917,0.04134078622492325
0.002986,14.458407063367725,0.04510773995315055
0.0029865,14.457135814861529,0.04887605636690689
0.002987,14.455862058062948,0.039624443561421356
0.0029875,14.454516752909932,0.02424656137869182
0.002988,14.453094705969512,0.008870150376714573
0.0029885000000000003,14.451602489669003,0.0
0.002989,14.450097191243964,0.0
0.0029895,14.448592049612838,0.0
0.00299,14.447087064759307,0.0
0.0029905,14.445591497861543,0.0037804759048522757
0.002991,14.444114992040786,0.007562532902750559
0.0029915000000000002,14.44265755316699,0.011346150712884438
0.002992,14.441219187008077,0.015131309048252068
0.0029925,14.439799899229932,0.01891798761576867
0.002993,14.438399695396363,0.022706166116375204
0.0029935,14.437018580969104,0.02649582424514683
0.002994,14.435656561307775,0.030286941691401607
0.0029945,14.434313641669885,0.03407949813880908
0.0029950000000000003,14.432989827210813,0.03787347326549895
0.0029955,14.43168512298377,0.04166884674416973
0.002996,14.430399533939799,0.045465598242197446
0.0029965,14.42913306492776,0.049263707421744275
0.002997,14.427864236069137,0.04004188222009596
0.0029975,14.426524007260237,0.02469378232135101
0.0029980000000000002,14.42510718502564,0.009347148125650979
0.0029985,14.423619349978312,0.0
0.002999,14.422116966314876,0.0
0.0029995,14.420614739141756,0.0
0.003,14.419112668442647,0.0
0.0030005,14.417620088302865,0.0038102343571647787
0.003001,14.416146717705749,0.007622046552578974
0.0030015000000000003,14.414692562489128,0.011435416147506655
0.003002,14.413257628388006,0.015250322697055051
0.0030025,14.411841921034576,0.019066745750283907
0.003003,14.410445445958155,0.022884664850314897
0.0030035,14.409068208585225,0.02670405953444105
0.003004,14.407710214239344,0.030524909334236187
0.0030045000000000002,14.406371468141183,0.0343471937756644
0.003005,14.405051975408501,0.03817089237918951
0.0030055,14.403751741056098,0.04199598465988462
0.003006,14.402470769995828,0.04582245012754158
0.0030065,14.401209067036584,0.0496502682867805
0.003007,14.399945152259098,0.040458146917388
0.0030075,14.398609985518124,0.025139745546007227
0.0030080000000000003,14.397198373295918,0.009822804415368935
0.0030085,14.395714982089686,0.0
0.003009,14.394215504982881,0.0
0.0030095,14.392716184063637,0.0
0.00301,14.391217019315688,0.0
0.0030105,14.38972741752625,0.0038399090402168852
0.0030110000000000002,14.388257173327203,0.0076813926730487534
0.0030115,14.386806292524335,0.011524430302278734
0.003012,14.385374780819848,0.015369001325567585
0.0030125,14.383962643812326,0.019215085134563912
0.003013,14.382569886996707,0.0230626611150144
0.0030135,14.381196515764291,0.02691170864687405
0.003014,14.379842535402704,0.03076220710441653
0.0030145000000000003,14.378507951095873,0.03461413585634439
0.003015,14.37719276792404,0.0384674742658994
0.0030155,14.375896990863714,0.042322201690972956
0.003016,14.374620624787656,0.04617829748421631
0.0030165,14.373363674464896,0.050035740993151015
0.003017,14.37210465993553,0.04087323984050791
0.0030175,14.370774541012896,0.025584453395917993
0.003018,14.369368124137036,0.010297121745144407
0.0030185,14.367889248999544,0.0
0.003019,14.366392670258664,0.0
0.0030195,14.364896247403449,0.0
0.00302,14.363399980417654,0.0
0.0030205,14.361913348585535,0.0038695000997039926
0.0030210000000000002,14.360446221974337,0.007740571555534766
0.0030215,14.358998606357902,0.011613193614238274
0.003022,14.357570507405711,0.015487345516472508
0.0030225,14.356161930682829,0.0193630064969185
0.003023,14.354772881649911,0.023240155784391443
0.0030235,14.353403365663189,0.02711877260195173
0.003024,14.352053387974442,0.030998836167016097
0.0030245000000000003,14.350722953730967,0.034880325691468726
0.003025,14.349412067975589,0.03876322038177246
0.0030255,14.34812073564663,0.04264749943907986
0.003026,14.346848961577889,0.04653314205934445
0.0030265,14.345596750498643,0.05042012743343189
0.003027,14.34434262240846,0.04128716302745981
0.0030275000000000002,14.343017537079358,0.026027908054489547
0.003028,14.341616300909301,0.010770102443758915
0.0030285,14.340142006205856,0.0
0.003029,14.33864831765525,0.0
0.0030295,14.337154784689254,0.0
0.00303,14.335661407291667,0.0
0.0030305,14.334177737039267,0.003899007689295657
0.0030310000000000003,14.33271371922188,0.007799583507359323
0.0030315,14.3312693595815,0.01170170654434276
0.003032,14.329844663754963,0.01560535588434403
0.0030325,14.328439637273938,0.019510510605519404
0.003033,14.327054285564884,0.023417149780195188
0.0030335,14.325688613949055,0.027325252474979744
0.0030340000000000002,14.324342627642478,0.03123479775087538
0.0030345,14.323016331755932,0.03514576466339028
0.003035,14.321709731294938,0.03905813226265051
0.0030355,14.320422831159732,0.04297187959351196
0.003036,14.319155636145267,0.046886985695672415
0.0030365,14.317908150941156,0.050803429603783576
0.003037,14.316658895506565,0.041699918627791696
0.0030375000000000003,14.315338829572328,0.026470111824629997
0.003038,14.313942759494452,0.011241748967452532
0.0030385,14.312473110037237,0.0
0.003039,14.310982303516207,0.0
0.0030395,14.309491652279599,0.0
0.00304,14.30800115631123,0.0
0.0030405000000000002,14.306520439276285,0.0039284319617780995
0.003041,14.305059521474776,0.00785842883407815
0.0030415,14.30361840861694,0.011789969550899854
0.003042,14.302197106307062,0.015723033040223437
0.0030425,14.300795620043491,0.019657598224122323
0.003043,14.299413955218597,0.02359364401887588
0.0030435,14.298052117118766,0.027531149335082158
0.0030440000000000003,14.296710110924373,0.03147009307777065
0.0030445,14.295387941709771,0.035410454146515065
0.003045,14.294085614443276,0.03935221143554617
0.0030455,14.292803133987162,0.043295343833864526
0.003046,14.291540505097613,0.047239830225353385
0.0030465,14.290297732424747,0.051185649488891496
0.0030470000000000002,14.289053335887417,0.04211150877869461
0.0030475,14.287738275175377,0.02691106699600887
0.003048,14.286347356602771,0.011712063758345218
0.0030485,14.284882423431107,0.0
0.003049,14.28339449079324,0.0
0.0030495,14.281906713140446,0.0
0.00305,14.280419090456581,0.0
0.0030505000000000003,14.278941318291453,0.003957773062909461
0.003051,14.277483491743249,0.00791710782719159
0.0030515,14.276045616490512,0.011877983071135417
0.003052,14.27462769810509,0.01584037756704462
0.0030525,14.273229742052115,0.019804270081350966
0.003053,14.271851753689946,0.02376963937472793
0.0030535000000000002,14.270493738270199,0.027736464202204256
0.003054,14.269155700937702,0.0317047233132775
0.0030545,14.267837646730491,0.03567439545202769
0.003055,14.266539580579796,0.03964545935723092
0.0030555,14.265261507309999,0.04361789376247296
0.003056,14.264003431638665,0.047591677396262945
0.0030565,14.262765358176484,0.05156678898214702
0.0030570000000000003,14.261525806802128,0.04252193551905073
0.0030575,14.260215737164394,0.027350775752973042
0.003058,14.258829955535711,0.012181049146221767
0.0030585,14.25736980052754,0.0
0.003059,14.255884733641613,0.0
0.0030595,14.254399821442258,0.0
0.0030600000000000002,14.252915063913363,0.0
0.0030605,14.251440228285999,0.003987031147803347
0.003061,14.249985484244853,0.007975620796909869
0.0030615,14.248550837436902,0.01196574757033852
0.003062,14.247136293401638,0.015957390085156852
0.0030625,14.24574185757105,0.01995052695259537
0.003063,14.24436753526961,0.02394513677816192
0.0030635000000000003,14.243013331714256,0.027941198161756074
0.003064,14.241679252014364,0.03193868969778354
0.0030645,14.240365301171757,0.035937589975270585
0.003065,14.239071484080664,0.03993787757797843
0.0030655,14.237797805527725,0.04393953108451783
0.003066,14.236544270191958,0.047942529068463406
0.0030665,14.235310882644756,0.05194685009846821
0.003067,14.234076162724719,0.042931201018606875
0.0030675,14.232771070039805,0.027789240420070502
0.003068,14.231390410820826,0.012648707610402887
0.0030685,14.22993510256408,0.0
0.003069,14.228452893313332,0.0
0.0030695,14.226970838451505,0.0
0.0030700000000000002,14.225488937962512,0.0
0.0030705,14.224017030555643,0.004016206364025587
0.003071,14.222565360290874,0.008033968038348533
0.0030715,14.221133932783676,0.012053263491157458
0.003072,14.219722753541282,0.016074071184723503
0.0030725,14.218331827962631,0.020096369575515468
0.003073,14.216961161338405,0.024120137114315085
0.0030735000000000003,14.215610758850957,0.02814535224633214
0.003074,14.214280625574325,0.03217199341131971
0.0030745,14.212970766474214,0.036200039043689486
0.003075,14.211681186407967,0.040229467572626944
0.0030755,14.21041189012457,0.04426025742220668
0.003076,14.209162882264618,0.04829238701150765
0.0030765000000000002,14.207934167360321,0.052325834754728504
0.003077,14.206704265210316,0.04333930734153153
0.0030775,14.205404135381832,0.028226463208738492
0.003078,14.204028584064181,0.013115041509567481
0.0030785,14.202578188759631,0.0
0.003079,14.201098829041962,0.0
0.0030795,14.199619623416396,0.0
0.0030800000000000003,14.198140571866887,8.088999677897797e-05
0.0030805,14.196671988807289,0.004126188647244546
0.003081,14.19522378798875,0.008173038995828191
0.0030815,14.193795974993183,0.012221419356375366
0.003082,14.192388555293501,0.016271308036850132
0.0030825,14.191001534253566,0.02032268333945115
0.0030830000000000002,14.189634917128185,0.02437552356072767
0.0030835,14.188288709063098,0.028429806991695606
0.003084,14.186962915094965,0.032485511917953534
0.0030845,14.185657540151318,0.036542616619798754
0.003085,14.184372589050579,0.04060109937234342
0.0030855,14.183108066502047,0.04466093844563048
0.003086,14.181863977105873,0.04872211210475005
0.0030865000000000003,14.18064032535303,0.05278459860995522
0.003087,14.179415631000175,0.04382710449700709
0.0030875,14.178120853571775,0.028743288048871166
0.003088,14.176750799213655,0.013660888264955325
0.0030885,14.175305749447782,0.0
0.003089,14.173829230464202,0.0
0.0030895000000000002,14.172352865276832,0.0
0.00309,14.170876653869657,0.0
0.0030905,14.169410577283017,0.004074301524809669
0.003091,14.167965027676665,0.008150152005825096
0.0030915,14.166540010603365,0.012227529602928961
0.003092,14.165135531506094,0.016306412470153964
0.0030925,14.16375159571802,0.020386778755799643
0.0030930000000000003,14.1623882084625,0.024468606602549226
0.0030935,14.161045374853028,0.028551874147586392
0.003094,14.159723099893279,0.032636559522712195
0.0030945,14.158421388477024,0.036722640854461995
0.003095,14.157140245388172,0.04081009626422213
0.0030955,14.15587967530073,0.04489890386834711
0.0030960000000000002,14.154639682778786,0.04898904177827631
0.0030965,14.1534202722765,0.053080488100650955
0.003097,14.152199963512954,0.04415194921765984
0.0030975,14.150909715974274,0.029097083258736545
0.003098,14.149544335767155,0.014043629069798192
0.0030985,14.148103959856993,0.0
0.003099,14.146630274248539,0.0
0.0030995000000000003,14.145156742141172,0.0
0.0031,14.143683363518907,0.0
0.0031005,14.142220190293466,0.004103229056434043
0.003101,14.14077768836849,0.008208003905158252
0.0031015,14.139355863265507,0.012314302552539425
0.003102,14.137954720395513,0.01642210299912799
0.0031025000000000002,14.136574265058908,0.020531383239775648
0.003103,14.135214502445532,0.02464212126375302
0.0031035,14.133875437634602,0.028754295054867277
0.003104,14.132557075594738,0.032867882591579814
0.0031045,14.131259421183909,0.03698286184712395
0.003105,14.129982479149453,0.0410992107896226
0.0031055,14.128726254128043,0.045216907382206024
0.0031060000000000003,14.127490750645665,0.04933592958312954
0.0031065,14.126275973117622,0.05345625534589132
0.003107,14.125060441223376,0.044556590899578606
0.0031075,14.123775114408675,0.029530594220566204
0.003108,14.122414798739081,0.014506004001755664
0.0031085,14.120979530918191,0.0
0.0031090000000000002,14.119508670626875,0.0
0.0031095,14.118037963542351,0.0
0.00311,14.11656740964866,0.0
0.0031105,14.115107131527411,0.004132074319474627
0.003111,14.11366766861635,0.00826569127632185
0.0031115,14.112249026405875,0.012400828723829171
0.003112,14.110851210275072,0.016537464509501252
0.0031125000000000002,14.109474225491693,0.020675576475178363
0.003113,14.108118077212144,0.02481514245715482
0.0031135,14.106782770481466,0.02895614028629746
0.003114,14.105468310233324,0.03309854778816414
0.0031145,14.104174701289992,0.03724234278312215
0.003115,14.102901948362323,0.04138750308646676
0.0031155,14.10165005604976,0.045534006508539844
0.0031160000000000003,14.100419028840323,0.04968183085484828
0.0031165,14.099208871110566,0.0538309539261826
0.003117,14.097998102500435,0.04496008179896409
0.0031175,14.096717682415402,0.02996287229694395
0.003118,14.095362416880015,0.014967063960443387
0.0031185,14.093932320890792,0.0
0.0031190000000000002,14.092464277873399,0.0
0.0031195,14.090996387769337,0.0
0.00312,14.089528650562688,0.0
0.0031205,14.088071259303716,0.004160837464664291
0.003121,14.086634826754983,0.008323214420765165
0.0031215,14.085219358375824,0.012487108568946607
0.003122,14.083824859513518,0.01665249760410322
0.0031225000000000003,14.082451335403253,0.02081935921549944
0.003123,14.081098791168104,0.024987671086888787
0.0031235,14.079767231819018,0.029157410896633155
0.003124,14.078456662254819,0.03332855631782211
0.0031245,14.077167087262175,0.037501085018392076
0.003125,14.07589851151557,0.04167497466124589
0.0031255000000000002,14.07465093957734,0.04585020290437192
0.003126,14.073424375897606,0.05002674740096346
0.0031265,14.072218824814291,0.054204585799538185
0.003127,14.071012805927944,0.04536242402428596
0.0031275,14.06973727860391,0.03039391974676892
0.003128,14.068387048825807,0.01542681135516228
0.0031285,14.06696213154849,0.00046117831240132906
0.0031290000000000003,14.065496960082049,0.0
0.0031295,14.06403187893021,0.0
0.00313,14.06256695038321,0.0
0.0031305,14.061112437759126,0.0041895186365463535
0.003131,14.059679026936358,0.008380573627559005
0.0031315,14.058266723343287,0.012573142521473473
0.0031320000000000002,14.056875532295466,0.016767202861009196
0.0031325,14.055505458995597,0.020962732183289614
0.003133,14.054156508533524,0.02515970801996219
0.0031335,14.052828685886215,0.029358107897318513
0.003134,14.051521995917742,0.033557909336414345
0.0031345,14.050236443379248,0.03775908985318981
0.003135,14.048972032908996,0.04196162695858947
0.0031355000000000003,14.04772876903227,0.04616549815868239
0.003136,14.046506656161434,0.05037068095478239
0.0031365,14.045305698595893,0.05457715284356826
0.003137,14.044104415896902,0.045763619597432324
0.0031375,14.042833767389778,0.030823738736181362
0.003138,14.041488559017333,0.015885248496278207
0.0031385000000000002,14.040068805692902,0.0009482281889895828
0.003139,14.038606573208453,0.0
0.0031395,14.037144292995626,0.0
0.00314,14.035682165095876,0.0
0.0031405,14.034230522894672,0.004218117988319622
0.003141,14.032800125177653,0.008437769203084236
0.0031415,14.031390977342328,0.012658931040955099
0.0031420000000000003,14.03000308467262,0.01688158089291064
0.0031425,14.028636452338864,0.021105696144367282
0.003143,14.02729108539775,0.02533125417530035
0.0031435,14.025966988792351,0.029558232360364978
0.003144,14.024664167352094,0.033786608069016864
0.0031445,14.023382625792724,0.03801635866563335
0.0031450000000000002,14.022122368716333,0.0422474615096342
0.0031455,14.020883400611316,0.04647989395560269
0.003146,14.019665725852356,0.050713633353406416
0.0031465,14.018469348700444,0.05494865704831834
0.003147,14.017272788677674,0.04616367066136636
0.0031475,14.01600700506943,0.03125233156103478
0.003148,14.014666803777853,0.01634237783250692
0.0031485000000000003,14.013252199674854,0.0014338886358135582
0.003149,14.011792979156803,0.0
0.0031495,14.010333491884122,0.0
0.00315,14.008874156633611,0.0
0.0031505,14.007425376658016,0.004246635666856343
0.003151,14.005997983442002,0.008494801441069292
0.0031515000000000002,14.004591982352304,0.01274447456795927
0.003152,14.003207378641305,0.016995632287197013
0.0031525,14.001844177447037,0.02124825183292521
0.003153,14.000502383793162,0.025502310433880206
0.0031535,13.99918200258895,0.029757785313513623
0.003154,13.997883038629261,0.03401465369011409
0.0031545,13.996605496594569,0.038272892776928996
0.0031550000000000003,13.995349381050898,0.042532479782286116
0.0031555,13.994114696449838,0.04679339190971541
0.003156,13.992901447128512,0.051055606358070764
0.0031565,13.991709637309611,0.05531910032165177
0.003157,13.990517786476165,0.046562579270554114
0.0031575,13.989256853873755,0.03167970042237178
0.003158,13.987921645363969,0.016798201711440544
0.0031585,13.98651217577738,0.0019181621469871806
0.003159,13.98505603950318,0.0
0.0031595,13.983599337186227,0.0
0.00316,13.982142786601354,0.0
0.0031605,13.980696860668866,0.00427507181937768
0.003161,13.979272463364621,0.008551670635940398
0.0031615000000000002,13.977869600024666,0.012829773544100394
0.003162,13.976488275869938,0.017109357632653262
0.0031625,13.975128496006256,0.021390399984900423
0.003163,13.973790265424345,0.025672877678771567
0.0031635,13.97247358899977,0.029956767786947128
0.003164,13.971178471492948,0.0342420473769808
0.0031645,13.969904917549135,0.03852869351142203
0.0031650000000000003,13.968652931698418,0.04281668324793851
0.0031655,13.967422518355681,0.0471059936394388
0.003166,13.966213681820609,0.051396601734194775
0.0031665,13.965026426277682,0.05568848457596426
0.003167,13.963839271170992,0.04696034748434215
0.0031675,13.962583175706415,0.03210584752646356
0.0031680000000000002,13.961252945705096,0.01725272248624793
0.0031685,13.959848595956437,0.002401051222549135
0.003169,13.958395610861047,0.0
0.0031695,13.956941685530335,0.0
0.00317,13.95548791164245,0.0
0.0031705,13.954044831585879,0.004303426598382788
0.003171,13.952623421620242,0.008608377092679172
0.0031715000000000003,13.951223687050973,0.012914828426825058
0.003172,13.949845633067657,0.017222757539172667
0.0031725,13.948489264744024,0.021532141362613774
0.003173,13.947154587037913,0.025842956824702976
0.0031735,13.945841604791292,0.03015518084778097
0.003174,13.944550322730237,0.03446879034909784
0.0031745000000000002,13.943280745464905,0.03878376224093637
0.003175,13.942032877489522,0.0431000734307353
0.0031755,13.940806723182376,0.0474177008212128
0.003176,13.939602286805824,0.05173662131048963
0.0031765,13.938419572506254,0.056056811792212655
0.003177,13.937237099688916,0.047356977435906666
0.0031775,13.935985827520108,0.03253077515867843
0.0031780000000000003,13.934660561780657,0.017705942594461472
0.0031785,13.933261317218898,0.002882558452167126
0.003179,13.931811558291638,0.0
0.0031795,13.930360401991733,0.0
0.00318,13.928909396846223,0.0
0.0031805,13.927469154512766,0.004331700147386231
0.0031810000000000002,13.926050723327696,0.008664921098299062
0.0031815,13.924654108565905,0.012999639646629129
0.003182,13.923279315385713,0.017335832580716255
0.0031825,13.921926348828821,0.021673476683473483
0.003183,13.920595213820324,0.026012548732511118
0.0031835,13.919285915168683,0.030353025500260804
0.003184,13.917998457565709,0.0346948837540996
0.0031845000000000003,13.916732845586571,0.03903810025647409
0.003185,13.915489083689732,0.043382651765024476
0.0031855,13.914267176217018,0.04772851503270873
0.003186,13.913067127393528,0.052075666807926684
0.0031865,13.911888941327682,0.0564240838346442
0.003187,13.910711137386011,0.04775247113274603
0.0031875000000000002,13.90946467469534,0.03295448546974023
0.003188,13.908144358996275,0.01815786433000426
0.0031885,13.906750204996193,0.0033626862729363542
0.003189,13.905303741297322,0.0
0.0031895,13.903855346087415,0.0
0.00319,13.902407101744307,0.0
0.0031905,13.900969688996188,0.004359892615814673
0.0031910000000000003,13.899554228049372,0.008721302951637038
0.0031915,13.898160724148328,0.013084207651742773
0.003192,13.896789182420184,0.017448583354889486
0.0031925,13.895439607874732,0.02181440669444158
0.003193,13.894112005404393,0.026181654298495054
0.0031935,13.892806379784217,0.030550302790002405
0.0031940000000000002,13.891522735671861,0.034920328786897444
0.0031945,13.890261077607578,0.03929170890222024
0.003195,13.88902141001422,0.04366441974424206
0.0031955,13.887803737197203,0.048038437916590154
0.003196,13.886608063344514,0.05241374001837279
0.0031965,13.885434392526694,0.05679030264430414
0.003197,13.884261244071656,0.048146830665057844
0.0031975000000000003,13.883019577066882,0.033376980698972505
0.003198,13.881704197212875,0.018608490081298185
0.0031985,13.88031511917618,0.0038414372223488672
0.003199,13.878872017131686,0.0
0.0031995,13.877426375085852,0.0
0.0032,13.875980883620048,0.0
0.0032005000000000002,13.87454629233471,0.004388004155486477
0.003201,13.87313379309985,0.008777522956313231
0.0032015,13.871743391129575,0.013168532897570438
0.003202,13.870375091519929,0.017561010468862926
0.0032025,13.86902889924887,0.021954932154435697
0.003203,13.867704819176256,0.026350274433299688
0.0032035,13.866402856043809,0.030747013779357277
0.0032040000000000003,13.865123014475138,0.035145126661528074
0.0032045,13.863865298975695,0.039544589543874555
0.003205,13.862629713932796,0.04394537888572771
0.0032055,13.861416263615569,0.04834747114181279
0.003206,13.860224952174978,0.05275084276237502
0.0032065,13.859055783643807,0.057155470193305344
0.003207,13.85788727731146,0.048540058156494696
0.0032075000000000003,13.856650392226182,0.03379826312154027
0.003208,13.855339934048507,0.019057822274992944
0.0032085,13.853955917404251,0.004318813878510349
0.003209,13.85251625355551,0.0
0.0032095,13.851073356761594,0.0
0.00321,13.849630610261759,0.0
0.0032105000000000002,13.84819883233076,0.004416034907045079
0.003211,13.846789286296346,0.008833581393599133
0.0032115,13.84540197734238,0.013252615805995594
0.003212,13.844036910533902,0.017673114485115084
0.0032125,13.842694090817123,0.022095053766511823
0.003213,13.841373523019408,0.02651840998054006
0.0032135,13.840075211849287,0.030943159452480492
0.0032140000000000003,13.838799161896391,0.03536927850266672
0.0032145,13.83754537763148,0.03979674344661171
0.003215,13.83631386340642,0.04422553059513428
0.0032155,13.83510462345418,0.048655616254485626
0.003216,13.833917661888805,0.053086976726475714
0.0032165,13.832752982705408,0.05751958830859989
0.0032170000000000002,13.831589105155023,0.048932155574393996
0.0032175,13.830356988246765,0.03421833484514132
0.003218,13.82905143760129,0.019505863159120826
0.0032185,13.827672467803808,0.004794818629761098
0.003219,13.826236308426642,0.0
0.0032195,13.824796148987284,0.0
0.00322,13.82335613955689,0.0
0.0032205000000000003,13.821927166886983,0.004443985021666186
0.003221,13.820520565557466,0.008889478565829603
0.0032215,13.819136340722032,0.013336456830494867
0.003222,13.817774497414813,0.01778489600824628
0.0032225,13.816435040550378,0.022234772286374983
0.003223,13.815117974923703,0.02668606184700621
0.0032235000000000002,13.813823305210185,0.031138740867226487
0.003224,13.8125510359656,0.03559278551921088
0.0032245,13.811301171626113,0.040048171970350196
0.003225,13.81007371650825,0.04450487638337832
0.0032255,13.808868674808906,0.04896287491649944
0.003226,13.807686050605314,0.053422143723515295
0.0032265,13.806525847855058,0.05788265895395262
0.0032270000000000003,13.805366585770885,0.0493231250334188
0.0032275,13.804139223322887,0.034637198135309945
0.003228,13.802838566091964,0.019952615150059624
0.0032285,13.80146462862285,0.005269454043293757
0.003229,13.80003204123353,0.0
0.0032295,13.798594611266017,0.0
0.0032300000000000002,13.797157331023156,0.0
0.0032305,13.79573115553606,0.0044718546487913045
0.003231,13.79432749043161,0.008945214771871336
0.0032315,13.792946340833415,0.013420056419343043
0.003232,13.791587711744796,0.017896355635921415
0.0032325,13.79025160804876,0.02237408846106149
0.003233,13.788938034507979,0.026853230929086324
0.0032335000000000003,13.787646995764828,0.03133375906931503
0.003234,13.78637849634132,0.035815648906190746
0.0032345,13.785132540639104,0.04029887645940875
0.003235,13.783909132939495,0.04478341774404436
0.0032355,13.782708277403408,0.04926924877068111
0.003236,13.78152997807138,0.05375634554553876
0.0032365000000000002,13.780374238863542,0.058244684070601425
0.003237,13.779219578954482,0.04971296862397422
0.0032375,13.777996957275379,0.03505485523159184
0.003238,13.776701179367524,0.020398080636468228
0.0032385,13.775332259735265,0.005742722656852235
0.003239,13.773903318765354,0.0
0.0032395,13.77246861040085,0.0
0.0032400000000000003,13.771034051477498,0.0
0.0032405,13.769610665109166,0.004499643930097178
0.003241,13.768209927764902,0.009000790295062315
0.0032415,13.7668318445383,0.013503414997523047
0.003242,13.765476420401951,0.018007493934751404
0.0032425,13.764143660207388,0.02251300299879248
0.0032430000000000002,13.762833568685112,0.027019918076593284
0.0032435,13.761546150444534,0.03152821505013151
0.003244,13.760281409974016,0.03603786979654428
0.0032445,13.759039351640808,0.04054885818825704
0.003245,13.75781997969108,0.04506115609311234
0.0032455,13.75662329824989,0.049574739374498585
0.003246,13.75544931132117,0.05408958389147904
0.0032465000000000003,13.75429802278774,0.0586056654989206
0.003247,13.753147951786117,0.050101688327851224
0.0032475,13.75193005720869,0.03547130825716935
0.003248,13.75063914455722,0.020842261882894342
0.0032485,13.749275228295797,0.006214626876322851
0.003249,13.747849999266794,0.0
0.0032495000000000002,13.746418004651224,0.0
0.0032500000000000003,13.744986159194138,9.053160011400794e-05
0.0032505,13.743566006530184,0.004617884380510036
0.003251,13.742168641082102,0.009146736083623992
0.0032515,13.740794067911184,0.013677062465087743
0.003252,13.739442291956962,0.01820883927521228
0.0032525,13.7381133180372,0.02274204225911722
0.0032530000000000002,13.736807150847891,0.02727664715686039
0.0032535,13.735523794963209,0.0318126297035674
0.003254,13.734263254835541,0.03634996562956119
0.0032545,13.733025534795447,0.04088863066049155
0.003255,13.731810639051655,0.04542860051746493
0.0032555,13.730618571691073,0.04996985091717383
0.003256,13.72944933667874,0.05451235757202649
0.0032565000000000003,13.728302937857869,0.059056096190276575
0.003257,13.727157894324614,0.05057977075638137
0.0032575,13.725945164930293,0.035977037002711924
0.003258,13.724659555134874,0.02137563137880428
0.0032585,13.723301079359915,0.006775631409516622
0.003259,13.721879843928889,0.0
0.0032595000000000002,13.720450554399758,0.0
0.00326,13.719021413747358,0.0
0.0032605,13.71760358064135,0.004554973653106006
0.003261,13.716208672600763,0.009111443689454962
0.0032615,13.714836694659475,0.013669385718044503
0.003262,13.713487651728865,0.01822877534258093
0.0032625,13.712161548597836,0.022789588161609524
0.0032630000000000003,13.710858389932755,0.027351799768644835
0.0032635,13.70957818027748,0.03191538575230106
0.003264,13.708320924053332,0.0364803216964224
0.0032645,13.707086625559072,0.04104658318021344
0.003265,13.70587528897091,0.04561414577836941
0.0032655,13.704686918342503,0.05018298506120671
0.0032660000000000002,13.703521517604921,0.05475307659479325
0.0032665,13.702379090566657,0.05932439594107876
0.003267,13.701238156288447,0.05087564693825396
0.0032675,13.700029673585439,0.03630048517246146
0.003268,13.69874844788071,0.021726646947047654
0.0032685,13.697394493558207,0.007154209640720751
0.003269,13.695976896315848,0.0
0.0032695000000000003,13.694550304872719,0.0
0.00327,13.693123862025264,0.0
0.0032705,13.691708793937622,0.004582522810886167
0.003271,13.690316788358826,0.009166538991857738
0.0032715,13.688947850293022,0.013752024005711379
0.003272,13.687601984621123,0.018338953309984404
0.0032725000000000002,13.686279196100825,0.022927302357085955
0.003273,13.684979489366583,0.027517046594427986
0.0032735,13.683702868929599,0.03210816146455645
0.003274,13.682449339177815,0.03670062240528238
0.0032745,13.6812189043759,0.04129440484981301
0.003275,13.680011568665245,0.04588948422688308
0.0032755,13.678827336063922,0.05048583596088577
0.0032760000000000003,13.677666210466743,0.05508343547200399
0.0032765,13.676528195645187,0.0596822581763415
0.003277,13.675391810622255,0.051261007766282805
0.0032775,13.674188014174648,0.036713339682204686
0.003278,13.672911611686256,0.022166990081729166
0.0032785,13.671562617501129,0.00762203619788204
0.0032790000000000002,13.670148937837302,0.0
0.0032795,13.668725036669183,0.0
0.00328,13.667301283816535,0.0
0.0032805,13.66588897274251,0.0046099922137469804
0.003281,13.664499861222867,0.00922147479314493
0.0032815,13.663133954232084,0.01383442305521279
0.003282,13.661791256620702,0.018448812311742103
0.0032825000000000003,13.660471773115322,0.02306461786942887
0.003283,13.659175508318562,0.027681815030005413
0.0032835,13.657902466709068,0.0323003790903723
0.003284,13.656652652641498,0.036920285342730126
0.0032845,13.655426070346522,0.04154150907471165
0.003285,13.654222723930804,0.04616402556951343
0.0032855000000000002,13.65304261737697,0.050787810106027974
0.003286,13.651885754543654,0.05541283795897552
0.0032865,13.650752139165423,0.06003908439903611
0.003287,13.649620290227663,0.05164525297321007
0.0032875,13.648421166468731,0.037124998976530474
0.003288,13.647149573233452,0.022606058421316726
0.0032885,13.645805524826079,0.008088508395333987
0.0032890000000000003,13.644395831632533,0.0
0.0032895,13.642974612942725,0.0
0.00329,13.641553542288975,0.0
0.0032905,13.640143980238447,0.00463738200724705
0.003291,13.638757754390655,0.009276251384417815
0.0032915,13.637394869690514,0.01391658330317599
0.0032920000000000002,13.636055330958275,0.0185583529299897
0.0032925,13.634739142889515,0.02320153542626413
0.003293,13.633446310055117,0.02784610594847418
0.0032935,13.63217683690128,0.032492039648297104
0.003294,13.630930727749467,0.037139311672745166
0.0032945,13.62970798679645,0.04178789716429835
0.003295,13.628508618114255,0.046437771261036945
0.0032955000000000003,13.627332625650174,0.05108890909677443
0.003296,13.62618001322675,0.05574128580118999
0.0032965,13.625050784541772,0.060394876499961295
0.003297,13.623923458543114,0.05202838459512588
0.0032975,13.622728993930897,0.0375354652367943
0.003298,13.621462196010983,0.023043854292404513
0.0032985,13.620123079047955,0.008553628704882002
0.0032990000000000003,13.618717442833775,0.0
0.0032995,13.61729889883962,0.0
0.0033,13.615880502602916,0.0
0.0033005,13.614473681600142,0.004664692334825404
0.003301,13.613090333052007,0.009330869052538765
0.0033015,13.611730461873943,0.013998505179870242
0.0033020000000000002,13.610394072855987,0.018667575738386188
0.0033025,13.609081170662806,0.023338055744622513
0.003303,13.607791759833642,0.0280099202102181
0.0033035,13.606525844782308,0.03268314414204826
0.003304,13.60528342979719,0.03735770254235804
0.0033045,13.604064519041254,0.042033570408895916
0.003305,13.60286911655199,0.04671072273504693
0.0033055000000000003,13.60169722624146,0.05138913450996636
0.003306,13.60054885189623,0.05606878071871319
0.0033065,13.599423997177407,0.06074963634238346
0.003307,13.598301180995456,0.05241040463847248
0.0033075,13.597111362012386,0.03794474061258873
0.003308,13.5958493454952,0.02348037998770901
0.0033085000000000002,13.594515145668938,0.009017399562339417
0.003309,13.593113630859778,0.0
0.0033095,13.591697753793236,0.0
0.00331,13.590282024206362,0.0
0.0033105,13.588877936290624,0.004691923345997672
0.003311,13.5874974566857,0.009385328096522682
0.0033115,13.58614059027764,0.014080189133792605
0.0033120000000000003,13.584807341826385,0.018776481334892823
0.0033125,13.583497715965738,0.023474179571910697
0.003313,13.582211717203386,0.028173258712069774
0.0033135,13.580949349920886,0.03287369361786391
0.003314,13.57971061837363,0.03757545914719146
0.0033145,13.578495526690872,0.04227853015348964
0.0033150000000000002,13.577304078875683,0.04698288148586851
0.0033155,13.576136278804958,0.05168848798924536
0.003316,13.574992130229424,0.05639532450447887
0.0033165,13.573871636773605,0.06110336586850339
0.003317,13.572753317310664,0.05279131519469177
0.0033175,13.571568130464595,0.03835282734457012
0.003318,13.57031088146369,0.023915637897073686
0.0033185000000000003,13.568981584493516,0.009479823506708524
0.003319,13.567584260056414,0.0
0.0033195,13.566171042163594,0.0
0.00332,13.564757971473469,0.0
0.0033205,13.563356608698513,0.004719075185039192
0.003321,13.561978989695582,0.009439628804904463
0.0033215000000000002,13.5606251193214,0.01416163559772093
0.003322,13.559295002305863,0.0188850702965131
0.0033225,13.557988643252045,0.023609907629339795
0.003323,13.556706046636183,0.02833612231942905
0.0033235,13.555447216807641,0.03306368908531309
0.003324,13.554212157988923,0.03779258264096327
0.0033245,13.553000874275666,0.042522777695925086
0.0033250000000000003,13.551813369636626,0.04725424895545307
0.0033255,13.550649647913652,0.05198697112064583
0.003326,13.549509712821706,0.05672091888858108
0.0033265,13.548393567948843,0.061456066952450594
0.003327,13.547279732131042,0.05317111828192381
0.0033275,13.546099163954386,0.03875972759486337
0.0033280000000000002,13.54484666860855,0.024349630326581717
0.0033285,13.543522260239788,0.009940902988003592
0.003329,13.542129195306444,0.0
0.0033295,13.540718628847541,0.0
0.00333,13.539308209315145,0.0
0.0033305,13.537909563749151,0.004746147995654305
0.003331,13.536534797022101,0.009493771465077074
0.0033315000000000003,13.535183913961497,0.014242845002720385
0.003332,13.533856919267297,0.018993343197967156
0.0033325,13.532553817511918,0.023745240635266857
0.003333,13.53127461314022,0.028498511894271154
0.0033335,13.530019310469488,0.03325313154996966
0.003334,13.528787913689428,0.038009074172825605
0.0033345000000000002,13.52758042686217,0.04276631432891159
0.003335,13.52639685392222,0.04752482658004535
0.0033355,13.525237198676507,0.05228458548392545
0.003336,13.524101464804335,0.057045565594267086
0.0033365,13.522989655857396,0.06180774146093782
0.003337,13.521880290634584,0.05354981591032195
0.0033375,13.520704327684196,0.039165443517036796
0.0033380000000000003,13.519456572157408,0.024782359573190055
0.0033385,13.51813703816125,0.010400640446543022
0.003339,13.516748296591196,0.0
0.0033395,13.515340373840964,0.0
0.00334,13.513932597741869,0.0
0.0033405,13.512536661467959,0.004773141926760307
0.0033410000000000002,13.511164738706379,0.009547756374858822
0.0033415000000000003,13.509816834255496,0.014323817795493196
0.003342,13.508492952785415,0.01910130063482327
0.0033425,13.507193098837988,0.023880179334107576
0.003343,13.505917276826795,0.02866042832983973
0.0033435,13.504665491037125,0.03344202205388495
0.003344,13.503437745625988,0.03822493493361647
0.0033445000000000003,13.502234044622087,0.04300914139205206
0.003345,13.501054391925809,0.04779461584799057
0.0033455,13.49989879130925,0.05258133271614831
0.003346,13.498767246416156,0.05736926640729566
0.0033465,13.497659760761952,0.062158391328393556
0.003347,13.496554853108576,0.0539274101629587
0.0033475,13.495383481966641,0.03956997734278037
0.0033480000000000003,13.494140452448926,0.025213828017178724
0.0033485,13.492825778623363,0.010859038411168837
0.003349,13.491441429075156,0.0
0.0033495,13.490036142322408,0.0
0.00335,13.488631001946226,0.0
0.0033505,13.487237767061915,0.004800057121761904
0.0033510000000000002,13.485868679970508,0.009601583821043428
0.0033515,13.484523745441319,0.014404554406205625
0.003352,13.483202968114686,0.019208943180603042
0.0033525,13.481906352501978,0.024014724442720924
0.003353,13.480633902985588,0.02882187248631242
0.0033535,13.47938562381892,0.03363036160053579
0.003354,13.47816151912636,0.03844016607009166
0.0033545000000000003,13.476961592903297,0.043251260175360226
0.003355,13.475785849016107,0.04806361819253856
0.0033555,13.474634291202126,0.05287721439377781
0.003356,13.473506923069662,0.05769202304732051
0.0033565,13.472403748098,0.0625080184176378
0.003357,13.471303285012185,0.054303903045795375
0.0033575000000000002,13.470136492285278,0.03997333122117121
0.003358,13.468898174991777,0.02564403795071445
0.0033585,13.467588347160623,0.011316099317110202
0.003359,13.466208457753774,0.0
0.0033595,13.464805799301393,0.0
0.00336,13.463403286951802,0.0
0.0033605,13.462012745569023,0.004826893724243578
0.0033610000000000003,13.460646485867622,0.00965525409078415
0.0033615,13.459304512587932,0.014485055265563266
0.003362,13.45798683034063,0.019316271409547156
0.0033625,13.456693443606689,0.024148876678864686
0.003363,13.455424356737401,0.028982845224945323
0.0033635,13.454179573954365,0.03381815119465711
0.0033640000000000002,13.452959099349465,0.03865476873044463
0.0033645,13.451762936884863,0.04349267197046705
0.003365,13.450591090392997,0.04833183504873606
0.0033655,13.449443563576587,0.053172232095253916
0.003366,13.448320360008585,0.058013837236151486
0.0033665,13.447221483132225,0.0628566245938262
0.003367,13.446125451635822,0.05467929656730878
0.0033675000000000003,13.444963223954941,0.040375507303981595
0.003368,13.443729605125935,0.02607299166883856
0.0033685,13.442424609138861,0.011771825602650405
0.003369,13.441049243154923,0.0
0.0033695,13.439649205320295,0.0
0.00337,13.438249313315497,0.0
0.0033705000000000002,13.436861457561056,0.004853651882541361
0.003371,13.43549801698511,0.009708767480736834
0.0033715,13.434158996299109,0.01456532081852477
0.003372,13.432844400084118,0.01942328591489927
0.0033725,13.431554232790832,0.024282636784048958
0.003373,13.430288498739536,0.029143347435495626
0.0033735,13.429047202120113,0.034005391874233
0.0033740000000000003,13.427830346992023,0.03886874410086546
0.0033745,13.426637937284307,0.0437333781117468
0.003375,13.425469976795574,0.048599267899119024
0.0033755,13.424326469194007,0.05346638745125097
0.003376,13.423207418017324,0.05833471075257722
0.0033765,13.422112826672818,0.06320421178383678
0.0033770000000000002,13.421021213812145,0.055053592802440515
0.0033775,13.419863537833534,0.04077650781419037
0.003378,13.418634603735267,0.026500691542539905
0.0033785,13.417334425468649,0.012226219786760304
0.003379,13.415963650888472,0.0
0.0033795,13.414566226003,0.0
0.00338,13.413168946675189,0.0
0.0033805000000000003,13.41178376869026,0.004880331739586253
0.003381,13.410423138990293,0.009762124276747846
0.0033815,13.409087062257923,0.014645351493835446
0.003382,13.407775543044735,0.019529987268286513
0.0033825,13.406488585771195,0.02441600547276473
0.003383,13.405226194726671,0.02930337997529952
0.0033835000000000002,13.403988374069439,0.03419208463942544
0.003384,13.402775127826631,0.03908209332432174
0.0033845,13.40158645989427,0.04397337988495185
0.003385,13.40042237403723,0.04886591817220279
0.0033855,13.399282873889259,0.05375968203302484
0.003386,13.398167962952945,0.05865464531057088
0.0033865,13.397077644599724,0.06355078184433605
0.0033870000000000003,13.395990437444727,0.05542679375052581
0.0033875,13.394837299848934,0.04117633489377596
0.003388,13.393613036772681,0.02692713985641385
0.0033885,13.392317662128628,0.012679284296625253
0.003389,13.390951546410546,0.0
0.0033895,13.389556726819631,0.0
0.0033900000000000002,13.388162052515018,0.0
0.0033905000000000003,13.38677954445512,0.004906933438472817
0.003391,13.385421717396708,0.009815324764990663
0.0033915,13.384088575993724,0.014725147720731307
0.003392,13.382780124768306,0.019636376041990238
0.0033925,13.381496368110813,0.02454898346032083
0.003393,13.380237310279792,0.029462943702674573
0.0033935000000000002,13.37900295540198,0.03437823049154133
0.003394,13.377793307472293,0.039294817545089476
0.0033945,13.376608370353818,0.04421267857730624
0.003395,13.375448147777794,0.04913178729813791
0.0033955,13.37431264334364,0.054052117413630044
0.003396,13.37320186051891,0.05897364262606779
0.0033965,13.372115802639327,0.06389633663411616
0.0033970000000000003,13.371032988283568,0.05579890141318891
0.0033975,13.369884375775483,0.04157499068716916
0.003398,13.368664770037574,0.027352338897671455
0.0033985,13.367374184943971,0.013131021562209478
0.003399,13.366012790779882,0.0
0.0033995,13.364620568843426,0.0
0.0034000000000000002,13.363228491922694,0.0
0.0034005,13.361848645958169,0.0049334571269724235
0.003401,13.360493613322474,0.009868369240991874
0.0034015,13.359163398640911,0.014804709942477212
0.003402,13.35785800640629,0.019742452826995844
0.0034025,13.35657744097893,0.024681571485404643
0.003403,13.35532170658664,0.029622039503990925
0.0034035000000000003,13.35409080732474,0.03456383046461341
0.003404,13.352884747155995,0.03950691794484315
0.0034045,13.351703529910663,0.04445127551810462
0.003405,13.350547159286464,0.04939687675381659
0.0034055,13.349415638848573,0.0543436952175332
0.003406,13.348308972029624,0.059291704471084936
0.0034065000000000002,13.347227162129688,0.06424087807271969
0.003407,13.346148727691126,0.056169917857472294
0.0034075,13.345004627000769,0.04197247740888604
0.003408,13.343789664943394,0.02777629102827537
0.0034085,13.342503855354709,0.01358143409289438
0.003409,13.341147249692918,0.0
0.0034095,13.33975761778479,0.0
0.0034100000000000003,13.338368130622602,0.0
0.0034105,13.336990938938152,0.004959902947924056
0.003411,13.335638692521384,0.009921257990413795
0.0034115,13.33431139596905,0.014884038587542425
0.003412,13.333009053744712,0.019848218194562423
0.0034125,13.331731670178765,0.024813770262047206
0.0034130000000000002,13.330479249468365,0.02978066823603284
0.0034135,13.329251795677457,0.03474888555815977
0.003414,13.32804931273681,0.03971839566581453
0.0034145,13.32687180444393,0.04468917199227146
0.003415,13.325719274463085,0.04966118796683442
0.0034155,13.324591726325341,0.05463441701497857
0.003416,13.323489163428494,0.059608832558492066
0.0034165000000000003,13.322411589037094,0.06458440801561786
0.003417,13.321337521657288,0.05653984508142406
0.0034175,13.32019791953899,0.042368797199526145
0.003418,13.318987587529353,0.028198998531350324
0.0034185,13.317706539425787,0.014030524314302788
0.003419,13.316354789400393,0.0
0.0034195000000000002,13.314967739908395,0.0
0.00342,13.313580834893354,0.0
0.0034205,13.312206289687945,0.004986271043577126
0.003421,13.310856821301295,0.009973991297739708
0.0034215,13.309532434301698,0.014963134082627779
0.003422,13.308233133123563,0.01995367271359126
0.0034225,13.306958922067404,0.024945580501332432
0.0034230000000000003,13.305709805299836,0.029938830752048343
0.0034235,13.30448578685356,0.03493339676757327
0.003424,13.303286870627387,0.0399292518455212
0.0034245,13.302113060386189,0.044926369279428224
0.003425,13.300964359760913,0.04992472235889511
0.0034255,13.299840772248578,0.05492428436972975
0.0034260000000000002,13.298742301212254,0.05992502859408954
0.0034265,13.297668949881073,0.06492692831062406
0.003427,13.296599236725068,0.05690868507484599
0.0034275,13.29546411995735,0.042763952190854174
0.003428,13.294258404387573,0.028620463680597764
0.0034285,13.292982103774944,0.014478294642046141
0.003429,13.291635232252677,0.0003375201583362542
0.0034295000000000003,13.29025079680309,0.0
0.00343,13.28886646633821,0.0
0.0034305,13.287494559825578,0.005012561561154588
0.003431,13.286147861295762,0.010026569457399421
0.0034315,13.284826375288656,0.015041996869353029
0.003432,13.283530106209588,0.020058816972874444
0.0034325000000000002,13.28225905832931,0.0250770029392063
0.0034330000000000003,13.281013235783979,0.030096527935118047
0.0034335,13.279792642575144,0.0351173651230491
0.003434,13.278597282569745,0.04013948766125213
0.0034345,13.277427159500128,0.04516286870393621
0.003435,13.27628227696399,0.050187481401409904
0.0034355,13.275162638424417,0.05521329890022476
0.0034360000000000003,13.274068247209868,0.06024029434331834
0.0034365,13.272999106514156,0.06526844087015737
0.003437,13.271933734771311,0.057276439897109836
0.0034375,13.270803090157724,0.04315794458916849
0.003438,13.269601977445676,0.029040688829215688
0.0034385,13.26833041035629,0.014924747576194202
0.003439,13.266988402984001,0.0008101957742553138
0.0034395000000000003,13.265606653921386,0.0
0.00344,13.264224890423696,0.0
0.0034405,13.262855614831965,0.0050387746437697105
0.003441,13.26151167800075,0.010078992755603812
0.0034415,13.260193084441667,0.015120627377010311
0.003442,13.258899838531057,0.020163651544768135
0.0034425000000000002,13.257631944509988,0.02520803829107104
0.003443,13.256389406484233,0.030253760643671565
0.0034435,13.25517222842429,0.03530079162602487
0.003444,13.253980414165339,0.04034910425743272
0.0034445,13.252813967407258,0.04539867155318747
0.003445,13.25167289171463,0.05044946652471594
0.0034455,13.2505571905167,0.05550146217972341
0.0034460000000000003,13.249466867107408,0.060554631522337525
0.0034465,13.248401924645343,0.06560894755325233
0.003447,13.247340881528643,0.057643111550100726
0.0034475,13.246214695897105,0.0435507765391791
0.003448,13.245018172485743,0.029459676264712714
0.0034485,13.2437513249777,0.015369885547027257
0.0034490000000000002,13.242414167428747,0.0012814791916976054
0.0034495,13.241035178642711,0.0
0.00345,13.239655974543053,0.0
0.0034505,13.238289322114474,0.005064910432486217
0.003451,13.236948138838507,0.010131261474464916
0.0034515,13.235632429198562,0.015199026028743741
0.003452,13.234342197542059,0.020268176993431645
0.0034525000000000003,13.233077448080481,0.02533868726208352
0.003453,13.231838184889327,0.03041052972384487
0.0034535,13.230624411908103,0.035483677263596414
0.003454,13.229436132940336,0.04055810276209879
0.0034545,13.228273351653547,0.045633779096137285
0.003455,13.227136071579269,0.05071067913866639
0.0034555000000000002,13.226024296113025,0.055788775758954565
0.003456,13.22493802851433,0.06086804182272889
0.0034565,13.223877271906689,0.06594845019231978
0.003457,13.222820544652421,0.05800870200703434
0.0034575,13.221698804854848,0.043942450154881504
0.003458,13.220506857211793,0.029877428241838262
0.0034585,13.21924471536856,0.015813710950021927
0.0034590000000000003,13.217912393342367,0.0017513729468396537
0.0034595,13.21653623305625,0.0
0.00346,13.215159580799844,0.0
0.0034605,13.213795543791399,0.005090969073994831
0.003461,13.212457105942786,0.010183375907348115
0.0034615,13.211144271709266,0.015277193264576548
0.0034620000000000002,13.209857045409459,0.020372393905528436
0.0034625,13.208595431225323,0.025468950585529053
0.003463,13.207359433202152,0.030566836055525976
0.0034635,13.206149055248593,0.03566602306223455
0.003464,13.204964301136592,0.04076648434828325
0.0034645,13.203805174501412,0.04586819265235907
0.003465,13.202671678841645,0.05097112070935291
0.0034655000000000003,13.201563817519185,0.05607524125050511
0.003466,13.200481593759223,0.06118052700355072
0.0034665,13.199425010650257,0.066286950692865
0.003467,13.198372586518921,0.05837321331983746
0.0034675,13.197255279432163,0.044332967634597764
0.003468,13.196067894050739,0.030293947105282708
0.0034685000000000002,13.194810443982208,0.016256226276209252
0.003469,13.193482943205366,0.0022198796770246223
0.0034695,13.192109682026734,0.0
0.00347,13.190735574072859,0.0
0.0034705,13.189374144755984,0.005116950712034052
0.003471,13.188038444221965,0.010235336341714679
0.0034715,13.186728476898027,0.01535512951567631
0.0034720000000000003,13.185444247074049,0.020476302855915157
0.0034725,13.18418575890257,0.02559882897993534
0.003473,13.182953016398805,0.030722680500894932
0.0034735,13.181746023440576,0.03584783002775211
0.003474,13.18056478376836,0.04097425016541137
0.0034745,13.17940930098527,0.04610191351486952
0.0034750000000000002,13.17827957855704,0.051230792673361905
0.0034755,13.177175619812033,0.05636086023450853
0.003476,13.176097427941226,0.061492088788460186
0.0034765,13.175045005998218,0.06662445092204462
0.003477,13.173996872274051,0.05873664749914133
0.0034775,13.172883984799409,0.0447223311324082
0.003478,13.171701148198107,0.03070923515254917
0.0034785000000000003,13.170448376040058,0.0166974339664879
0.003479,13.16912568226574,0.0026870019665188784
0.0034795,13.167755394354467,0.0
0.00348,13.166383823176071,0.0
0.0034805,13.165024993836171,0.005142855486156256
0.003481,13.163692022518688,0.010287143056654124
0.0034815000000000002,13.162384913622882,0.015432835200653664
0.0034820000000000003,13.16110367140998,0.02057990440270681
0.0034825,13.159848300003203,0.025728323142904224
0.003483,13.158618803387718,0.030878063897022138
0.0034835,13.157415185410672,0.03602909913666915
0.003484,13.156237449781148,0.041181401329433175
0.0034845,13.155085600070198,0.046334942939028206
0.0034850000000000003,13.15395963971081,0.0514896964254412
0.0034855,13.152859571997892,0.056645634245079034
0.003486,13.151785400088324,0.06180272885091526
0.0034865,13.150737127000905,0.06696095269263701
0.003487,13.149693270991197,0.05909900649702059
0.0034875,13.148584790053727,0.045110542739658775
0.003488,13.147406488775458,0.0311232946142292
0.0034885000000000003,13.146158380688778,0.017137336390668848
0.003489,13.144840479695972,0.0031527423243256584
0.0034895,13.143473232614394,0.0
0.00349,13.142104190698747,0.0
0.0034905,13.140747953635922,0.005168683542535482
0.003491,13.139417703452333,0.01033879634449853
0.0034915000000000002,13.138113444519346,0.015510310757981946
0.003492,13.13683518106963,0.020683199130500467
0.0034925,13.135582917197151,0.02585743380513826
0.003493,13.134356656857161,0.031032987120696527
0.0034935,13.133156403866192,0.03620983141184108
0.003494,13.131982161902043,0.04138793900924991
0.0034945,13.130833934503785,0.04656728223976075
0.0034950000000000003,13.129711725071742,0.05174783342651869
0.0034955,13.128615536867521,0.0569295648891238
0.003496,13.127545373013962,0.06211244894377862
0.0034965,13.126501236495166,0.06729645790343593
0.003497,13.125461645531345,0.059460292358174814
0.0034975,13.12435755808096,0.045497604646928785
0.0034980000000000002,13.123183778694235,0.03153612782675502
0.0034985,13.121940320866154,0.017575936031009456
0.003499,13.120627198460905,0.003617103378499156
0.0034995,13.119263060767326,0.0
0.0035,13.11789654061587,0.0
0.0035005,13.116542888144737,0.005194435025871692
0.003501,13.11521535102762,0.010390296494631992
0.0035015000000000003,13.113913933608089,0.015587556621712835
0.003502,13.11263864009034,0.020786187617997994
0.0035025,13.111389474539186,0.025986161689971383
0.003503,13.110166440880027,0.03118745103986523
0.0035035,13.108969542898885,0.03639002786580857
0.003504,13.107798784242354,0.04159386436197533
0.0035045000000000002,13.106654168417624,0.046798932718732804
0.003505,13.10553569879248,0.052005205122789964
0.0035055,13.104443378595265,0.05721265375734556
0.003506,13.103377210914932,0.062421250802236775
0.0035065,13.102337198700997,0.06763096843408717
0.003507,13.101301860138372,0.05982050710668402
0.0035075,13.10020215314959,0.04588351902270679
0.0035080000000000003,13.099032882248247,0.03194773710299727
0.0035085,13.097794060892026,0.018013235344735184
0.003509,13.09648570290714,0.004080087730591545
0.0035095,13.095124749327335,0.0
0.00351,13.09376074345498,0.0
0.0035105,13.092409667903977,0.005220110073894401
0.0035110000000000002,13.091084835800437,0.010441643782498474
0.0035115,13.089786251460229,0.015664573204988912
0.003512,13.088513919059132,0.02088887041602408
0.0035125,13.087267842632896,0.026114507485893043
0.003513,13.086048026077174,0.0313414564806645
0.0035135,13.08485447314755,0.0365696894623359
0.003514,13.08368718745951,0.04179917848898242
0.0035145000000000003,13.082546172488476,0.047029895614905906
0.003515,13.081431431569767,0.05226181289078405
0.0035155,13.080342967898599,0.05749490236381938
0.003516,13.079280784530098,0.06272913607788823
0.0035165,13.07824488437929,0.06796448607368986
0.003517,13.077213785595937,0.060179652669124103
0.0035175000000000002,13.076118446066706,0.04626828793102084
0.003518,13.07495367026871,0.0323581246444107
0.0035185,13.073719471622423,0.018449236670701526
0.003519,13.072415863916186,0.004541697856832303
0.0035195,13.071058161340714,0.0
0.00352,13.069696662276653,0.0
0.0035205,13.068348155988836,0.005245708832276289
0.0035210000000000003,13.067026020861318,0.01049283849942741
0.0035215,13.06573026118233,0.015741360944779688
0.003522,13.064460881099354,0.020991248107170866
0.0035225,13.063217884619148,0.02624247192109983
0.003523,13.0620012756077,0.031495004316876345
0.0035235,13.060811057790259,0.03674881722077078
0.0035240000000000002,13.059647234751306,0.04200388255516381
0.0035245000000000003,13.058509809934563,0.04726017223869629
0.003525,13.057398786642983,0.05251765818641885
0.0035255,13.056314168038746,0.05777631230994176
0.003526,13.05525595714327,0.06303610651758464
0.0035265,13.0542241568372,0.06829701271452618
0.003527,13.053197285235226,0.06053773108318263
0.0035275000000000003,13.052106300188305,0.0466519135549379
0.003528,13.050946006137108,0.03276729277941507
0.0035285,13.04971641646505,0.018883942482653463
0.003529,13.048417544922712,0.0050019363762633575
0.0035295,13.047063160037887,0.0
0.00353,13.045704160325547,0.0
0.0035305000000000002,13.044358215658574,0.0052712314464942265
0.0035310000000000003,13.043038769484864,0.010543880936356618
0.0035315,13.041745826065076,0.015817920277467215
0.003532,13.04047938951848,0.021093321273247142
0.0035325,13.039239463822923,0.02637005572280904
0.003533,13.038026052814828,0.03164809542110752
0.0035335,13.036839160189189,0.036927412159089595
0.0035340000000000002,13.035678789499572,0.042207977723845186
0.0035345,13.034544944158105,0.04748976389875756
0.003535,13.033437627435472,0.052772742463653745
0.0035355,13.032356842460922,0.058056885194955124
0.003536,13.031302592222254,0.06334216386582772
0.0035365,13.030274879565823,0.06862855024633287
0.003537,13.029252222571372,0.06089474438380613
0.0035375000000000003,13.028165579054225,0.04703439807458846
0.003538,13.027009753418763,0.033175243833297986
0.0035385,13.025784759011417,0.01931735525100829
0.003539,13.024490609545142,0.005460805904403454
0.0035395,13.023139616973273,0.0
0.00354,13.021783109169482,0.0
0.0035405000000000002,13.020439718494723,0.005296678053171094
0.003541,13.01912295326698,0.010594771366516938
0.0035415,13.017832817719446,0.01589425161287464
0.003542,13.01656931594324,0.021195090460651975
0.0035425,13.015332451887398,0.026497259573978513
0.003543,13.014122229358852,0.031800730612856834
0.0035435,13.012938652022445,0.03710547523331367
0.0035440000000000003,13.011781723400913,0.04241146508755092
0.0035445,13.010651446874883,0.047718671824097135
0.003545,13.009547825682873,0.0530270670879585
0.0035455,13.008470862921282,0.05833662252076995
0.003546,13.0074205615444,0.06364730976094661
0.0035465,13.006396924364392,0.0689591004438347
0.0035470000000000002,13.005378469426166,0.06125069448209155
0.0035475,13.004296154509511,0.04741574353741707
0.003548,13.003144783982625,0.033581979989826746
0.0035485,13.001924371155079,0.019749477295830164
0.003549,13.000634929702297,0.005918308897587115
0.0035495,12.999287396127324,0.0
0.00355,12.997933372803052,0.0
0.0035505000000000003,12.99659252850642,0.005322048796985974
0.003551,12.995278436232063,0.010645510079250678
0.0035515,12.993991100185793,0.015970355384990906
0.003552,12.992730524430668,0.021296556248003595
0.0035525,12.991496712887004,0.02662408419783769
0.003553,12.990289669332336,0.031952910759946024
0.0035535000000000002,12.989109397401434,0.03728300745583718
0.003554,12.987955900586298,0.04261434580322741
0.0035545,12.98682918223615,0.047946897316192456
0.003555,12.98572924555743,0.05328063350531952
0.0035555,12.984656093613797,0.05861552587785911
0.003556,12.983609729326126,0.06395154593787698
0.0035565,12.982590155472515,0.06928866518640597
0.0035570000000000003,12.981575890063105,0.06160558340182655
0.0035575,12.980497890842276,0.04779595211159921
0.003558,12.979350962142144,0.03398750356153794
0.0035585,12.978135117235533,0.020180311073989567
0.003559,12.976850369760442,0.006374447956990591
0.0035595,12.97550636118224,0.0
0.0035600000000000002,12.974154814922677,0.0
0.0035605,12.972816509404595,0.0053473438229351845
0.003561,12.971505082106308,0.010696097364534652
0.0035615,12.970220537206314,0.0160462320287567
0.003562,12.968962878739697,0.021397719215189147
0.0035625,12.967732110598126,0.026750530319201975
0.003563,12.966528236529825,0.03210463673209982
0.0035635000000000003,12.965351260139595,0.03746000984127464
0.003564,12.964201184888779,0.04281662103035828
0.0035645,12.963078014095288,0.04817444167937502
0.003565,12.961981750933589,0.05353344316489426
0.0035655,12.9609123984347,0.058893596860183126
0.003566,12.959869959486182,0.06425487413535896
0.0035665000000000002,12.958854436832144,0.06961724635754207
0.003567,12.957844348448086,0.06195941317123692
0.0035675,12.95677065204308,0.04817502597006502
0.003568,12.955628151913274,0.03439181686603943
0.0035685,12.954416861294838,0.02060985904774471
0.003569,12.953136793788477,0.006829225689494272
0.0035695,12.951796382053939,0.0
0.0035700000000000003,12.95044730545781,0.0
0.0035705,12.949111531132626,0.005372563269384446
0.003571,12.947802760847674,0.01074653349908514
0.0035715,12.946520998754226,0.016121881959222976
0.003572,12.945266248859491,0.021498579915577718
0.0035725,12.944038515026568,0.026876598629741226
0.0035730000000000002,12.942837800974468,0.0322559093592708
0.0035735000000000003,12.941664110278092,0.0376364833578425
0.003574,12.940517446368238,0.04301829187540434
0.0035745,12.939397812531599,0.04840130615832979
0.003575,12.938305211910752,0.053785497449570834
0.0035755,12.937239647504159,0.059170836988811495
0.003576,12.93620112216618,0.06455729601262099
0.0035765000000000003,12.935189638607056,0.0699448457546072
0.003577,12.934183714767737,0.06231218572579846
0.0035775,12.933114308322088,0.048552967186377444
0.003578,12.931976223530382,0.03479492211495601
0.0035785,12.930769473592282,0.021038123566755947
0.003579,12.92949407207128,0.007282644582767291
0.0035795,12.928157325117768,0.0
0.0035800000000000003,12.926810710797728,0.0
0.0035805,12.925477460094045,0.005397707278465457
0.003581,12.924171338874677,0.010796818767150003
0.0035815,12.922892351263755,0.016197305602737463
0.003582,12.92164050124067,0.02159913891759975
0.0035825,12.920415792640059,0.027002289839950826
0.0035830000000000002,12.919218229151795,0.03240672949400074
0.0035835,12.91804781432098,0.03781242900010958
0.003584,12.916904551547956,0.04321935947494151
0.0035845,12.915788444088285,0.0486274920316188
0.003585,12.914699495052762,0.05403679777987582
0.0035855,12.913637707407393,0.05944724782621306
0.003586,12.912603083973428,0.06485881327405112
0.0035865000000000003,12.911595627427321,0.07027146522388471
0.003587,12.910593855675595,0.06266390305366544
0.0035875,12.909528726357022,0.0489297778905361
0.003588,12.908395043696105,0.035196821580106466
0.0035885,12.907192820856078,0.021465107044634574
0.003589,12.90592207136336,0.007734707192185783
0.0035895000000000002,12.904589054493947,0.0
0.00359,12.903244895076785,0.0
0.0035905,12.901914160437713,0.005422775994708646
0.003591,12.900610680351393,0.010846953457774278
0.0035915,12.899334458914904,0.016272503392843234
0.003592,12.898085500079914,0.021699396799279087
0.0035925,12.896863807652657,0.027127604672317285
0.0035930000000000003,12.895669385293983,0.032557098003219896
0.0035935,12.89450223651927,0.037987847779430296
0.003594,12.893362364698493,0.04341982498472784
0.0035945,12.89224977305618,0.0488530005993827
0.003595,12.891164464671432,0.05428734560031047
0.0035955,12.890106442477913,0.05972283096122694
0.0035960000000000002,12.889075709263832,0.06515942765280273
0.0035965,12.888072267671994,0.07059710664281825
0.003597,12.887074635574585,0.06301456717654663
0.0035975,12.886013770575374,0.04930546024848927
0.003598,12.884884476863217,0.035597517571652026
0.0035985,12.883686767565038,0.021890811935727422
0.003599,12.882420656170275,0.008185416116254167
0.0035995000000000003,12.881091438190348,0.0
0.0036,12.879749726316627,0.0
0.0036005,12.878421500199341,0.00544776955850924
0.003601,12.877120653328326,0.010896937851733094
0.0036015,12.87584718977367,0.016347475750679234
0.003602,12.874601113459397,0.021799354122101617
0.0036025000000000002,12.87338242816345,0.027252543828655808
0.003603,12.872191137517698,0.03270701572905449
0.0036035,12.871027245007921,0.0381627406782227
0.003604,12.869890753973797,0.04361968952745352
0.0036045,12.86878166760892,0.0490778331245632
0.003605,12.867699988960796,0.05453714231404676
0.0036055,12.866645720930828,0.05999758793723334
0.0036060000000000003,12.865618866274325,0.06545914083244157
0.0036065,12.864619427600498,0.0709217718351352
0.003607,12.86362592274731,0.0633641800583069
0.0036075,12.86256930928364,0.049680016364214284
0.003608,12.861444391362795,0.03599701233365685
0.0036085,12.860251182075492,0.02231524062415891
0.0036090000000000002,12.85898969487433,0.008634773879129873
0.0036095,12.857664345225285,0.0
0.00361,12.856325073549192,0.0
0.0036105,12.854999348424885,0.00547268810918772
0.003611,12.853701126866103,0.010946772227652151
0.0036115,12.852430412916059,0.016422223094160398
0.003612,12.851187210471203,0.021899011443254797
0.0036125000000000003,12.849971523281262,0.02737710800540894
0.003613,12.848783354949237,0.03285648350718392
0.0036135,12.84762270893137,0.038337108671384304
0.003614,12.84648958853716,0.043818954217214316
0.0036145,12.845383996929352,0.04930199086043392
0.003615,12.844305937123929,0.05478618931351495
0.0036155000000000002,12.84325541199016,0.06027152028579731
0.0036160000000000003,12.842232424250522,0.06575795448364488
0.0036165,12.841236976480758,0.07124546261060188
0.003617,12.840247586484695,0.06371274364777738
0.0036175,12.839195211796435,0.050053448325582214
0.003618,12.838074656533854,0.03639530809300626
0.0036185,12.836885933751564,0.022738395475802368
0.0036190000000000003,12.835629056865413,0.009082782985647147
0.0036195,12.834307640143379,0.0
0.00362,12.832970801333227,0.0
0.0036205,12.831647569687537,0.005497531790823065
0.003621,12.830351965553117,0.010996456873673649
0.0036215,12.829083992946348,0.016496745855475618
0.0036220000000000002,12.827843655736226,0.0219983693389569
0.0036225000000000003,12.826630957644337,0.027501297922806325
0.003623,12.825445902244887,0.03300550220183042
0.0036235,12.824288492964678,0.038510952767110175
0.003624,12.823158733083119,0.044017620206157904
0.0036245,12.822056625732188,0.04952547510307409
0.003625,12.820982173896477,0.05503448803870401
0.0036255000000000003,12.81993538041317,0.06054462959079486
0.003626,12.818916247972044,0.06605587033415226
0.0036265,12.817924779115469,0.07156818084079727
0.003627,12.816939491613246,0.0640602599603517
0.0036275,12.815891342964791,0.050425758291775515
0.003628,12.814775137252646,0.03679240715264515
0.0036285,12.813590887495442,0.02316027893733787
0.0036290000000000003,12.812338607072379,0.009529446026193347
0.0036295,12.811021188788523,0.0
0.00363,12.809686775526572,0.0
0.0036305,12.808366029859467,0.005522300746112287
0.003631,12.807073035276563,0.01104599207517602
0.0036315,12.805807795767501,0.016571044462668355
0.0036320000000000002,12.804570315173878,0.02209742837989935
0.0036325,12.803360597189242,0.027625114294169417
0.003633,12.802178645359088,0.033154072668926844
0.0036335,12.801024463080891,0.03868427396392527
0.003634,12.799898053604014,0.04421568863538119
0.0036345,12.798799420029807,0.049748287136131504
0.003635,12.797728565311541,0.05528203991579101
0.0036355000000000003,12.796685492254426,0.06081691742090992
0.003636,12.795670203515622,0.06635289009513129
0.0036365,12.794682701604216,0.07188992837934859
0.003637,12.793701504256097,0.06440673099209197
0.0036375,12.792657568936109,0.05079694840126597
0.003638,12.79154569969156,0.03718831179342877
0.0036385000000000002,12.790365909505205,0.023580893431977196
0.003639,12.78911821171971,0.009974765566308996
0.0036395,12.787804863056978,0.0
0.00364,12.786472868038857,0.0
0.0036405,12.78515460086397,0.005546995111314677
0.003641,12.783864207974075,0.011095378104662917
0.0036415,12.782601693332161,0.01664511932447106
0.0036420000000000003,12.781367060752524,0.02219618911102701
0.0036425,12.780160313900753,0.02774855780063841
0.003643,12.778981456293714,0.03330219572579092
0.0036435,12.777830491299609,0.03885707321530626
0.003644,12.77670742213791,0.04441316059450053
0.0036445,12.775612251879373,0.04997042818534243
0.0036450000000000002,12.77454498344606,0.055528846306611326
0.0036455,12.7735056196113,0.06108838527405563
0.003646,12.772494162999747,0.06664901540055077
0.0036465,12.771510616087323,0.07221070699625767
0.003647,12.770533496576073,0.06475215864900935
0.0036475,12.769493761896383,0.05116702069604965
0.003648,12.76838621606044,0.03758302419331313
0.0036485000000000003,12.767210872015227,0.02400024127361058
0.003649,12.76596774306699,0.010418744055792132
0.0036495,12.764658527904656,0.0
0.00365,12.763328943840051,0.0
0.0036505,12.762013147685437,0.0055716150300717535
0.003651,12.760725348645206,0.011144615249401689
0.0036515000000000002,12.759465550655765,0.016718970871760365
0.003652,12.758233757504167,0.02229465210680856
0.0036525,12.757029972828127,0.027871629160256095
0.003653,12.755854200116,0.03344987223402074
0.0036535,12.754706442706803,0.0390293515263871
0.003654,12.753586703790175,0.0446100372321655
0.0036545,12.752494986406402,0.05019189954285088
0.0036550000000000003,12.751431293446412,0.0557749086467817
0.0036555,12.750395627651784,0.061359034729298816
0.003656,12.749387991614723,0.06694424797290431
0.0036565,12.748408387778086,0.07253051855742061
0.003657,12.747435333810202,0.06509654494037767
0.0036575,12.746399787107084,0.051535977328752654
0.0036580000000000002,12.745296551645902,0.0379765466482501
0.0036585,12.744125640337973,0.024418324901488583
0.003659,12.74288706645325,0.010861384077164162
0.0036595,12.741582048449018,0.0
0.00366,12.740254868061674,0.0
0.0036605,12.73894153546979,0.005596160645853172
0.003661,12.737656322450968,0.011193703796315947
0.0036615000000000003,12.736399232915119,0.016792599534897458
0.003662,12.735170270622163,0.022392817941025545
0.0036625,12.733969439182014,0.02799432909020633
0.003663,12.732796742054589,0.03359710305418381
0.0036635,12.731652182549801,0.03920110990109933
0.003664,12.730535763827561,0.04480631969565136
0.0036645000000000002,12.72944748889777,0.05041270249925494
0.0036650000000000003,12.728387360620324,0.05602022837020116
0.0036655,12.72735538170512,0.06162886736381703
0.003666,12.726351554712044,0.0672385895326248
0.0036665,12.725375882050981,0.07284936492650153
0.003667,12.72440688135664,0.06543989187306759
0.0036675,12.723375509990763,0.05190382044942636
0.0036680000000000003,12.722276571895621,0.03836888145144565
0.0036685,12.721110079946984,0.024835146751944523
0.003669,12.719876047378587,0.01130268820985785
0.0036695,12.718575296320886,0.0
0.00367,12.717250512347897,0.0
0.0036705,12.715939635874898,0.0056206320952006126
0.0036710000000000002,12.714657001063623,0.011242644018474118
0.0036715000000000003,12.713402611797584,0.016866005723461815
0.003672,12.712176471809618,0.022490687159752113
0.0036725,12.71097858468193,0.02811665827304089
0.003673,12.709808953846087,0.03374388900529162
0.0036735,12.708667582582992,0.03937234929489577
0.003674,12.707554474022913,0.04500200907683301
0.0036745000000000002,12.706469631145467,0.05063283828283145
0.003675,12.705413056779612,0.05626480684152789
0.0036755,12.704384753603652,0.06189788467862824
0.003676,12.703384724145254,0.06753204171706748
0.0036765,12.702412970781415,0.07316724787717035
0.003677,12.701448011113342,0.06578220135703992
0.0036775,12.700420802468615,0.05227055210429839
0.0036780000000000003,12.699326148754695,0.0387600307853689
0.0036785,12.698164062811912,0.025250709143663362
0.003679,12.696934557837908,0.01174265890874756
0.0036795,12.695638138559843,0.0
0.00368,12.694315743752178,0.0
0.0036805,12.693007315968416,0.005645029519539221
0.0036810000000000002,12.691727251565748,0.011291436198711029
0.0036815,12.690475554401317,0.016939189861681688
0.003682,12.689252228180994,0.02258826032859301
0.0036825,12.688057276459359,0.02823861741572322
0.003683,12.686890702639703,0.03389023093564797
0.0036835,12.685752509974025,0.039543070697401234
0.003684,12.684642701563039,0.04519710650663626
0.0036845000000000003,12.68356128035615,0.050852308165786564
0.003685,12.68250824915146,0.05650864547422686
0.0036855,12.681483610595805,0.06216608822843402
0.003686,12.680487367184705,0.06782460622214805
0.0036865,12.679519521262405,0.07348416924653281
0.003687,12.678558590396676,0.06612347537056602
0.0036875000000000002,12.677535531881068,0.05263617441278031
0.003688,12.676445149588329,0.03914999691054587
0.0036885,12.675287456323431,0.025665014478258856
0.003689,12.67406246524806,0.012181298716507243
0.0036895,12.672770440676935,0.0
0.00369,12.671450427799549,0.0
0.0036905,12.670144441289741,0.005669353061920058
0.0036910000000000003,12.66886693951178,0.01134008062311314
0.0036915,12.667617926296552,0.01701215237866262
0.003692,12.666397405323027,0.022685538019655636
0.0036925,12.665205380118236,0.028360207233344745
0.003693,12.664041854057306,0.03403612970330947
0.0036935,12.6629068303634,0.03971327510961812
0.0036940000000000002,12.66180031210775,0.04539161312898915
0.0036945,12.660722302209665,0.05107111343495306
0.003695,12.659672803436504,0.056751745698013854
0.0036955,12.658651818403687,0.06243347958581073
0.003696,12.657659349574727,0.06811628476327974
0.0036965,12.656695399261178,0.07380013089281542
0.003697,12.65573848499751,0.06646371591466096
0.0036975000000000003,12.654719564043301,0.053000689518650314
0.003698,12.653633440236717,0.03953878211349154
0.0036985,12.652480126347502,0.026078065184955757
0.003699,12.65125963550146,0.012618610205043661
0.0036995,12.649972071544092,0.0
0.0037,12.648654433375611,0.0
0.0037005000000000002,12.647350880738465,0.005693602861819291
0.003701,12.646075933816007,0.011388577570617557
0.0037015,12.644829596412958,0.017084893692786603
0.003702,12.643611872181479,0.022782520790750167
0.0037025,12.642422764621132,0.028481428423126256
0.003703,12.641262277078935,0.034181586144889475
0.0037035,12.640130412749315,0.039882963507533335
0.0037040000000000003,12.639027174674135,0.045585530059232486
0.0037045,12.637952565742676,0.051289255345005114
0.003705,12.636906588691645,0.05699410890687525
0.0037055,12.635889246105169,0.06270006028403508
0.003706,12.634900540414813,0.06840707901300726
0.0037065,12.633940473899568,0.07411513462780712
0.0037070000000000002,12.632987564060693,0.06680292494033375
0.0037075000000000003,12.63197276812391,0.053364099512112705
0.003708,12.630890889892889,0.03992638862357987
0.0037085,12.629741942102262,0.026489863632271335
0.003709,12.628525937842056,0.013054595881990368
0.0037095,12.627242901625408,0.0
0.00371,12.625927630957944,0.0
0.0037105000000000003,12.624626504805995,0.005717779057019584
0.003711,12.623354104984374,0.011436927316774514
0.0037115,12.622110435271699,0.017157414217355633
0.003712,12.620895499293383,0.022879209192913842
0.0037125,12.61970930052163,0.028602281673823053
0.003713,12.618551842275448,0.03432660108684324
0.0037135000000000002,12.617423127720594,0.04005213685528339
0.0037140000000000003,12.616323159869653,0.045778858399164506
0.0037145,12.615251941581976,0.051506735135382585
0.003715,12.614209475563696,0.057235736477871633
0.0037155,12.613195764367747,0.06296583183776663
0.003716,12.612210810393865,0.0686969906235665
0.0037165,12.61125461588855,0.07442918224129734
0.0037170000000000003,12.610305698319937,0.06714110437490364
0.0037175,12.609295014880031,0.053726406457991864
0.003718,12.608217369338103,0.04031281864311518
0.0037185,12.60707277439377,0.026900412159963773
0.003719,12.605861243101401,0.013489258224532664
0.0037195,12.604582788870047,7.942803874435406e-05
0.00372,12.60326988645252,0.0
0.0037205000000000003,12.601971179412628,0.005741881790166755
0.003721,12.600701318952197,0.011485130146860053
0.0037215,12.599460308823822,0.01722971438025963
0.003722,12.598248152626267,0.022975603796633298
0.0037225,12.597064853804438,0.028722767698500597
0.003723,12.595910415649396,0.03447117538479644
0.0037235000000000002,12.594784841298367,0.040220796151034834
0.003724,12.59368813373472,0.0459715992894725
0.0037245,12.59262029578798,0.05172355408927257
0.003725,12.591581330133794,0.05747662983666825
0.0037255,12.590571239293995,0.06323079581512647
0.003726,12.589590025636566,0.06898602130551153
0.0037265,12.588637691375641,0.07474227558624899
0.0037270000000000003,12.587692753946362,0.0674782562137175
0.0037275,12.586686170507056,0.05408761249399331
0.003728,12.585612744792732,0.040698074452135385
0.0037285,12.584472489468087,0.02730971319037648
0.003729,12.583265417551942,0.013922599797291718
0.0037295,12.581991542417171,0.0005368053474218229
0.0037300000000000002,12.580681065915272,0.0
0.0037305,12.579384770628597,0.005765911203747084
0.003731,12.578117441804709,0.011533186345831156
0.0037315,12.576879083170281,0.017301794608909963
0.003732,12.575669698297496,0.023071705171757228
0.0037325,12.574489290604047,0.028842887209427032
0.003733,12.573337863353169,0.03461530989341808
0.0037335000000000003,12.572215419653595,0.04038894239183814
0.003734,12.57112196245958,0.04616375386956832
0.0037345,12.570057494570895,0.0519397134884274
0.003735,12.569022018632836,0.05771679040733627
0.0037355,12.568015537136217,0.06349495378248217
0.003736,12.567038052417361,0.0692741727674831
0.0037365000000000002,12.566089566658123,0.07505441651355206
0.003737,12.565148597260741,0.0678143824498901
0.0037375,12.564146101349994,0.05444771975543113
0.003738,12.563076882626723,0.041082158328127685
0.0037385,12.561940953720816,0.0277177691431429
0.003739,12.56073832761566,0.014354623162019593
0.0037395,12.559469017648048,0.0009927913323041996
0.0037400000000000003,12.558161043159245,0.0
0.0037405,12.556867152280397,0.005789867431995086
0.003741,12.555602347382566,0.01158109618214218
0.0037415,12.554366632166548,0.01737365530596539
0.003742,12.55316001017804,0.02316751385513269
0.0037425,12.551982484807597,0.028962640877620877
0.0037430000000000002,12.550834059290697,0.03475900541788062
0.0037435,12.549714736707683,0.04055657651700145
0.003744,12.54862451998378,0.0463553232128768
0.0037445,12.547563411889122,0.052155214540369046
0.003745,12.546531415038707,0.057956219531474416
0.0037455,12.545528531892424,0.06375830721548814
0.003746,12.544554764755057,0.06956144661916935
0.0037465000000000003,12.543610115776293,0.07536560676690615
0.003747,12.542673102325542,0.06814948496110924
0.0037475,12.541674681494152,0.05480673025395733
0.003748,12.540609656948885,0.04146507241668376
0.0037485,12.539478041284932,0.028124582297769058
0.003749,12.538279847450346,0.014785330732110535
0.0037495000000000002,12.537015088745951,0.0014473885406471694
0.0037500000000000003,12.535709684599679,0.0
0.0037505,12.534418190797574,0.005813750617014796
0.003751,12.533155902130279,0.01162885993998562
0.0037515,12.531922822272813,0.017445296897690622
0.003752,12.530718954744447,0.023263030415079537
0.0037525,12.52954430290873,0.02908202941343936
0.0037530000000000003,12.528398869973428,0.03490226281056008
0.0037535,12.527282658990611,0.0407236995209003
0.003754,12.526195672856554,0.04654630845575296
0.0037545,12.525137914311818,0.05237005852341104
0.003755,12.52410938594121,0.058194918629333195
0.0037555,12.523110090173803,0.06402085767630948
0.0037560000000000002,12.522140029282927,0.06984784456462706
0.0037565000000000003,12.521199205386175,0.07567584819223576
0.003757,12.520266135820258,0.06848356573514251
0.0037575,12.519271777643189,0.05516464611915738
0.003758,12.518210934487753,0.04184681898918082
0.0037585,12.517083618914548,0.028530155067396947
0.003759,12.515889843836403,0.015214725062443861
0.0037595000000000003,12.514629622518306,0.0019005996690390264
0.00376,12.51332685665667,0.0
0.0037605,12.512037752614447,0.005837560900905154
0.003761,12.510777972497133,0.011676477903543838
0.0037615,12.509547519954038,0.017516719810335115
0.003762,12.508346398478105,0.023358255419897268
0.0037625000000000002,12.507174611405908,0.02920105352721423
0.0037630000000000003,12.50603216191765,0.03504508292380188
0.0037635,12.50491905303715,0.04089031239787449
0.003764,12.503835287631865,0.04673671073451092
0.0037645,12.502780868412865,0.05258424671582107
0.003765,12.501755797934862,0.058432889121112275
0.0037655,12.500760078596198,0.06428260672705564
0.0037660000000000003,12.499793712638844,0.07013336830785227
0.0037665,12.498856702148414,0.07598514263539972
0.003767,12.497927564429014,0.06881662675968693
0.0037675,12.4969372565054,0.055521469480541104
0.003768,12.495880581976508,0.04222740031691542
0.0037685,12.494757553368446,0.028934489865083127
0.003769,12.493568183558926,0.01564280870780842
0.0037695000000000003,12.492312485777182,0.002352427413972582
0.00377,12.491012429863208,0.0
0.0037705,12.489725708277838,0.005861298421389865
0.003771,12.488468429044456,0.011723950348249189
0.0037715,12.487240595786755,0.017587924457024055
0.003772,12.486042211971416,0.02345318942038741
0.0037725000000000002,12.48487328090813,0.029319713907406078
0.003773,12.483733805749598,0.0351874665837078
0.0037735,12.482623789491505,0.04105641611164813
0.003774,12.481543234972555,0.04692653115047765
0.0037745,12.480492144874425,0.05279778035650885
0.003775,12.479470521721833,0.05867013238328325
0.0037755,12.478478367882472,0.0645435558817383
0.0037760000000000003,12.477515685567065,0.07041801950037445
0.0037765,12.47658247682932,0.07629349188542221
0.003777,12.47565725894084,0.06914866996123761
0.0037775,12.474670988893246,0.05587720240204994
0.003778,12.473618470251713,0.04260681860125011
0.0037785,12.47249971550797,0.02933758902958516
0.0037790000000000002,12.471314737504718,0.016069584144330115
0.0037795,12.470063549435565,0.002802874388914637
0.00378,12.468766274534808,0.0
0.0037805,12.467481928117127,0.005884963316423989
0.003781,12.466227142116178,0.011771277549996679
0.0037815,12.465001920130101,0.01765891125157662
0.003782,12.46380626559942,0.02354783296827673
0.0037825000000000003,12.462640181807021,0.029438011243631976
0.003783,12.461503671878187,0.035329414617767015
0.0037835,12.460396738780565,0.04122201162756396
0.003784,12.459319385324171,0.04711577080682998
0.0037845,12.458271614161404,0.05301066068646505
0.003785,12.457253427787057,0.05890664979462959
0.0037855000000000002,12.456264828538277,0.06480370665691212
0.003786,12.45530581859462,0.07070179979649709
0.0037865,12.45437639997803,0.0766008977343323
0.003787,12.453455089927662,0.06947969726952546
0.0037875,12.452472845402122,0.05623184695109212
0.003788,12.451424469932938,0.04298507604724495
0.0037885,12.450309975977534,0.029739454903588976
0.0037890000000000003,12.44912937634372,0.01649505385229398
0.0037895,12.447882684189587,0.0032519432117217866
0.00379,12.446588257443796,0.0
0.0037905,12.445306278918846,0.005908555727731741
0.003791,12.44405397851375,0.01181845979221925
0.0037915,12.442831359801186,0.017729680619118206
0.0037920000000000002,12.441638426195572,0.02364218663036608
0.0037925,12.440475180953108,0.029555946244350477
0.003793,12.439341627171707,0.035470927876077425
0.0037935,12.43823776779107,0.04138709993733984
0.003794,12.437163605592628,0.047304430836885736
0.0037945,12.43611914319958,0.05322288898058667
0.003795,12.435104383076885,0.059142442771605984
0.0037955000000000003,12.434119327531258,0.06506306061056728
0.003796,12.433163978711164,0.07098471089572274
0.0037965,12.432238338606858,0.07690736202312137
0.003797,12.4313209244252,0.06980971066700592
0.0037975,12.43034269309186,0.05658540525156186
0.003798,12.4292984481048,0.04336217492020713
0.0037985000000000002,12.428188201887275,0.030140089893787938
0.0037990000000000003,12.427011967212309,0.016919220379751965
0.0037995,12.425769757202568,0.0036996365717762818
0.0038,12.42447824566221,0.0
0.0038005,12.423198627769228,0.005932075796718518
0.003801,12.421948805338307,0.011865497357712225
0.0038015,12.420728781916724,0.017800232983817856
0.0038020000000000003,12.41953856089291,0.02373625097218129
0.0038025,12.418378145496405,0.02967351961642646
0.003803,12.417247538797891,0.03561200720682445
0.0038035,12.416146743709177,0.04155168203046247
0.003804,12.415075762983205,0.04749251237141294
0.0038045,12.414034599214073,0.05343446651090233
0.0038050000000000002,12.413023254836984,0.05937751272748029
0.0038055000000000003,12.412041732128305,0.06532161929718866
0.003806,12.41109003320553,0.07126675449373038
0.0038065,12.41016816002733,0.07721288658863855
0.003807,12.409254629768338,0.07013871213167404
0.0038075,12.408280399321384,0.05693787942257491
0.003808,12.40724027215099,0.04373811748034694
0.0038085000000000003,12.406134260646349,0.03053949640146018
0.003809,12.404962377545774,0.01734208626902268
0.0038095,12.403724635936642,0.004145957152409093
0.00381,12.402436113568514,0.0
0.0038105,12.401158849060154,0.005955523657017309
0.003811,12.399911496995808,0.011912390513726983
0.0038115000000000002,12.398694060897448,0.017870568746530008
0.0038120000000000003,12.397506544127566,0.02383002652816374
0.0038125,12.39634894988915,0.02979073202787153
0.003813,12.395221281225712,0.03575265341157245
0.0038135,12.394123541021285,0.04171575884203092
0.003814,12.393055732000398,0.04768001647902648
0.0038145,12.392017856728113,0.05364539447952319
0.0038150000000000002,12.391009917610003,0.05961186099783958
0.0038155,12.390031916892157,0.06557938418581814
0.003816,12.389083856661205,0.07154793219299503
0.0038165,12.388165738844302,0.07751747316676975
0.003817,12.387256080583985,0.07046670353280336
0.0038175,12.386285838740347,0.05728927146676859
0.003818,12.385249816744556,0.04411290586364114
0.0038185000000000003,12.38414802695185,0.03093767669589667
0.003819,12.382980482065962,0.01776365392268527
0.0038195,12.381747195139072,0.004590907489460813
0.00382,12.380461728275852,0.0
0.0038205,12.379186809918954,0.005978899449989788
0.003821,12.377941920628475,0.011959139542971377
0.0038215000000000002,12.37672706390116,0.01794068833129248
0.003822,12.375542243073639,0.023923513863664318
0.0038225,12.374387461322442,0.029907584185331973
0.003823,12.373262721663993,0.03589286733824467
0.0038235,12.372168026954613,0.04187933136122617
0.003824,12.371103379890526,0.047866944290145014
0.0038245,12.370068783007845,0.053855674158084926
0.0038250000000000003,12.369064238682585,0.05984548899551504
0.0038255,12.368089749130679,0.06583635683046031
0.003826,12.367145316407965,0.07182824568867169
0.0038265,12.366230942410205,0.07782112359379662
0.003827,12.365325144247912,0.07079368684777781
0.0038275,12.364358878748547,0.057639583502604036
0.0038280000000000002,12.363326949310053,0.044486542329601975
0.0038285,12.362229368253788,0.03133463317763401
0.003829,12.361066148249016,0.018183925882273366
0.0038295,12.359837302312819,0.005034490265433971
0.00383,12.358554957031807,0.0
0.0038305,12.357282377607383,0.006002203316854595
0.003831,12.35603994351295,0.01200574472786728
0.0038315000000000003,12.354827658220085,0.018010592161714165
0.003832,12.35364552503966,0.024016713543461975
0.0038325,12.352493547121812,0.03002407679473902
0.003833,12.351371727455952,0.03603264983390617
0.0038335,12.350280068870791,0.04204240057622785
0.003834,12.34921857403432,0.048053296934042984
0.0038345000000000002,12.348187245453799,0.054065306816936005
0.003835,12.347186085475794,0.0600783981319078
0.0038355,12.346215096286159,0.06609253878354675
0.003836,12.345274279910033,0.07210769667419953
0.0038365,12.344363638211881,0.07812383970414224
0.003837,12.3434616882703,0.07111966405197988
0.0038375,12.342499386880235,0.05798881764639778
0.0038380000000000003,12.341471537406449,0.044859029135454205
0.0038385,12.34037815213656,0.03173036824477859
0.003839,12.339219243705468,0.018602904686747468
0.0038395,12.337994825095283,0.0054767081601149814
0.00384,12.336715670806878,0.0
0.0038405,12.335445423109709,0.006025435394870045
0.0038410000000000002,12.334205436647949,0.01205220634291629
0.0038415000000000003,12.332995714868096,0.018080280649524248
0.003842,12.331816261055314,0.02410962611649701
0.0038425,12.33066707833344,0.03014021054222694
0.003843,12.329548169664974,0.03617200172186726
0.0038435,12.32845953785109,0.04220496744750366
0.003844,12.327401185531622,0.04823907550832605
0.0038445000000000003,12.326373115185088,0.054274293690799995
0.003845,12.325375329128672,0.060310589778838464
0.0038455,12.324407829518249,0.0663479315539735
0.003846,12.323470618348363,0.07238628679552767
0.0038465,12.32256369745227,0.0784256232807858
0.003847,12.321665583876749,0.07144463706539517
0.0038475000000000002,12.32070723438431,0.05833697595511749
0.0038480000000000003,12.31968345230668,0.045230368475122226
0.0038485,12.318594249897817,0.03212488422818563
0.003849,12.317439639758366,0.019020592803867028
0.0038495,12.316219634835559,0.0059175637781401684
0.00385,12.314943740860407,0.0
0.0038505,12.313675817699043,0.006048595820987167
0.0038510000000000003,12.312438271321016,0.012098524662005483
0.0038515,12.311231105147826,0.01814975420553011
0.003852,12.310054322439042,0.0242022521304807
0.0038525,12.30890792629225,0.030255986112393732
0.003853,12.307791919643135,0.03631092382359476
0.0038535,12.306706305265418,0.042367032933370706
0.0038540000000000002,12.305651085770874,0.0484242811081422
0.0038545000000000003,12.30462626360934,0.054482636011635714
0.003855,12.303631841068734,0.06054206530505594
0.0038555,12.302667820275024,0.06660253664725807
0.003856,12.301734203192265,0.07266401769491998
0.0038565,12.300830991622597,0.07872647610271456
0.003857,12.299936702581086,0.07176860780371055
0.0038575000000000003,12.298982292797893,0.05868406048112529
0.003858,12.297962565571833,0.04560056253761847
0.0038585,12.296877533123308,0.0325181834534919
0.003859,12.295727208018798,0.019436992695866562
0.0038595,12.294511603170768,0.006357059718314472
0.00386,12.293239034765215,0.0
0.0038605,12.291973428962319,0.006071684736078646
0.0038610000000000003,12.290738315133936,0.012144699966864833
0.0038615,12.289533696676635,0.018219013252302844
0.003862,12.288359576824433,0.024294592148808327
0.0038625,12.287215958648812,0.03037140420944122
0.003863,12.28610284505867,0.036449416984078664
0.0038635,12.285020238800367,0.04252859801958795
0.0038640000000000002,12.283968142457708,0.048608914859999505
0.0038645,12.28294655845196,0.05469033504667966
0.003865,12.281955489041838,0.06077282611850372
0.0038655,12.280994936323527,0.06685635561202884
0.003866,12.28006490223066,0.07294089106166683
0.0038665,12.279165388534372,0.07902639999985729
0.003867,12.278274912218087,0.0720915782374689
0.0038675000000000003,12.27732442997976,0.05903007333555289
0.003868,12.276308745085352,0.04596961357463752
0.0038685,12.275227869721828,0.03291026831292839
0.003869,12.27408181642162,0.019852106895486082
0.0038695,12.272870598062523,0.006795198653858848
0.00387,12.271601420222927,0.0
0.0038705000000000002,12.270338124615302,0.006094702280880122
0.003871,12.269105435817288,0.012190732538950215
0.0038715,12.267903357200614,0.018288058212002464
0.003872,12.266731891973832,0.02438664673432718
0.0038725,12.265591043182356,0.03048646553688631
0.003873,12.264480813708422,0.03658748204748711
0.0038735,12.263401206271116,0.04268966369095567
0.0038740000000000003,12.262352223426353,0.04879297788931049
0.0038745,12.261333867566906,0.05489739206193605
0.003875,12.260346140922385,0.06100287362575635
0.0038755,12.25938904555927,0.0671093899954085
0.003876,12.258462583380895,0.07321690858341637
0.0038765,12.25756675612746,0.07932539680036395
0.0038770000000000002,12.256680080750876,0.07241355033529762
0.0038775,12.255733513916955,0.059375016627480154
0.003878,12.254721858858929,0.04633752383568584
0.0038785,12.253645127730413,0.03330114119640146
0.003879,12.252503333029905,0.02026593793300458
0.0038795,12.251296487600648,0.00723198325539686
0.00388,12.250030771707864,0.0
0.0038805000000000003,12.248769779145707,0.006117648588922631
0.003881,12.24753950787286,0.012236622645309109
0.0038815,12.24633996123628,0.018356889485177563
0.003882,12.24517114241915,0.0244784164210709
0.0038825,12.244033054440889,0.030601170762231032
0.003883,12.242925700157155,0.036725119814773076
0.0038835000000000002,12.241849082259824,0.042850230881859575
0.003884,12.240803203277018,0.048976471263874784
0.0038845,12.23978806557312,0.055103808258598806
0.003885,12.238803671348709,0.061232209161381834
0.0038855,12.237850022640671,0.0673616412653183
0.003886,12.2369271213221,0.07349207186142115
0.0038865,12.236034969102377,0.079623468238796
0.0038870000000000003,12.235152082901996,0.07273452596504403
0.0038875,12.234209419354737,0.05971889235801646
0.003888,12.233201781661187,0.04670429545511036
0.0038885,12.232129181941739,0.03369080437147042
0.003889,12.230991632661029,0.020678488209167848
0.0038895,12.229789146627867,0.007667416056834128
0.0038900000000000002,12.228526957721549,0.0
0.0038905000000000003,12.227268261069108,0.006140523800090907
0.003891,12.22604039983097,0.012282370565695663
0.0038915,12.224843377329398,0.018425507491435653
0.003892,12.22367719672227,0.02456990176848362
0.0038925,12.222541861003124,0.03071552058473853
0.003893,12.22143737300109,0.03686233112500044
0.0038935000000000003,12.220363735380946,0.04301030057114542
0.003894,12.219320950643105,0.04915939610230022
0.0038945,12.218309021123607,0.05530958489501733
0.003895,12.217327948994146,0.061460834123449805
0.0038955,12.216377736262048,0.06761311095952607
0.003896,12.21545838477031,0.07376638257312466
0.0038965000000000002,12.21456989619758,0.0799206161322492
0.0038970000000000003,12.213690787433015,0.07305450708343177
0.0038975,12.212752015078472,0.060061702623488346
0.003898,12.211748382301996,0.04706993066881497
0.0038985,12.210679901190849,0.03407926021359018
0.003899,12.209546584175929,0.021089760238954522
0.0038995,12.208348444031712,0.008101499712645142
0.0039000000000000003,12.207089846275746,0.0
0.0039005,12.20583343841135,0.006163328054790686
0.003901,12.204607979732243,0.012327976580906022
0.0039015,12.203413473536068,0.0184939126519472
0.003902,12.202249922955504,0.024661103338093276
0.0039025,12.201117330958242,0.030829515706276688
0.0039030000000000002,12.200015700347,0.03699911682035872
0.0039035000000000003,12.198945033759529,0.04316987374130504
0.003904,12.197905333668619,0.04934175352736122
0.0039045,12.196896602382083,0.0555147232342282
0.003905,12.195918842042772,0.061688749915237755
0.0039055,12.194972054628591,0.06786380062152803
0.003906,12.1940562419525,0.074039842402219
0.0039065,12.193171405662518,0.08021684230458793
0.003907,12.192296062616562,0.07337349565447356
0.0039075,12.191361169384656,0.06040344952803184
0.003908,12.190361529102427,0.04743443172103307
0.0039085,12.189297153824088,0.03446651110706486
0.003909,12.188168055946921,0.021499756546712344
0.0039095,12.186974248211154,0.008534236887193262
0.00391,12.18571930773453,0.0
0.0039105,12.184465181550346,0.006186061490925376
0.003911,12.183242117969128,0.012373440966731899
0.0039115,12.182050120263977,0.018562105380376403
0.003912,12.180889191542438,0.024752021681419992
0.0039125,12.17975933474644,0.030943156816204215
0.003913,12.178660552652373,0.03713547772802717
0.0039135,12.177592847871052,0.043328951357319734
0.003914,12.176556222847712,0.04952354464182151
0.0039145000000000004,12.175550679862017,0.055719224516757246
0.003915,12.174576221028099,0.061915957915012705
0.0039155,12.173632848294517,0.0681137117673109
0.003916,12.17272056344429,0.07431245300238823
0.0039165,12.1718393680949,0.0805121485471705
0.003917,12.170967779073127,0.07369149360717778
0.0039175,12.170036752917264,0.06074413513828076
0.0039180000000000005,12.169041092730598,0.04779780081599872
0.0039185,12.167980810534418,0.03485255939370281
0.003919,12.16685591869247,0.02190847961179708
0.0039195,12.165666429910873,0.008965630197354186
0.00392,12.164415215247146,0.0
0.0039205,12.163163363648893,0.006208724243435591
0.003921,12.161942687718645,0.012418763993039759
0.0039215000000000005,12.160753190705035,0.01863008608150009
0.003922,12.159594875690528,0.024842657338134767
0.0039225,12.158467745591418,0.03105644458906942
0.003923,12.157371803157822,0.037271414657413814
0.0039235,12.156307050973686,0.04348753436343875
0.003924,12.155273491456803,0.04970477052475266
0.0039245,12.15427112685879,0.05592308995647855
0.003925,12.153299959265107,0.06214245947143071
0.0039255,12.15235999059507,0.0683628458802915
0.003926,12.151451222601862,0.0745842159917879
0.0039265,12.150573656872515,0.08080653661286853
0.003927,12.149705810202775,0.07400850282910891
0.0039275000000000004,12.148778639099298,0.06108376147646862
0.003928,12.147786946633142,0.048160040110589615
0.0039285,12.146730744792757,0.035237407365000376
0.003929,12.145610045908478,0.022315931860297563
0.0039295,12.144424862652402,0.009395682203782285
0.00393,12.143177437124992,0.00012461270775608458
0.0039305,12.141928476063672,0.006355928835386906
0.0039310000000000005,12.140710803315304,0.01258855733542541
0.0039315,12.139524422100823,0.018822464920738517
0.003932,12.138369335474412,0.02505761830085353
0.0039325,12.137245546323463,0.031293984182135574
0.003933,12.136153057368618,0.037531529267964985
0.0039335,12.135091871163747,0.04377022025891478
0.003934,12.134061990095963,0.05001002385292799
0.0039345000000000005,12.133063416385623,0.05625090674549508
0.003935,12.132096152086323,0.06249283562983138
0.0039355,12.131160199084924,0.06873577719705441
0.003936,12.130255559101547,0.07497969813636142
0.0039365,12.129382233689583,0.08122456513520655
0.003937,12.128518739610545,0.07444907315970696
0.0039375,12.127596033336241,0.06154686892640065
0.003938,12.12660891790231,0.0486456798715453
0.0039385,12.125557405261187,0.03574557450932328
0.003939,12.124441507706592,0.022846621341023606
0.0039395,12.123261237873411,0.009948888854679028
0.00394,12.12201814878127,0.0
0.0039405,12.120770823814283,0.006253825165948198
0.003941,12.119554899524912,0.012508960905203292
0.0039415,12.11837037911311,0.018765373811106198
0.003942,12.117217265611469,0.025023030473680888
0.0039425,12.116095561885201,0.03128189747981237
0.003943,12.115005270632178,0.03754194141342487
0.0039435,12.11394639438289,0.04380312885565973
0.0039440000000000005,12.11291893550048,0.05006542638505352
0.0039445,12.111922896180742,0.05632880057771609
0.003945,12.110958278452122,0.06259321800750853
0.0039455,12.110025084175732,0.06885864524622125
0.003946,12.109123315045343,0.07512504886375208
0.0039465,12.108252972587412,0.08139239542828403
0.003947,12.107392573535918,0.0746393797866921
0.0039475000000000005,12.106473074334561,0.06175964853630185
0.003948,12.10548927799024,0.048880928994188604
0.0039485,12.104441196426093,0.03600328955538324
0.003949,12.103328841905935,0.02312679860205486
0.0039495,12.10215222703416,0.01025152450314837
0.00395,12.10091257113717,0.0001255119620973571
0.0039505,12.099668127088425,0.006401788378386124
0.003951,12.098455195660152,0.012679372244819537
0.0039515,12.097273780024704,0.018958230035664717
0.003952,12.096123883186529,0.025238328221901436
0.0039525,12.0950055079821,0.03151963327140083
0.003953,12.09391865707992,0.03780211164910406
0.0039535,12.092863332980565,0.04408572981720105
0.003954,12.091839538016641,0.05037045423530896
0.0039545,12.090847274352827,0.05665625136065114
0.003955,12.089886543985862,0.06294308764823553
0.0039555,12.088957348744563,0.0692309295510335
0.003956,12.088059690289807,0.07551974352015832
0.0039565,12.087193570114573,0.08180949600504397
0.0039570000000000004,12.086337504918763,0.07507888173385223
0.0039575,12.085422451111405,0.062221547185231915
0.003958,12.084443211664173,0.04936521955761902
0.0039585,12.08339979846435,0.036509967127442686
0.003959,12.082292223739318,0.02365585815830875
0.0039595,12.08112050005646,0.010802960900637993
0.00396,12.079885354722336,0.0
0.0039605000000000005,12.078642528170887,0.0062986449621862586
0.003961,12.077431325904127,0.0125985955955656
0.0039615,12.076251751073634,0.018899818255624187
0.003962,12.075103806662414,0.025202279294583314
0.0039625,12.07398749548493,0.03150594506157875
0.003963,12.072902820187137,0.03781078190283995
0.0039635,12.071849783246389,0.04411675616186943
0.0039640000000000005,12.070828386971536,0.05042383417962205
0.0039645,12.0698386335029,0.056731982294684354
0.003965,12.068880524812258,0.06304116684345375
0.0039655,12.067954062702873,0.06935135416031785
0.003966,12.067059248809494,0.0756625105778337
0.0039665,12.066196084598369,0.08197460242690724
0.003967,12.065343086742095,0.07526632431720089
0.0039675,12.064431211621804,0.06243132260889346
0.003968,12.063455262180668,0.04959732438198085
0.0039685,12.062415250276883,0.036764397794482886
0.003969,12.061311188108169,0.023932610991627256
0.0039695,12.060143088211634,0.011102032105488458
0.0039700000000000004,12.058911461019092,0.00012640560459992254
0.0039705,12.057671505794294,0.006447361732765853
0.003971,12.056463286097665,0.012769620419531015
0.0039715,12.05528680505334,0.019093147902051712
0.003972,12.0541420656163,0.02541791041424886
0.0039725,12.053029070572402,0.03174387418698793
0.003973,12.051947822538365,0.038071005448258914
0.0039735000000000005,12.050898323961778,0.04439927042335622
0.003974,12.049880577121112,0.050728635335058565
0.0039745,12.048894584125696,0.05705906640380894
0.003975,12.047940346915768,0.06339052984789453
0.0039755,12.047017867262452,0.06972299188362656
0.003976,12.046127146767766,0.07605641872552033
0.0039765,12.045268186864641,0.08239077658647488
0.0039770000000000005,12.044419504191767,0.07570475995818166
0.0039775,12.043512055095782,0.06289201508288486
0.003978,12.042540642484775,0.05008026892268277
0.0039785,12.041505278181308,0.0372695895177352
0.003979,12.040405974346843,0.024460044895448077
0.0039795,12.039242743481655,0.011651703070112998
0.00398,12.038015804442507,0.0
0.0039805,12.03677744820071,0.006343184726377918
0.003981,12.035570938453574,0.012687670252463283
0.0039815,12.03439627830461,0.01903342269737363
0.003982,12.033253470687576,0.025380408177013383
0.0039825,12.032142518366486,0.0317285928042544
0.003983,12.031063423935679,0.038077942689116566
0.0039835,12.030016189819744,0.04442842393894834
0.003984,12.029000818273564,0.050780002658607264
0.0039845,12.028017311382316,0.05713264495064053
0.003985,12.027065671061468,0.06348631691546554
0.0039855,12.026145899056807,0.06984098465155046
0.003986,12.025257996944427,0.07619661425559458
0.0039865000000000005,12.024401966130759,0.08255317182270903
0.003987,12.023556323227378,0.07588935172682577
0.0039875,12.022652024553242,0.06309880009245865
0.003988,12.021683872988175,0.05030924376400534
0.0039885,12.020651880325875,0.03752075066395544
0.003989,12.019556058698356,0.024733388702075677
0.0039895,12.01839642057589,0.011947225775050065
0.0039900000000000005,12.017173076656588,0.00012729365718114918
0.0039905,12.015937582177207,0.0064926500162527
0.003991,12.014734044739368,0.012859304072975699
0.0039915,12.01356246741925,0.01922722182887882
0.003992,12.012422853122715,0.025596369282306967
0.0039925,12.011315204585323,0.03196671242860248
0.003993,12.010239524372311,0.038338217260286335
0.0039935,12.009195814878632,0.04471084976723927
0.003994,12.00818407832894,0.05108457593688302
0.0039945,12.007204316777585,0.05745936175436136
0.003995,12.006256532108631,0.06383517320272147
0.0039955,12.005340726035886,0.07021197626309486
0.003996,12.004456900102863,0.07658973691487862
0.0039965,12.003605055682838,0.08296842113591657
0.003997,12.002763709353667,0.07632672318290902
0.0039975,12.001863817399986,0.06355828906317419
0.003998,12.000900182666722,0.05079084550395116
0.0039985,11.99987281691207,0.038024460310608195
0.003999,11.998781732232008,0.02525920127582879
0.0039995000000000005,11.997626941060139,0.012495136179252419
0.004,11.996408457410029,0.0
0.0040005,11.995174543483074,0.006387445565414447
0.004001,11.993972696869214,0.012776187089557826
0.0040015,11.992802920624154,0.019166190456659255
0.004002,11.99166521763271,0.0255574215477862
0.0040025,11.990559590608797,0.031949846241026245
0.0040030000000000005,11.989486042095445,0.038343430411668884
0.0040035,11.988444574464795,0.0447381399323874
0.004004,11.987435189918118,0.051133940673420544
0.0040045,11.98645789048578,0.05753079850275437
0.004005,11.98551267802732,0.06392867928630408
0.0040055,11.98459955423139,0.07032754888809563
0.004006,11.98371852061579,0.07672737317044774
0.0040065000000000005,11.982869578527488,0.08312811799415343
0.004007,11.982031244517454,0.07650847749889028
0.0040075,11.981134474842857,0.06376209757498308
0.004008,11.980174072320574,0.05101670483270676
0.0040085,11.979150048680173,0.03827236696049561
0.004009,11.97806241598842,0.025529151634129946
0.0040095,11.976911186649124,0.012787126516377402
0.00401,11.975696373403089,4.635925663436409e-05
0.0040105,11.974464902639022,0.006455837690147359
0.004011,11.973265609085828,0.012866609425990501
0.0040115,11.972098495774198,0.01927864023149337
0.004012,11.970963565563341,0.0256918958708508
0.0040125000000000004,11.969860821141006,0.03210634210530529
0.004013,11.968790265023465,0.038521944693329375
0.0040135,11.967751899555498,0.04493866939080818
0.004014,11.966745726910471,0.05135648195122171
0.0040145,11.965771749090257,0.05777534812582725
0.004015,11.964829967925283,0.06419523366384179
0.0040155,11.963920385074555,0.0706161043126245
0.0040160000000000005,11.963043002025634,0.07703792581785886
0.0040165,11.962197820094657,0.08346066392373538
0.004017,11.961363355801181,0.07686301265336237
0.0040175,11.96047056537041,0.06413861778052866
0.004018,11.959514251586652,0.051415205799007754
0.0040185,11.958494426146347,0.038692844280767476
0.004019,11.957411101082513,0.025971600785157187
0.0040195000000000005,11.95626428876469,0.01325154285854977
0.00402,11.955054001898779,0.0005327380339836235
0.0040205,11.953827166838051,0.006964174030384712
0.004021,11.95263261827537,0.01339689834054459
0.0040215,11.951470359204814,0.019830876615548904
0.004022,11.95034039244842,0.026266074503387825
0.0040225,11.949242720656162,0.03270245764913902
0.004023,11.948177346305965,0.03913999169515076
0.0040235,11.947144271703717,0.045578642281224824
0.004024,11.94614349898326,0.052018375044799704
0.0040245,11.945175030106405,0.058459155621133484
0.004025,11.94423886686294,0.06490094964348685
0.0040255,11.94333501087065,0.0713437227433062
0.004026,11.94246346357529,0.0777874405504064
0.0040265,11.941624226250637,0.08423206869315411
0.004027,11.94079581537332,0.07765630107887911
0.0040275,11.939909187124995,0.06495378336563787
0.004028,11.938959144245883,0.052252241931517854
0.0040285,11.937945698387752,0.03955174423284829
0.0040290000000000005,11.9368688615384,0.02685235771338768
0.0040295,11.935728646021525,0.014154149803966403
0.00403,11.934525064496668,0.001457187922129505
0.0040305,11.933305043270124,0.007910459671359175
0.004031,11.932117416987236,0.014365012429053465
0.0040315,11.930962188593975,0.02082081173095539
0.004032,11.929839360863694,0.027277823109763955
0.0040325000000000005,11.928748936397133,0.03373601209531774
0.004033,11.927690917622396,0.040195344214778606
0.0040335,11.926665306794982,0.0466557849928152
0.004034,11.925672105997776,0.05311729995178684
0.0040345,11.924711317141066,0.059579854611926907
0.004035,11.923782941962548,0.0660434144915265
0.0040355,11.922886982027329,0.07250794510711812
0.004036,11.922023438727932,0.07897341197365919
0.0040365,11.921192313284337,0.08543978060471569
0.004037,11.920372122118783,0.07888574479287426
0.0040375,11.919493821358003,0.06620495008150645
0.004038,11.918552213686715,0.05352512273407361
0.0040385,11.917547310700595,0.040846330092338054
0.004039,11.916479124330804,0.02816863948555136
0.0040395,11.915347666843848,0.015492118230097628
0.00404,11.91415295084147,0.002816833629136655
0.0040405,11.912941902571644,0.00929177317182721
0.004041,11.91176335662079,0.015767984121306266
0.0040415,11.910617315875424,0.022245431899118727
0.0040420000000000005,11.909503783048864,0.028724081923829015
0.0040425,11.90842276068124,0.03520389961120532
0.004043,11.907374251139506,0.04168485037440384
0.0040435,11.906358256617422,0.048166899624153055
0.004044,11.905374779135599,0.054650012768937876
0.0040445,11.904423820541465,0.06113415521518388
0.004045,11.903505382509296,0.06761929236744163
0.0040455000000000005,11.902619466540223,0.07410538962857073
0.004046,11.901766073962252,0.0805924123999242
0.0040465,11.900945205930235,0.08708032608153232
0.004047,11.90013537880078,0.08054782435251588
0.0040475,11.899267548634377,0.0678885526428505
0.004048,11.898336518048959,0.05523023710267246
0.0040485,11.89734229857289,0.042572944960490224
0.0040490000000000005,11.896284902069413,0.029916743432373594
0.0040495,11.895164340736581,0.017261699721597287
0.00405,11.893980627107132,0.004607881018284906
0.0040505,11.892780687359455,0.011104274698632703
0.004051,11.891613356009845,0.017601927912889444
0.0040515,11.890478635874143,0.024100805969786743
0.004052,11.889376529594399,0.0306008741751512
0.0040525,11.888307039638955,0.037102097832089294
0.004053,11.887270168302413,0.04360444224117217
0.0040535,11.886265917705623,0.05010787270062047
0.004054,11.885294289795715,0.05661235450648918
0.0040545,11.884355286346112,0.06311785295285237
0.0040550000000000004,11.883448908956511,0.06962433333198811
0.0040555,11.882575159052925,0.07613176093456324
0.004056,11.881734037887671,0.08264010104981803
0.0040565,11.880925546539373,0.08914931896575103
0.004057,11.880128201287844,0.08263810824953267
0.0040575,11.879272958116253,0.07000011421926987
0.004058,11.87835461956465,0.05736306291331312
0.0040585000000000005,11.877373197082958,0.04472702144846813
0.004059,11.876328702455428,0.032092056929185576
0.0040595,11.87522114780057,0.019458236447205506
0.00406,11.87405054557104,0.006825627081201665
0.0040605,11.8728638218646,0.013343216096005984
0.004061,11.871709811116359,0.019862050530588954
0.0040615,11.87058851606041,0.026382095582490557
0.0040620000000000005,11.86949993925656,0.032903316446433004
0.0040625,11.868444083090308,0.039425678314506184
0.004063,11.867420949772875,0.04594914637635303
0.0040635,11.8664305413412,0.05247368581935502
0.004064,11.865472859657967,0.05899926182881749
0.0040645,11.864547906411573,0.06552583958815505
0.004065,11.863655683116182,0.07205338427907693
0.0040655,11.862796191111704,0.07858186108177245
0.004066,11.861969431563804,0.08511123517509625
0.0040665,11.86117540546395,0.09164147173675381
0.004067,11.860392629004224,0.08515126422371515
0.0040675,11.859552058079533,0.07253425784398082
0.0040680000000000004,11.85864849514112,0.05991817852588894
0.0040685,11.857681951549552,0.04730309327632757
0.004069,11.856652438999209,0.03468906908992514
0.0040695,11.855559969518174,0.022076172948695284
0.00407,11.854404555468133,0.009464471821681891
0.0040705,11.853233122855354,0.01600295286418402
0.004071,11.852094506022901,0.022542663005736926
0.0040715000000000005,11.850988707612288,0.02908356733454357
0.004072,11.8499157300902,0.035625630936087914
0.0040725,11.8488755757485,0.04216881889332089
0.004073,11.847868246704223,0.04871309628684645
0.0040735,11.846893744899583,0.0552584281951075
0.004074,11.845952072102001,0.06180477969457189
0.0040745,11.845043229904093,0.06835211585991828
0.0040750000000000005,11.844167219723694,0.07490040176422233
0.0040755,11.843324042803854,0.08144960247914237
0.004076,11.842513700212871,0.08799968307510533
0.0040765,11.841736192844275,0.09455060862149299
0.004077,11.840970036791692,0.08808107246705611
0.0040775,11.84014618785106,0.07548471971168093
0.004078,11.839259448374111,0.06288927617569673
0.0040785,11.83830982962136,0.05029480875808913
0.004079,11.83729734318662,0.03770138434569064
0.0040795,11.83622200099688,0.025109069812826287
0.00408,11.835083815312196,0.012517932020959171
0.0040805,11.833929712036685,0.019076958017915945
0.004081,11.832808525410728,0.025637194625868453
0.0040815,11.831720257972648,0.03219860682576568
0.004082,11.83066491208539,0.038761159595947704
0.0040825,11.82964248993656,0.04532481791233221
0.004083,11.828652993538414,0.05188954674860109
0.0040835,11.827696424727868,0.058455311076386934
0.004084,11.826772785166515,0.06502207586545952
0.0040845000000000005,11.82588207634063,0.0715898060839124
0.004085,11.825024299561166,0.07815846669834939
0.0040855,11.8241994559638,0.08472802267407095
0.004086,11.823407546508907,0.09129843897526091
0.0040865,11.82264857198159,0.09786968056517263
0.004087,11.821901048366533,0.09142044068654433
0.0040875,11.82109593135019,0.07884436433336588
0.0040880000000000005,11.820228023174328,0.06626917722018684
0.0040885,11.819297334988947,0.05369494614033032
0.004089,11.818303878276847,0.04112173787508429
0.0040895,11.817247664853484,0.02854961919334751
0.00409,11.81612870686687,0.01597865685127579
0.0040905,11.814993930108551,0.02255783779150792
0.004091,11.813892168705824,0.02913820873114789
0.0040915000000000005,11.812823425083428,0.03571973454619745
0.004092,11.811787701490202,0.04230238011017053
0.0040925,11.810784999999138,0.04888611029428036
0.004093,11.809815322507365,0.05547088996762649
0.0040935,11.808878670736156,0.062056683997381915
0.004094,11.807975046230966,0.0686434572489802
0.0040945,11.807104450361406,0.07523117458630241
0.004095,11.806266884321271,0.08181980087186431
0.0040955,11.805462349128556,0.08840930096700314
0.004096,11.804690845625451,0.09499963973206499
0.0040965,11.80395237447838,0.10159078202659155
0.004097,11.80322545155285,0.09516142098973582
0.0040975000000000004,11.802441032415596,0.08260520151202955
0.004098,11.801593919188178,0.0700498492046917
0.0040985,11.800684122899913,0.05749543075784301
0.004099,11.799711654912386,0.04494201284969769
0.0040995,11.79867652691932,0.03238966214620999
0.0041,11.797578750946528,0.02022142402412517
0.0041005,11.796467167457122,0.026820326878433484
0.0041010000000000005,11.795388695451486,0.03342039500833809
0.0041015,11.794343337220463,0.04002159318764651
0.004102,11.793331094878527,0.046623886187821026
0.0041025,11.7923519703638,0.05322723877816653
0.004103,11.791405965438049,0.05983161572601792
0.0041035,11.790493081686698,0.06643698179692786
0.004104,11.789613320518834,0.07304330175485424
0.0041045000000000005,11.788766683167232,0.07965054036234795
0.004105,11.787953170688356,0.08625866238074015
0.0041055,11.787172783962365,0.09286763257033015
0.004106,11.786425523693133,0.09947741569057279
0.0041065,11.785711390408276,0.10608797650026595
0.004107,11.785008899834002,0.09967800803796671
0.0041075,11.784249007397271,0.08714115509375946
0.004108,11.783426515079361,0.07460514317856459
0.0041085,11.782541433768836,0.062070038882353906
0.004109,11.781593774686021,0.04953590878334261
0.0041095,11.780583549382937,0.03700281944763646
0.00411,11.779510769743174,0.024470837428879007
0.0041105000000000004,11.778422361292856,0.031088949467478654
0.004111,11.777367157892908,0.037708202078591824
0.0041115,11.776345161700663,0.0443285599365566
0.004112,11.775356374696635,0.05094998771350822
0.0041125,11.77440079868446,0.05757245007956718
0.004113,11.773478435290974,0.06419591170302735
0.0041135,11.772589285966161,0.07082033725054421
0.0041140000000000005,11.771733351983206,0.0774456913873228
0.0041145,11.770910634438502,0.0840719387773058
0.004115,11.770121134251646,0.0906990440833618
0.0041155,11.769364852165449,0.09732697196747313
0.004116,11.768641788745985,0.10395568709092415
0.0041165,11.767951944382567,0.11058515411448906
0.004117,11.76727383466262,0.10419406597884866
0.0041175000000000005,11.766538414873862,0.09167606737635887
0.004118,11.765740486857863,0.07915888372036023
0.0041185,11.764880061362986,0.06664258150339326
0.004119,11.763957149468906,0.05412722720639143
0.0041195,11.762971762586497,0.04161288729832859
0.00412,11.761923912457743,0.029482606959271098
0.0041205,11.760862439260984,0.03611941438783265
0.004121,11.759834261710873,0.042757333687143406
0.0041215,11.758839381811601,0.04939632943524225
0.004122,11.757877801390004,0.05603636620812832
0.0041225,11.756949522095645,0.06267740857994976
0.004123,11.75605454540077,0.06931942112319231
0.0041235,11.755192872600354,0.07596236840886794
0.004124,11.754364504812084,0.08260621500670337
0.0041245,11.753569442976392,0.08925092548532862
0.004125,11.752807687856478,0.09589646441246577
0.0041255,11.752079240038274,0.1025427963551173
0.004126,11.751384099930517,0.10918988587975471
0.0041265,11.750722267764747,0.1158376975525071
0.0041270000000000005,11.750072258970135,0.10946492421957824
0.0041275,11.749365028675717,0.09696521047901555
0.004128,11.7485953785639,0.08446628165001999
0.0041285,11.747763319223436,0.07196820413116249
0.004129,11.746868861573954,0.05947104430957653
0.0041295,11.745912016865807,0.0469748685606067
0.00413,11.744892796680018,0.034479743247456736
0.0041305000000000005,11.743858126239237,0.04113465492041754
0.004131,11.74285683909997,0.047790649904851476
0.0041315,11.741888937114243,0.05444769268562674
0.004132,11.740954421956314,0.061105747745734164
0.0041325,11.740053295122692,0.06776477956647588
0.004133,11.739185557932132,0.0744247526276548
0.0041335,11.738351211525666,0.08108563140776348
0.004134,11.737550256866603,0.08774738038417329
0.0041345,11.73678269474053,0.09440996403332351
0.004135,11.736048525755372,0.10107334683091014
0.0041355,11.735347750341342,0.10773749325207524
0.004136,11.734680368751023,0.11440236777159574
0.0041365,11.734046381059335,0.12106793486407247
0.004137,11.733424302538412,0.11471288728434773
0.0041375,11.732745088159808,0.10223086953927475
0.004138,11.732003539448002,0.08974960685702836
0.0041385,11.731199666833394,0.0772691655453211
0.004139,11.73033348107679,0.06478961190059715
0.0041395,11.729404993269322,0.052311012207680876
0.0041400000000000005,11.728414214832336,0.04021641146282958
0.0041405,11.727409985622664,0.046888837681189566
0.004141,11.726439224032553,0.053562314782766095
0.0041415,11.725501931742894,0.06023680716281652
0.004142,11.724598110256387,0.06691227921490296
0.0041425,11.72372776089753,0.07358869533108184
0.004143,11.722890884812672,0.08026601990209337
0.0041435000000000005,11.722087482969995,0.08694421731755106
0.004144,11.721317556159526,0.09362325196613142
0.0041445,11.720581104993157,0.10030308823576325
0.004145,11.719878129904684,0.10698369051381734
0.0041455,11.719208631149783,0.11366502318729577
0.004146,11.718572608806065,0.12034705064302158
0.0041465,11.717970062773057,0.1270297372678278
0.0041470000000000005,11.7173795081471,0.12069177572897613
0.0041475,11.716731899723499,0.1082268104459262
0.004148,11.716022038850092,0.09576256655964682
0.0041485,11.715249935780207,0.08329911029083299
0.004149,11.714415601097187,0.07083650784909959
0.0041495,11.713519045714255,0.058374825432630846
0.00415,11.712560280874458,0.04591412922782921
0.0041505,11.711586231461608,0.05260340560854433
0.004151,11.710645730692534,0.05929370072405813
0.0041515,11.709738780078755,0.06598497888352026
0.004152,11.70886538095316,0.0726772043945655
0.0041525,11.708025534470046,0.07937034156350385
0.0041530000000000004,11.70721924160514,0.08606435469551033
0.0041535,11.70644650315559,0.09275920809481504
0.004154,11.705707319739991,0.09945486606489316
0.0041545,11.7050016917984,0.10615129290865487
0.004155,11.704329619592345,0.11284845292863525
0.0041555,11.70369110320487,0.11954631042718411
0.004156,11.703086142540482,0.1262448297066561
0.0041565000000000005,11.702514737325279,0.13294397506960043
0.004157,11.701955402481712,0.12662243909917953
0.0041575,11.701339092630828,0.11417386613093888
0.004158,11.700660608945782,0.10172598122211883
0.0041585,11.699919961504849,0.08927885050987189
0.004159,11.699117160715886,0.07683254012045704
0.0041595,11.698252217316245,0.06438711616888936
0.0041600000000000005,11.697325142372714,0.05232562348199372
0.0041605,11.69638477538672,0.05903108990586165
0.004161,11.695478034394336,0.06573753919182194
0.0041615,11.69460492071946,0.07244493556683505
0.004162,11.693765435506974,0.07915324325654632
0.0041625,11.692959579722787,0.08586242648547628
0.004163,11.692187354153843,0.09257244947721137
0.0041635,11.69144875940812,0.09928327645459405
0.004164,11.690743795914644,0.10599487163991334
0.0041645,11.690072463923547,0.11270719925509508
0.004165,11.68943476350603,0.11942022352189226
0.0041655,11.688830694554403,0.1261339086620754
0.004166,11.68826025678213,0.13284821889762277
0.0041665,11.687723449723778,0.13956311845091082
0.004167,11.68719878810997,0.13325729982513296
0.0041675,11.686617226369517,0.12082440727607015
0.004168,11.685973565482959,0.10839216578140279
0.0041685,11.68526781533558,0.09596064139892858
0.004169,11.684499986141866,0.08352990017575716
0.0041695000000000005,11.683670088445446,0.07110000814796029
0.00417,11.682778133118985,0.058671031340221426
0.0041705,11.68187104467513,0.06539195596506574
0.004171,11.680997655958809,0.07211382801084586
0.0041715,11.680157968108862,0.07883661162617833
0.004172,11.67935198208472,0.08556027095856161
0.0041725,11.678579698666487,0.09228477015456697
0.0041730000000000005,11.677841118454905,0.09901007336002929
0.0041735,11.677136241871425,0.1057361447202378
0.004174,11.676465069158164,0.11246294838012695
0.0041745,11.675827600377938,0.11919044848446703
0.004175,11.675223835414302,0.12591860917805484
0.0041755,11.674653773971567,0.1326473946059047
0.004176,11.674117415574791,0.1393767689134389
0.0041765,11.673614759569844,0.1461066962466781
0.004177,11.673124320498204,0.13981586903266133
0.0041775,11.672577052599225,0.12739793145121633
0.004178,11.671967756663642,0.11498060840427224
0.0041785,11.671296442386543,0.10256396587407732
0.004179,11.670563119791879,0.0901480698323945
0.0041795,11.669767799232384,0.07773298624015158
0.00418,11.66891049138946,0.0653187810470915
0.0041805,11.668038120584159,0.07205444039100235
0.004181,11.667199519469445,0.07879101018570388
0.0041815,11.66639468899184,0.08552845450548402
0.004182,11.665623629918127,0.09226673742371747
0.0041825000000000005,11.664886342835398,0.0990058230130568
0.004183,11.664182828151043,0.10574567534562379
0.0041835,11.663513086092781,0.11248625849320036
0.004184,11.662877116708675,0.11922753652741999
0.0041845,11.662274919867155,0.12596947351995863
0.004185,11.661706495257022,0.13271203354272565
0.0041855,11.6611718423875,0.13945518066805526
0.0041860000000000005,11.660670960588217,0.14619887896889747
0.0041865,11.660203849009257,0.1529430925190089
0.004187,11.659749021995996,0.1466665136733724
0.0041875,11.65923743359134,0.13426278653996906
0.004188,11.658663884389204,0.12185963594909024
0.0041885,11.658028383887576,0.10945712781155578
0.004189,11.65733094191293,0.09705532802791028
0.0041895000000000005,11.656571568620192,0.08465430248807339
0.00419,11.655750274492643,0.07225411707099048
0.0041905,11.654913983652875,0.07900375784386315
0.004191,11.65411152855504,0.08575427065013573
0.0041915,11.653342909946533,0.09250561949393263
0.004192,11.652608128394682,0.09925776837867688
0.0041925,11.65190718428678,0.10601068130728186
0.004193,11.651240077830112,0.11276432228234275
0.0041935,11.65060680905195,0.11951865530632805
0.004194,11.650007377799607,0.12627364438177122
0.0041945,11.649441783740409,0.13302925351146172
0.004195,11.648910026361753,0.13978544669863674
0.0041955000000000004,11.648412104971115,0.14654218794717278
0.004196,11.64794801869608,0.15329944126177672
0.0041965,11.647517766484349,0.16005717064817726
0.004197,11.64709986247861,0.1537940683935451
0.0041975,11.646625260518753,0.1414037785382644
0.004198,11.646088760995378,0.12901402584524604
0.0041985,11.645490373202815,0.11662487615814592
0.0041990000000000005,11.644830106763584,0.10423639531056145
0.0041995,11.644107971628355,0.09184864912568212
0.0042,11.64332397807582,0.07946170341594061
0.0042005,11.64252505002367,0.08622454418224373
0.004201,11.64176001972087,0.09298821720195923
0.0042015,11.641028887709297,0.09975268641335311
0.004202,11.640331654350458,0.10651791575420906
0.0042025000000000005,11.639668319825526,0.11328386916202014
0.004203,11.639038884135356,0.12005051057418062
0.0042035,11.638443347100496,0.12681780392817793
0.004204,11.637881708361212,0.13358571316178433
0.0042045,11.637353967377498,0.14035420221324876
0.004205,11.636860123429123,0.14712323502148872
0.0042055,11.636400175615618,0.15389277552628156
0.004206,11.635974122856327,0.16066278766845676
0.0042065,11.635581963890429,0.16743323539008725
0.004207,11.63520221265177,0.16118281091490988
0.0042075,11.634765822771127,0.14880515822009738
0.004208,11.634267594429684,0.13642800200557165
0.0042085000000000004,11.633707536712052,0.1240514080522226
0.004209,11.633085659030764,0.111675442131105
0.0042095,11.632401971126184,0.09930017000308929
0.00421,11.631656483066418,0.08692565741851287
0.0042105,11.630896118558308,0.09370089031641139
0.004211,11.630169709639663,0.100476914412506
0.0042115,11.629477256640902,0.10725369358364098
0.0042120000000000005,11.628818759711821,0.1140311917064031
0.0042125,11.628194218821584,0.12080937265731416
0.004213,11.627603633758751,0.12758820031302273
0.0042135,11.627047004131299,0.1343676385504965
0.004214,11.62652432936664,0.14114765124721448
0.0042145,11.626035608711648,0.14792820228135864
0.004215,11.62558084123266,0.15470925553200643
0.0042155000000000005,11.62516002581554,0.16149077487932273
0.004216,11.62477316116567,0.16827272420475153
0.0042165,11.624420245807988,0.17505506739120835
0.004217,11.624079793461842,0.16881649660350054
0.0042175,11.62368275754323,0.1564506557600996
0.004218,11.623223938018286,0.1440852695024549
0.0042185,11.6227033437563,0.13172040355321293
0.004219,11.622120983954213,0.11935612362541388
0.0042195,11.621476868136549,0.10699249542214331
0.00422,11.62077100615529,0.09462958463618351
0.0042205,11.620050321500884,0.10141637714924512
0.004221,11.6193636459945,0.10820391861995451
0.0042215,11.618710979749657,0.11499217286829161
0.004222,11.618092322698967,0.12178110371421018
0.0042225,11.617507674594167,0.12857067497782984
0.004223,11.616957035006122,0.1353608504796286
0.0042235,11.616440403324862,0.1421515940406351
0.004224,11.615957778759597,0.1489428694826214
0.0042245,11.615509160338735,0.1557346406282951
0.0042250000000000005,11.615094546909923,0.16252687130149135
0.0042255,11.614713937140035,0.16931952532736563
0.004226,11.614367329515241,0.17611256653258575
0.0042265,11.614054722341018,0.18290595874552443
0.004227,11.613754629116995,0.17667839407667954
0.0042275,11.613398003039203,0.1643235163904472
0.004228,11.612979643853551,0.15196905027443564
0.0042285000000000005,11.612499560208882,0.13961506139768437
0.004229,11.611957761081435,0.12726161541986125
0.0042295,11.611354255774783,0.11490877799091467
0.00423,11.610689053919733,0.10255661475072471
0.0042305,11.610009078785291,0.1093541115283353
0.004231,11.60936316197096,0.11615231392994178
0.0042315,11.608751303368345,0.12295118572332912
0.0042320000000000005,11.608173502687926,0.12975069067649206
0.0042325,11.607629759459055,0.13655079255782776
0.004233,11.607120073029986,0.14335145513632847
0.0042335,11.606644442567898,0.1501526421817742
0.004234,11.606202867058915,0.15695431746492547
0.0042345,11.605795345308138,0.16375644475771536
0.004235,11.605421875939657,0.17055898783344267
0.0042355,11.60508245739659,0.17736191046696448
0.004236,11.604777087941116,0.18416517643488828
0.0042365,11.60450576565447,0.19096874951576465
0.004237,11.604247003811835,0.18475132177050838
0.0042375,11.603931755384565,0.17240653701417105
0.0042380000000000004,11.603554819893684,0.16006211978525542
0.0042385,11.60311620576291,0.1477181357039353
0.004239,11.602615921743144,0.13537465038125235
0.0042395,11.602053976912394,0.12303172941876839
0.00424,11.601430380675701,0.1106894384082171
0.0042405,11.600792056076079,0.11749676313073631
0.004241,11.600187834486817,0.12430474914485574
0.0042415000000000005,11.599617715573096,0.13111336017093558
0.004242,11.599081698818765,0.13792255992978678
0.0042425,11.598579783526326,0.1447323121428639
0.004243,11.598111968816978,0.15154258053245806
0.0042435,11.597678253630635,0.1583533288218896
0.004244,11.59727863672594,0.16516452073570134
0.0042445,11.596913116680327,0.17197611999985107
0.0042450000000000005,11.596581691889991,0.17878809034190432
0.0042455,11.596284360569966,0.18560039549122742
0.004246,11.596021120754113,0.19241299917918
0.0042465,11.595791970295188,0.19922586513930765
0.004247,11.59557542223968,0.19301768538776337
0.0042475,11.595302429330047,0.1806821036950803
0.004248,11.594967790858211,0.16834684455548687
0.0042485,11.594571515018597,0.15601197354512558
0.004249,11.59411361033263,0.1436775562312512
0.0042495,11.593594085648649,0.13134365817188284
0.00425,11.593012950141787,0.11901034491545623
0.0042505,11.592417126625016,0.12582660220005537
0.0042510000000000004,11.591855446241352,0.13264347554140124
0.0042515,11.591327908425544,0.13946092861729056
0.004252,11.590834512430796,0.14627892510621576
0.0042525,11.590375257328802,0.1530974286875585
0.004253,11.58995014200974,0.15991640304178234
0.0042535,11.589559165182346,0.1667358118506266
0.004254,11.589202325373883,0.1735556187972984
0.0042545000000000005,11.588879620930214,0.18037578756666617
0.004255,11.588591050015818,0.1871962818454531
0.0042555,11.588336610613789,0.1940170653224291
0.004256,11.588116300525922,0.2008381016886044
0.0042565,11.587930117372682,0.20765935463742224
0.004257,11.587756573968113,0.20145951614518076
0.0042575,11.587526622822049,0.1891322299428054
0.0042580000000000005,11.58723506299362,0.17680522048516423
0.0042585,11.58688190244429,0.16447855330928732
0.004259,11.586467149462338,0.15215229394356503
0.0042595,11.585990812662773,0.1398265079074
0.00426,11.585452900987285,0.12750126071085965
0.0042605,11.584900337015187,0.1343255380539086
0.004261,11.584381951655702,0.14115038541439673
0.0042615,11.583897744109594,0.14797576643249843
0.004262,11.583447713395937,0.15480164474933314
0.0042625,11.583031858352117,0.16162798400715814
0.004263,11.582650177633864,0.1684547478495628
0.0042635,11.582302669715286,0.17528189992166068
0.004264,11.581989332888881,0.1821094038702837
0.0042645,11.581710165265578,0.18893722334417484
0.004265,11.58146516477477,0.19576532199418117
0.0042655,11.581254329164302,0.20259366347344743
0.004266,11.58107765600057,0.20942221143760864
0.0042665,11.580935142668505,0.21625092954498354
0.004267,11.58080530174645,0.2100585097369959
0.0042675000000000005,11.580619085508388,0.19773859570994826
0.004268,11.580371292777452,0.1854189118843361
0.0042685,11.580061931278966,0.1730995237630689
0.004269,11.579691009064922,0.16078049684066706
0.0042695,11.579258534513908,0.14846189660291478
0.00427,11.578764516331026,0.1365267672499173
0.0042705,11.57825779165318,0.1433581360035599
0.0042710000000000005,11.577785276149003,0.1501900259934824
0.0042715,11.577346968772112,0.1570224008274764
0.004272,11.576942868294289,0.163855224114541
0.0042725,11.576572973305495,0.17068845946507716
0.004273,11.576237282213905,0.17752207049108032
0.0042735,11.575935793245934,0.18435602080633426
0.004274,11.575668504446258,0.19119027402660416
0.0042745000000000005,11.575435413677859,0.19802479376983018
0.004275,11.575236518622031,0.20485954365632053
0.0042755,11.575071816778456,0.21169448730894488
0.004276,11.574941305465169,0.2185295883533275
0.0042765,11.57484498181867,0.2253648104180405
0.004277,11.574761358168715,0.21917884541502533
0.0042775,11.574621386540601,0.20686533701136678
0.004278,11.574419865508649,0.19455200959860733
0.0042785,11.574156802549247,0.18223892865096789
0.004279,11.573832205465328,0.16992615963454538
0.0042795,11.573446082386333,0.15761376800696572
0.00428,11.572998441768085,0.14530181921703642
0.0042805000000000005,11.572536205703788,0.15213929890397865
0.004281,11.572108204616308,0.1589772524854169
0.0042815,11.571714437219798,0.16581564354181696
0.004282,11.571354902046483,0.1726544356551079
0.0042825,11.571029597446657,0.1794935924088746
0.004283,11.570738521588702,0.18633307738855207
0.0042835,11.57048167245915,0.19317285418161867
0.0042840000000000005,11.570259047862693,0.20001288637778947
0.0042845,11.570070645422199,0.20685313756920953
0.004285,11.569916462578778,0.21369357135064795
0.0042855,11.569796496591788,0.22053415131969054
0.004286,11.569710744538872,0.22737484107693348
0.0042865,11.569659203316016,0.23421560422617643
0.004287,11.569620385012383,0.22803513265484468
0.0042875000000000005,11.569525241412556,0.21572707000576263
0.004288,11.569368570850076,0.20341914064646846
0.0042885,11.569150380560444,0.191111410027435
0.004289,11.568870678105604,0.17880394359126753
0.0042895,11.568529471373923,0.1664968067723567
0.00429,11.568126768580061,0.15457304371993527
0.0042905,11.56771140637026,0.16141568160553837
0.004291,11.567330299922315,0.16825874350897774
0.0042915,11.566983447698803,0.17510219298873864
0.004292,11.566670847980282,0.18194599360503705
0.0042925,11.566392498865275,0.18879010892001305
0.004293,11.566148398270338,0.19563450249792405
0.0042935000000000004,11.565938543930088,0.2024791379053392
0.004294,11.565762933397215,0.2093239787113322
0.0042945,11.565621564042532,0.2161689884876753
0.004295,11.565514433055009,0.22301413080903226
0.0042955,11.565441537441776,0.22985936925315215
0.004296,11.5654028740282,0.2367046674010629
0.0042965,11.565398439457903,0.24354998883726425
0.0042970000000000005,11.565406745567618,0.23737402543015007
0.0042975,11.56535874388944,0.2250704208037818
0.004298,11.565249232504332,0.2127668993072036
0.0042985,11.565078218395167,0.20046352637266285
0.004299,11.56484570887121,0.1881603674248082
0.0042995,11.564551711568068,0.1758574878803422
0.0043,11.564196234447571,0.16355495314767463
0.0043005000000000005,11.5638261991088,0.1704017488261546
0.004301,11.563490435480333,0.17724892029406014
0.0043015,11.56318894178192,0.18409643109303678
0.004302,11.562921716051212,0.19094424476671898
0.0043025,11.562688756143793,0.19779232486092363
0.004303,11.562490059733225,0.20464063492384388
0.0043035,11.562325624311054,0.2114891385062425
0.004304,11.562195447186866,0.2183377991616458
0.0043045,11.562099525488318,0.22518658044653725
0.004305,11.562037856161153,0.23203544592055053
0.0043055,11.562010435969245,0.23888435914666362
0.004306,11.562017261494654,0.2457332836913917
0.0043065,11.562058329137637,0.25258218312498104
0.004307,11.562112150491533,0.24640974930183057
0.0043075,11.562109676844992,0.2341096258322663
0.004308,11.562045706035486,0.22180953705185538
0.0043085,11.561920244802362,0.20950954837962746
0.004309,11.561733300211309,0.1972097252272726
0.0043095,11.561484879654314,0.18491013299879405
0.0043100000000000005,11.561174990849574,0.17299381581356543
0.0043105,11.560852469946772,0.17984380081379087
0.004311,11.560564231627065,0.18669411105047934
0.0043115,11.560310273856276,0.19354471005384194
0.004312,11.560090594418112,0.2003955613563488
0.0043125,11.559905190914202,0.2072466284929226
0.004313,11.559754060764094,0.21409787500113264
0.0043135000000000005,11.559637201205318,0.220949264421388
0.004314,11.559554609293404,0.22780076029713173
0.0043145,11.55950628190193,0.23465232617503387
0.004315,11.55949221572256,0.24150392560518535
0.0043155,11.559512407265057,0.24835552214129142
0.004316,11.559566852857332,0.2552070793408653
0.0043165,11.55965554864549,0.2620585607654212
0.004317,11.559757005968713,0.2558886582608967
0.0043175,11.559802175861453,0.24359101542942657
0.004318,11.559785855906993,0.23129335659865746
0.0043185,11.55970805259047,0.21899574717996884
0.004319,11.55956877272335,0.2066982525776711
0.0043195,11.559368023443383,0.19440093818865792
0.00432,11.559105812214533,0.18210386940205991
0.0043205,11.558829060137954,0.18895603179847698
0.004321,11.558586596644263,0.19580847073796714
0.0043215,11.558378419455183,0.20266114974448612
0.004322,11.558204526110329,0.20951403234450808
0.0043225,11.558064913967206,0.21636708206721983
0.0043230000000000005,11.557959580201274,0.22322026244471405
0.0043235,11.557888521805951,0.2300735370121829
0.004324,11.55785173559266,0.23692686930811224
0.0043245,11.557849218190878,0.24378022287447507
0.004325,11.557880966048147,0.2506335612569243
0.0043255,11.557946975430138,0.2574868480049874
0.004326,11.558047242420676,0.2643400466722592
0.0043265000000000005,11.558181762921775,0.271193120816595
0.004327,11.558329048028526,0.26502476228053384
0.0043275,11.55842004853132,0.25272861466307045
0.004328,11.558449561769365,0.24043240228897234
0.0043285,11.558417593983753,0.2281361905669988
0.004329,11.558324151741925,0.21584004489909964
0.0043295,11.558169241937613,0.20354403068006768
0.0043300000000000005,11.55795287179076,0.1916311920205966
0.0043305,11.55772387695281,0.19848455605474036
0.004331,11.557529171606689,0.20533814582588797
0.0043315,11.557368753220029,0.21219192485716057
0.004332,11.55724261907834,0.21904585667446813
0.0043325,11.557150766285062,0.22589990480670336
0.004333,11.557093191761615,0.23275403278593557
0.0043335,11.557069892247402,0.2396082041476037
0.004334,11.557080864299863,0.24646238243071036
0.0043345,11.557126104294513,0.2533165311780152
0.004335,11.557205608424976,0.2601706139362287
0.0043355,11.557319372703033,0.2670245942562054
0.0043360000000000004,11.557467392958639,0.2738784356931373
0.0043365,11.557649664839985,0.280732101806748
0.004337,11.557844699188378,0.2745642844417129
0.0043375,11.557983446540444,0.262268627199435
0.004338,11.558060703981717,0.24997285440735872
0.0043385,11.558076477499593,0.2376770314771903
0.004339,11.558030773407879,0.22538122381409678
0.0043395000000000005,11.557923598346727,0.21308549681635788
0.00434,11.55775495928255,0.20078991587501965
0.0043405,11.557571776819001,0.20764346657312646
0.004341,11.557422879889293,0.21449719427371017
0.0043415,11.557308265717793,0.22135106250422945
0.004342,11.557227931346837,0.22820503479519041
0.0043425,11.557181873636727,0.2350590746803407
0.0043430000000000005,11.55717008926578,0.24191314569686306
0.0043435,11.557192574730369,0.24876721138556848
0.004344,11.557249326344946,0.2556212352910905
0.0043445,11.557340340242089,0.2624751809620773
0.004345,11.557465612372548,0.26932901195138736
0.0043455,11.557625138505275,0.2761826918162805
0.004346,11.557818914227466,0.2830361841186136
0.0043465,11.558046934944619,0.28988945242503183
0.004347,11.558287711255398,0.2837211885873917
0.0043475,11.55847219345386,0.2714250362145344
0.004348,11.558595178382996,0.259128719641601
0.0043485,11.558656671787757,0.24683230428825279
0.0043490000000000004,11.558656679739574,0.23453585556786893
0.0043495,11.558595208636266,0.2222394388871995
0.00435,11.558472265201996,0.2099431196460187
0.0043505,11.558334769798243,0.21679588343635664
0.004351,11.558231551116094,0.22364877563048868
0.0043515,11.558162606137884,0.23050175976537404
0.004352,11.558127931663979,0.23735479938127754
0.0043525000000000005,11.558127524312795,0.24420785802196238
0.004353,11.558161380520822,0.25106089923488434
0.0043535,11.558229496542703,0.25791388657138486
0.004354,11.558331868451221,0.2647667835868841
0.0043545,11.558468492137385,0.27161955384107533
0.004355,11.558639363310443,0.27847216089811766
0.0043555,11.558844477497932,0.28532456832683006
0.0043560000000000005,11.559083830045717,0.2921767397008838
0.0043565,11.559357416118031,0.2990286385989956
0.004357,11.559643746072378,0.2928589568853508
0.0043575,11.559873769961747,0.28056133818137524
0.004358,11.560042284388143,0.26826350683505096
0.0043585,11.560149294855611,0.2559655282791369
0.004359,11.560194807194778,0.24366746794036606
0.0043595,11.560178827562755,0.23136939123909872
0.00436,11.560101362443081,0.21907136358897472
0.0043605,11.560009331956719,0.22592237059614606
0.004361,11.559951564554318,0.2327734576472657
0.0043615,11.559928056977887,0.23962458829392652
0.004362,11.559938805787553,0.24647572609128215
0.0043625,11.55998380736161,0.25332683459824035
0.004363,11.56006305789652,0.2601778773776569
0.0043635,11.560176553406992,0.2670288179965281
0.004364,11.560324289725992,0.2738796200261852
0.0043645,11.560506262504799,0.2807302470424868
0.004365,11.560722467213054,0.2875806626260127
0.0043655000000000005,11.56097289913879,0.2944308303622569
0.004366,11.561257553388469,0.3012807138418205
0.0043665,11.561576424887066,0.3081302766606055
0.004367,11.561908023752888,0.30195821070023604
0.0043675,11.562183299799859,0.2896581595998312
0.004368,11.562397049391038,0.2773578477253217
0.0043685,11.56254927779165,0.265057340527668
0.0043690000000000005,11.562639990593597,0.252756703452059
0.0043695,11.5626691937154,0.2404560019375647
0.00437,11.562636893402109,0.22815530141678886
0.0043705,11.562590009536335,0.23500358751510064
0.004371,11.56257737033049,0.24185190563862388
0.0043715,11.562598972288464,0.24870021935867567
0.004372,11.562654811732404,0.25554849225038695
0.0043725000000000005,11.562744884802736,0.2623966878928963
0.004373,11.562869187458183,0.2692447698695425
0.0043735,11.563027715475837,0.2760927017680586
0.004374,11.563220464451183,0.28294044718076466
0.0043745,11.563447429798162,0.28978796970476134
0.004375,11.563708606749175,0.2966352329421221
0.0043755,11.564003990355175,0.30348220050008734
0.004376,11.564333575485696,0.310328835991257
0.0043765,11.564697356828852,0.3171751030337832
0.004377,11.565073844266292,0.3109996935317925
0.0043775,11.565393987375401,0.2986962511471587
0.004378,11.565652582282826,0.28639250026881746
0.0043785000000000004,11.565849634017539,0.2740885063709865
0.004379,11.565985147935315,0.2617843349223632
0.0043795,11.566059129718687,0.24948005138577714
0.00438,11.566071585376886,0.23717572121784256
0.0043805,11.566069434556816,0.24402033006818977
0.004381,11.566101505235352,0.25086492336745464
0.0043815,11.56616779368099,0.2577094647117165
0.0043820000000000005,11.566268295980635,0.2645539177011191
0.0043825,11.566403008039586,0.2713982459400638
0.004383,11.566571925581648,0.27824241303740294
0.0043835,11.566775044149118,0.2850863826066318
0.004384,11.567012359102842,0.29193011826608356
0.0043845,11.56728386562226,0.29877358363912015
0.004385,11.56758955870546,0.3056167423543272
0.0043855000000000005,11.567929433169233,0.31245955804570563
0.004386,11.568303483649075,0.31930199435286477
0.0043865,11.568711704599275,0.32614401492121553
0.004387,11.56913260566778,0.31996431168239176
0.0043875,11.569497136198452,0.3076565283260229
0.004388,11.56980009208457,0.29534838926904877
0.0043885,11.570041478121901,0.2830399600139393
0.004389,11.570221299433193,0.27073130605789214
0.0043895,11.570339561468122,0.2584224928924852
0.00439,11.57039627000321,0.24611358600332806
0.0043905,11.570438344452839,0.25295357106929445
0.004391,11.57051461256153,0.25979349355051096
0.0043915000000000004,11.570625070365594,0.266633317072794
0.004392,11.570769713719912,0.27347300526627244
0.0043925,11.570948538297971,0.2803125217655785
0.004393,11.5711615395919,0.2871518302100425
0.0043935,11.571408712912513,0.2939908942438837
0.004394,11.571690053389359,0.30082967751640544
0.0043945,11.572005555970753,0.3076681436821861
0.0043950000000000005,11.572355215423851,0.3145062564012733
0.0043955,11.572739026334661,0.3213439793393754
0.004396,11.573156983108099,0.3281812761680551
0.0043965,11.57360907996807,0.3350181105649214
0.004397,11.574073826332317,0.3288331744940512
0.0043975,11.574482171314658,0.3165201116777624
0.004398,11.574828910578566,0.3042066465659271
0.0043985000000000005,11.57511404869015,0.2918928446941926
0.004399,11.575337590542702,0.27957877159317784
0.0043995,11.575499541356633,0.267264492788126
0.0044,11.57559990667939,0.2549500737985554
0.0044005,11.575685605696492,0.26178450033749223
0.004401,11.575805465923773,0.26861881789945924
0.0044015,11.575959483169063,0.2754529901449126
0.004402,11.57614765305896,0.282286980738863
0.0044025,11.576369971038854,0.28912075335106774
0.004403,11.576626432372986,0.295954271656224
0.0044035,11.576917032144484,0.3027874993341616
0.004404,11.577241765255414,0.3096204000700355
0.0044045,11.577600626426815,0.31645293755451775
0.004405,11.57799361019875,0.3232850754839915
0.0044055,11.578420710930365,0.33011677756074215
0.004406,11.578881922799924,0.3369480074931508
0.0044065,11.579377239804867,0.3437787289958855
0.004407,11.579885171136684,0.3375876340703234
0.0044075,11.580336665683172,0.32526836647632235
0.0044080000000000005,11.580726518881969,0.31294865070153616
0.0044085,11.581054735073582,0.30062855231963265
0.004409,11.581321318925907,0.28830813689949214
0.0044095,11.581526275434166,0.275987470004858
0.00441,11.581669609920855,0.26366661719398904
0.0044105,11.58179824134673,0.270494564218891
0.004411,11.581960997003117,0.2773223566133047
0.0044115000000000005,11.582157872473518,0.28414995807714344
0.004412,11.582388863160448,0.2909773323151125
0.0044125,11.58265396428545,0.2978044430369037
0.004413,11.582953170889109,0.30463125395738655
0.0044135,11.583286477831143,0.3114577287967998
0.004414,11.583653879790427,0.31828383128094595
0.0044145,11.584055371265036,0.3251095251413818
0.0044150000000000005,11.584490946572302,0.3319347741156117
0.0044155,11.584960599848865,0.33875954194727975
0.004416,11.585464325050712,0.3455837923863617
0.0044165,11.586002115953237,0.3524074891893574
0.004417,11.586552481526127,0.34620932439971097
0.0044175,11.587046370435614,0.33388294181958383
0.004418,11.587478577897977,0.3215560659791688
0.0044185,11.587849108032618,0.3092287624949078
0.004419,11.588157965286573,0.29690109697869077
0.0044195,11.588405154434435,0.28457313503750487
0.00442,11.588590680578312,0.2722449422730878
0.0044205,11.588761462458809,0.27906550448115863
0.0044210000000000005,11.588966327147336,0.2858858672394047
0.0044215,11.589205270007762,0.29270599429192046
0.004422,11.589478286223162,0.29952584938782667
0.0044225,11.589785370795903,0.30634539628146246
0.004423,11.590126518547663,0.3131645987325773
0.0044235,11.590501724119468,0.31998342050652473
0.004424,11.590910981971764,0.3268018253744529
0.0044245000000000005,11.59135428638445,0.333619777113497
0.004425,11.591831631456934,0.340437239506972
0.0044255,11.592343011108174,0.3472541763445639
0.004426,11.592888419076736,0.35407055142252186
0.0044265,11.593467848920849,0.36088632854385033
0.004427,11.594059809393281,0.3546801997987294
0.0044275,11.59459524894361,0.3423458090362868
0.0044280000000000005,11.595068962571714,0.33001088083391106
0.0044285,11.595480954180866,0.3176754808554714
0.004429,11.595831228002218,0.3053396747605137
0.0044295,11.596119788594752,0.2930035282039115
0.00443,11.59634664084522,0.28066710683551777
0.0044305,11.596558703279142,0.287479396499395
0.004431,11.596804802753095,0.2942914428218043
0.0044315,11.597084934416374,0.3011032095956411
0.004432,11.597399093237781,0.307914660619055
0.0044325,11.597747274005647,0.31472575969564237
0.004433,11.598129471327898,0.3215364706346383
0.0044335,11.598545679632076,0.3283467572511076
0.0044340000000000004,11.598995893165409,0.33515658336613713
0.0044345,11.599480105994854,0.34196591280702815
0.004435,11.599998312007143,0.3487747094074876
0.0044355,11.600550504908853,0.35558293700781946
0.004436,11.601136678226426,0.36239055945511695
0.0044365,11.601756825306257,0.3691975406034541
0.004437,11.60238945468955,0.3629825725943054
0.0044375000000000005,11.602965514614578,0.3506392993283181
0.004438,11.603479799870234,0.3382954454346255
0.0044385,11.603932314149068,0.32595107662906514
0.004439,11.604323061471785,0.31360625862337527
0.0044395,11.604652046187207,0.30126105712484585
0.00444,11.604919272972218,0.2892985165593735
0.0044405,11.605173574937032,0.2961016643789201
0.0044410000000000005,11.60546186372522,0.30290452394748474
0.0044415,11.605784134266898,0.30970705911149915
0.004442,11.606140381311976,0.3165092337228824
0.0044425,11.606530599430211,0.3233110116392329
0.004443,11.606954783011219,0.33011235672401984
0.0044435,11.607412926264534,0.33691323284677455
0.004444,11.607905023219693,0.34371360388328265
0.0044445,11.60843106772623,0.35051343371577437
0.004445,11.608991053453767,0.35731268623311757
0.0044455,11.609584973892066,0.36411132533100804
0.004446,11.610212822351059,0.3709093149121608
0.0044465,11.610874591960915,0.37770661888650237
0.004447,11.611548791046932,0.3714819294515892
0.0044475,11.612166367631787,0.35912889056438085
0.004448,11.612722116289072,0.3467752269105506
0.0044485,11.613216040496324,0.33442100426270616
0.004449,11.613648144059567,0.32206628838958423
0.0044495,11.614018431113248,0.30971114505570096
0.00445,11.614326906120164,0.29735564002100345
0.0044505000000000005,11.614620487182494,0.3041487592400997
0.004451,11.614948000734056,0.31094154845024513
0.0044515,11.615309441502005,0.3177339715557797
0.004452,11.61570480403358,0.3245259924667463
0.0044525,11.616134082696176,0.3313175750990825
0.004453,11.616597271677362,0.338108683374812
0.0044535,11.61709436498496,0.3448992812222354
0.0044540000000000005,11.617625356447082,0.3516893325761215
0.0044545,11.618190239712174,0.358478801377899
0.004455,11.618789008249088,0.36526765157584706
0.0044555,11.61942165534712,0.3720558471252863
0.004456,11.620088174116054,0.37884335198876984
0.0044565,11.620788557486248,0.385630130136275
0.004457,11.62150131358351,0.37939487382562126
0.0044575000000000005,11.62215739023132,0.36703122707424296
0.004458,11.62275158180444,0.35466691462850103
0.0044585,11.623283891581872,0.34230200232190117
0.004459,11.623754323171449,0.32993655598428956
0.0044595,11.624162880509724,0.31757064144150254
0.00446,11.62450956786196,0.305587303238422
0.0044605,11.624843217927399,0.31236956894643186
0.004461,11.62521074193926,0.31915146204939054
0.0044615,11.625612134417977,0.32593294651402516
0.004462,11.626047389704405,0.33271398631298577
0.0044625,11.626516501959888,0.3394945454250368
0.004463,11.627019465166294,0.34627458783524706
0.0044635000000000005,11.627556273126055,0.3530540775351817
0.004464,11.628126919462249,0.3598329785230917
0.0044645,11.628731397618623,0.36661125480410656
0.004465,11.629369700859659,0.37338887039042307
0.0044655,11.630041822270641,0.38016578930149736
0.004466,11.630747754757687,0.3869419755642349
0.0044665,11.631487491047825,0.39371739321318105
0.0044670000000000005,11.632239539063868,0.38747073457094044
0.0044675,11.632934846426668,0.375095643719948
0.004468,11.633568207308667,0.36271984547178043
0.0044685,11.63413962478694,0.3503434057253745
0.004469,11.6346491022677,0.33796639037622134
0.0044695,11.635096643486285,0.3255888653160179
0.00447,11.635482252507037,0.3132108964323154
0.0044705000000000005,11.635852847034368,0.3199814698077491
0.004471,11.636257253105018,0.32675163130802476
0.0044715,11.636695465049748,0.3335213449663551
0.004472,11.637167477020085,0.340290574822077
0.0044725,11.63767328298841,0.34705928492084265
0.004473,11.638212876747959,0.35382743931481003
0.0044735,11.638786251912913,0.36059500206283296
0.004474,11.63939340191844,0.36736193723065247
0.0044745,11.640034320020744,0.3741282088910868
0.004475,11.640708999297125,0.3808937811242213
0.0044755,11.641417432646028,0.38765861801759977
0.004476,11.642159612787102,0.39442268366641314
0.0044765000000000004,11.642935532261266,0.40118594217369147
0.004477,11.643723698805585,0.39492708593072123
0.0044775,11.644455059855536,0.3825397590888165
0.004478,11.645124409398539,0.3701516865286307
0.0044785,11.64573175032702,0.3577629342183733
0.004479,11.646277085862916,0.3453735681230053
0.0044795,11.646760419557612,0.3329836542038883
0.0044800000000000005,11.647181755291923,0.32097623714183793
0.0044805,11.647589925381366,0.32773434464458184
0.004481,11.648031840676147,0.3344920003327291
0.0044815,11.64850749531442,0.3412491683101647
0.004482,11.64901688325549,0.34800581268710346
0.0044825,11.64955999827986,0.3547618975802787
0.004483,11.650136833989313,0.3615173871131345
0.0044835000000000005,11.650747383806925,0.36827224541601394
0.004484,11.651391640977126,0.3750264366263503
0.0044845,11.652069598565785,0.38177992488885665
0.004485,11.652781249460228,0.38853267435571553
0.0044855,11.653526586369313,0.3952846491867696
0.004486,11.654305601823491,0.40203581354971113
0.0044865,11.655118288174856,0.40878613162027144
0.004487,11.655943152972052,0.4025142958626399
0.0044875,11.656711143462488,0.39011395050123276
0.004488,11.657417053445924,0.3777128204900062
0.0044885,11.65806088562749,0.3653109718706717
0.004489,11.658642643042237,0.3529084706818912
0.0044895000000000004,11.659162329055055,0.34050538295892574
0.00449,11.659619947360637,0.32810177473328517
0.0044905,11.660062415294485,0.3348466322319562
0.004491,11.660538558525191,0.3415910014653882
0.0044915,11.66104837101614,0.34833484661192804
0.004492,11.661591846552234,0.3550781318564379
0.0044925,11.662168978739986,0.36182082139048444
0.0044930000000000005,11.662779761007565,0.36856287941252935
0.0044935,11.66342418660483,0.37530427012811796
0.004494,11.664102248603424,0.3820449577500699
0.0044945,11.664813939896765,0.38878490649866815
0.004495,11.665559253200176,0.39552408060184874
0.0044955,11.666338181050877,0.4022624442953905
0.004496,11.6671507158081,0.40899996182310344
0.0044965000000000005,11.667996849653099,0.4157365974370198
0.004497,11.668855089964076,0.4094510436778105
0.0044975,11.669656383818419,0.3970369448465552
0.004498,11.670395524846262,0.38462202597405304
0.0044985,11.671072515583514,0.3722063531790399
0.004499,11.671687358896387,0.3597899925773812
0.0044995,11.672240057981368,0.34737301028172113
0.0045000000000000005,11.672730616365131,0.33533845112453575
0.0045005,11.673207866009847,0.3420693429655887
0.004501,11.673718717413193,0.34879970957790024
0.0045015,11.674263164361596,0.3555295152181422
0.004502,11.674841200463428,0.3622587241496888
0.0045025,11.675452819149049,0.3689873006428076
0.004503,11.676098013670922,0.3757152089748467
0.0045035,11.676776777103596,0.38244241343042573
0.004504,11.677489102343792,0.3891688783016245
0.0045045,11.678234982110482,0.39589456788817207
0.004505,11.679014408944896,0.4026194464976358
0.0045055,11.679827375210632,0.40934347844561086
0.0045060000000000005,11.680673873093667,0.41606662805590905
0.0045065,11.681553894602464,0.4227888596607469
0.004507,11.68244594694282,0.4164888658811638
0.0045075,11.683280977020162,0.40406029109879155
0.004508,11.684053778293066,0.391630860425164
0.0045085,11.684764353126326,0.37920064005993354
0.004509,11.685412704215437,0.36676969620006455
0.0045095000000000005,11.685998834586602,0.35433809503948144
0.00451,11.686522747596635,0.34190590276871624
0.0045105,11.687031360244003,0.34862210577413844
0.004511,11.687573497861088,0.3553377502259375
0.0045115,11.688149154075886,0.36205280046255744
0.004512,11.68875832233878,0.3687672208293144
0.0045125,11.689400995922577,0.375480975678584
0.0045130000000000005,11.690077167922585,0.38219402936999164
0.0045135,11.690786831256649,0.38890634627060033
0.004514,11.691529978665226,0.3956178907550998
0.0045145,11.692306602711414,0.40232862720599516
0.004515,11.693116695781049,0.40903852001379554
0.0045155,11.693960250082716,0.41574753357720245
0.004516,11.694837257647851,0.4224556323032989
0.0045165,11.695747710330776,0.4291627806077371
0.004517,11.69667011518362,0.4228476711951558
0.0045175,11.69753541895855,0.41040394853094936
0.004518,11.698338414961302,0.3979593378105765
0.0045185,11.699079105404294,0.38551390531777807
0.0045190000000000004,11.699757492831084,0.3730677173337673
0.0045195,11.700373580116349,0.3606208401368798
0.00452,11.700927370465838,0.3481733400022201
0.0045205,11.701465780727373,0.3548742034008895
0.004521,11.702037636083148,0.3615744765879701
0.0045215,11.702642930011415,0.3682741239869582
0.004522,11.703281655813237,0.3749731100283807
0.0045225000000000005,11.703953806612555,0.3816713991499832
0.004523,11.704659375356242,0.3883689557969187
0.0045235,11.70539835481418,0.3950657444219359
0.004524,11.706170737579255,0.4017617294855671
0.0045245,11.706976516067495,0.4084568754563166
0.004525,11.707815682518065,0.41515114681084964
0.0045255,11.70868822899337,0.4218445080341792
0.0045260000000000005,11.709594147379075,0.42853692361985474
0.0045265,11.710533429384203,0.4352283580701503
0.004527,11.711484581916025,0.4288975041764808
0.0045275,11.71237855158228,0.4164380064911698
0.004528,11.713210131544756,0.40397759029676006
0.0045285,11.713979323872362,0.3915163219642278
0.004529,11.714686130965596,0.37905426786217544
0.0045295,11.715330555556534,0.3665914943564783
0.00453,11.715912600708767,0.3541280678099333
0.0045305,11.716479183128426,0.36081297478148516
0.004531,11.717079127856461,0.3674972616142089
0.0045315,11.717712428230321,0.3741808928197447
0.0045320000000000004,11.718379077410749,0.380863832916912
0.0045325,11.719079068381797,0.38754604643189905
0.004533,11.719812393950937,0.39422749789844924
0.0045335,11.720579046749052,0.40090815185805
0.004534,11.721379019230561,0.40758797286012
0.0045345,11.722212303673428,0.4142669254621972
0.004535,11.72307889217924,0.42094497423012667
0.0045355000000000005,11.723978776673258,0.42762208373824756
0.004536,11.724911948904516,0.43429821856958106
0.0045365,11.725878400445822,0.4409733433160186
0.004537,11.726856638068696,0.4346261508587362
0.0045375,11.727777608245619,0.42215028583996356
0.004538,11.728636104003566,0.40967347363229273
0.0045385,11.729432127277096,0.39719578069689243
0.0045390000000000005,11.730165680332826,0.3847172734927006
0.0045395,11.730836765769414,0.3722380184760703
0.00454,11.731445386517501,0.35975808210041743
0.0045405,11.732038459150736,0.36642645101544674
0.004541,11.73266480857806,0.37309417165513453
0.0045415,11.733324428005377,0.37976120862216206
0.004542,11.734017310462349,0.38642752652653023
0.0045425,11.734743448802435,0.3930930899857471
0.004543,11.735502835702954,0.39975786362501486
0.0045435,11.736295463665144,0.4064218120774181
0.004544,11.737121325014215,0.4130848999841103
0.0045445,11.73798041189941,0.41974709199450133
0.004545,11.738872716294084,0.4264083527664449
0.0045455,11.739798229995722,0.43306864696642483
0.004546,11.740756944626046,0.439727939269743
0.0045465,11.741748851631039,0.4463861943607064
0.004547,11.742752457655888,0.44002210521304136
0.0045475,11.743698709047191,0.42752931656166215
0.004548,11.74458239870654,0.4150355538719787
0.0045485000000000005,11.745403528443555,0.4025408836981117
0.004549,11.746162100400424,0.3900453725920825
0.0045495,11.746858117051843,0.3775490871034605
0.00455,11.747491581204983,0.3650520937790093
0.0045505,11.748109409310485,0.3717033793619124
0.004551,11.74876042615476,0.3783539903797555
0.0045515,11.749444624821672,0.3850038915289592
0.0045520000000000005,11.750161998219333,0.39165304751339364
0.0045525,11.750912539080113,0.3983014230445653
0.004553,11.751696239960745,0.4049489828418031
0.0045535,11.752513093242365,0.41159569163244597
0.004554,11.753363091130552,0.41824151415202987
0.0045545,11.754246225655413,0.424886415144474
0.004555,11.755162488671631,0.4315303593622676
0.0045555000000000005,11.756111871858536,0.4381733115666567
0.004556,11.757094366720152,0.44481523652783034
0.0045565,11.758109964585284,0.4514560990251073
0.004557,11.759137171982394,0.4450745921273509
0.0045575,11.760106935141861,0.4325643606647356
0.004558,11.76101404684955,0.4200531301980556
0.0045585,11.761858508799842,0.4075409673769379
0.004559,11.762640323020163,0.395027938849033
0.0045595,11.763359491870952,0.38251411125966145
0.00456,11.7640160180456,0.36999955125145884
0.0045605,11.764656817881468,0.3766332456636017
0.004561,11.765330716052189,0.383266241119789
0.0045615000000000005,11.766037705529326,0.3898985024126747
0.004562,11.766777779109178,0.3965299943424806
0.0045625,11.767550929412824,0.4031606817171839
0.004563,11.768357148886171,0.4097905293527029
0.0045635,11.769196429800036,0.4164195020730832
0.004564,11.770068764250167,0.4230475647106844
0.0045645,11.770974144157345,0.429674682106366
0.0045650000000000005,11.77191256126743,0.43630081910967383
0.0045655,11.772884007151404,0.44292594057902546
0.004566,11.773888473205465,0.44955001138189715
0.0045665,11.774925950651072,0.4561729963950086
0.004567,11.775974945909836,0.4497735887847387
0.0045675,11.776966405105803,0.4372454334788909
0.004568,11.777895120918997,0.4247162561360004
0.0045685000000000005,11.778761094938446,0.4121861235035482
0.004569,11.779564329086744,0.3996551023271507
0.0045695,11.780304825619968,0.38712325935020536
0.00457,11.780982587127694,0.3745906613135354
0.0045705,11.781644529843927,0.38120629515461546
0.004571,11.782339478339463,0.38782120759555205
0.0045715,11.783067425483544,0.39443536352751557
0.004572,11.783828363970638,0.40104872784935364
0.0045725,11.784622286320483,0.4076612654677764
0.004573,11.78544918487817,0.4142729412975434
0.0045735,11.7863090518142,0.42088372026164805
0.004574,11.787201879124526,0.42749356729150423
0.0045745000000000004,11.78812765863061,0.434102447327132
0.004575,11.789086381979521,0.4407103253173428
0.0045755,11.790078040643936,0.4473171662199248
0.004576,11.791102625922283,0.4539229350018288
0.0045765,11.792160128938727,0.4605275966393531
0.004577,11.793229056018127,0.45410984439855856
0.0045775,11.794240353188265,0.4415633233070329
0.0045780000000000005,11.79518881303341,0.4290157591231983
0.0045785,11.796074437047348,0.41646721869452386
0.004579,11.796897227057944,0.40391776886671527
0.0045795,11.797657185227072,0.3913674764833596
0.00458,11.798354314050574,0.3788164083855699
0.0045805,11.799035529669272,0.38541355161121
0.004581,11.799749656561275,0.39200995298287444
0.0045815000000000005,11.800496687503639,0.39860557749232023
0.004582,11.801276615099177,0.4052003901390789
0.0045825,11.802089431776487,0.4117943559306421
0.004583,11.802935129790027,0.4183874398826474
0.0045835,11.803813701220168,0.4249796070190626
0.004584,11.804725137973257,0.43157082237237177
0.0045845,11.805669431781673,0.4381610509837593
0.004585,11.806646574203883,0.4447502579032962
0.0045855,11.807656556624549,0.4513384081901244
0.004586,11.808699370254526,0.457925466912641
0.0045865,11.809775006130966,0.46451139914868483
0.004587,11.810861970492208,0.45807489826594816
0.0045875,11.81189120928005,0.4455096093937429
0.004588,11.81285751499328,0.4329432583923056
0.0045885,11.813760889040731,0.42037591221101095
0.004589,11.814601333165818,0.4078076377975608
0.0045895,11.81537884944651,0.39523850209762723
0.00459,11.816093440295244,0.3826685720544979
0.0045905,11.816792021769956,0.3892468348082992
0.0045910000000000005,11.817523418266397,0.3958243372839764
0.0045915,11.81828762247979,0.4024010445757244
0.004592,11.819084626931634,0.40897692178559963
0.0045925,11.819914423969719,0.4155519340237047
0.004593,11.820777005768232,0.4221260464083739
0.0045935,11.821672364327787,0.42869922406635685
0.004594,11.822600491475502,0.435271432133004
0.0045945000000000005,11.823561378865053,0.4418426357524502
0.004595,11.824555017976726,0.4484128000778005
0.0045955,11.825581400117501,0.45498189027131297
0.004596,11.826640516421104,0.46154987150458493
0.0045965,11.827732357848072,0.4681167089587354
0.004597,11.828835430560664,0.4616610961048191
0.0045975,11.829880680425108,0.44907667817559005
0.0045980000000000005,11.830862899865144,0.4364911811348085
0.0045985,11.831782090215103,0.4239046720354516
0.004599,11.83263825314442,0.41131721792890236
0.0045995,11.833431390657577,0.3987288858645932
0.0046,11.834161505094098,0.38613974288964903
0.0046005,11.83487551243951,0.39269877624811145
0.004601,11.835622237017684,0.39925703296891785
0.0046015,11.836401671452489,0.40581447825033123
0.004602,11.837213808194582,0.4123710772985514
0.0046025,11.838058639521474,0.4189267953279005
0.004603,11.838936157537578,0.42548159756100523
0.0046035,11.839846354174277,0.43203544922898285
0.0046040000000000005,11.840789221189974,0.4385883155716241
0.0046045,11.841764750170158,0.44514016183757765
0.004605,11.842772932527467,0.4516909532845339
0.0046055,11.843813759501774,0.4582406551794088
0.004606,11.844887222160203,0.4647892327985275
0.0046065,11.845993311397237,0.47133665142780823
0.004607,11.847110533309598,0.46486160464317455
0.0046075000000000005,11.848169833698515,0.45225773778231976
0.004608,11.849166004923283,0.439652776914011
0.0046085,11.850099048254283,0.4270467891963011
0.004609,11.850968965297552,0.4144398417857165
0.0046095,11.851775757994705,0.40183200183690027
0.00461,11.852519428622928,0.38960631522565853
0.0046105,11.853248807900231,0.39614581085641243
0.0046110000000000005,11.85401080508549,0.4026845135481606
0.0046115,11.854805412731693,0.40922238860486754
0.004612,11.855632623219137,0.4157594013385103
0.0046125,11.856492428755494,0.42229551706926177
0.004613,11.857384821375899,0.42883070112567495
0.0046135,11.858309792942974,0.4353649188448654
0.004614,11.859267335146903,0.44189813557269575
0.0046145,11.860257439505515,0.44843031666395844
0.004615,11.861280097364311,0.45496142748255985
0.0046155,11.86233529989654,0.46149143340170223
0.004616,11.863423038103283,0.46802029980406873
0.0046165,11.8645433028135,0.4745479920820047
0.0046170000000000004,11.865674600058922,0.468053203917931
0.0046175,11.866747875576333,0.4554295807561058
0.004618,11.86775792166112,0.4428048487719307
0.0046185,11.868704739520307,0.43017907523016036
0.004619,11.869588330697102,0.4175523273940896
0.0046195,11.870408697070836,0.40492467252519676
0.00462,11.871165840856948,0.39229617788278565
0.0046205000000000005,11.871906677917961,0.39881583092320777
0.004621,11.872680032455808,0.40533467888784047
0.0046215,11.873485896973516,0.4118526871875161
0.004622,11.874324263801963,0.4183698212411321
0.0046225,11.875195125099946,0.4248860464758346
0.004623,11.876098472854249,0.4314013283272006
0.0046235,11.87703429887971,0.43791563223942165
0.0046240000000000005,11.878002594819266,0.44442892366548675
0.0046245,11.879003352144009,0.4509411680673644
0.004625,11.880036562153258,0.457452330916187
0.0046255,11.881102215974643,0.4639623776924315
0.004626,11.882200304564146,0.4704712738861034
0.0046265,11.883330818706167,0.47697898499691876
0.004627,11.884472264388439,0.4704642048147155
0.0046275,11.885555587304278,0.45782057889121697
0.004628,11.886575579706124,0.4451758335093345
0.0046285,11.887532242758631,0.43253003604137785
0.004629,11.888425577963158,0.4198832538582425
0.0046295,11.889255587157749,0.40723555432905134
0.0046300000000000004,11.890022272517076,0.39496998354420054
0.0046305,11.890774464657733,0.4014695706228085
0.004631,11.891559072738266,0.4079683405986797
0.0046315,11.892376089212398,0.4144662589906902
0.004632,11.893225506362278,0.4209632913258332
0.0046325,11.8941073162985,0.4274594031394024
0.004633,11.895021510960202,0.4339545599751734
0.0046335000000000005,11.8959680821151,0.44044872738558655
0.004634,11.896947021359574,0.4469418709319296
0.0046345,11.897958320118697,0.4534339561845192
0.004635,11.899001969646338,0.4599249487228842
0.0046355,11.900077961025191,0.4664148141359462
0.004636,11.901186285166856,0.4729035180222032
0.0046365,11.902326932811917,0.4793910259899105
0.0046370000000000005,11.90347840990483,0.4728560319374915
0.0046375,11.90457166209617,0.4601921815253004
0.004638,11.90560148159619,0.4475272011449252
0.0046385,11.906567869527919,0.43486115827739685
0.004639,11.907470827351611,0.4221941204023758
0.0046395,11.908310356864783,0.4095261549977933
0.00464,11.909086460202104,0.39685732953949265
0.0046405000000000005,11.909846053146445,0.4033366317004498
0.004641,11.910637959821168,0.40981510893875167
0.0046415,11.911462172651822,0.41629272688202257
0.004642,11.912318683892897,0.42276945116603387
0.0046425,11.913207485627918,0.42924524743488585
0.004643,11.914128569769467,0.4357200813411899
0.0046435,11.915081928059262,0.4421939185462502
0.004644,11.916067552068228,0.448666724720245
0.0046445,11.917085433196544,0.45513846554240917
0.004645,11.918135562673717,0.46160910670121486
0.0046455,11.919217931558633,0.46807861389455363
0.004646,11.920332530739637,0.4745469528299179
0.0046465000000000005,11.921479350934598,0.4810140892245819
0.004647,11.922636898065786,0.4744587170860122
0.0046475,11.92373611776218,0.4617744821836293
0.004648,11.924771802212959,0.44908911101810994
0.0046485,11.92574395252061,0.436402671179596
0.004649,11.926652570125437,0.4237152302568807
0.0046495,11.92749765680551,0.411026855837049
0.0046500000000000005,11.928279214676627,0.39872059422852246
0.0046505,11.929046074297606,0.4051794747685065
0.004651,11.92984514477032,0.41163752270895376
0.0046515,11.930676418492911,0.41809470378694846
0.004652,11.931539887693022,0.4245509837477507
0.0046525,11.932435544427879,0.43100632834497754
0.004653,11.933363380584321,0.43746070334078496
0.0046535000000000005,11.93432338787887,0.44391407450604825
0.004654,11.935315557857795,0.4503664076205445
0.0046545,11.936339881897192,0.4568176684731322
0.004655,11.93739635120301,0.4632678228619332
0.0046555,11.938484956811147,0.46971683659451313
0.004656,11.93960568958751,0.4761646754880628
0.0046565,11.940758540228055,0.4826113053695783
0.004657,11.941922014633741,0.4760354203562715
0.0046575,11.943027058412722,0.4633306663273298
0.004658,11.944068463733968,0.4506247698932196
0.0046585,11.945046231680264,0.43791779875389303
0.004659,11.94596036367278,0.4252098206079746
0.0046595000000000004,11.946810861470983,0.4125009031524
0.00466,11.947597727172646,0.3997911140820575
0.0046605,11.948367876524825,0.40622944128900623
0.004661,11.949170133616164,0.41266693245045394
0.0046615,11.950004490838595,0.41910355341318195
0.004662,11.950870940414084,0.4255392700321542
0.0046625,11.95176947439474,0.4319740481706975
0.0046630000000000005,11.952700084662819,0.4384078537006829
0.0046635,11.953662762930824,0.4448406525027049
0.004664,11.954657500741552,0.4512724104662634
0.0046645,11.95568428946817,0.4577030934899441
0.004665,11.956743120314261,0.4641326674815982
0.0046655,11.957833984313886,0.47056109835852344
0.004666,11.958956872331663,0.4769883520476439
0.0046665000000000005,11.960111775062847,0.4834143944856906
0.004667,11.961277198408185,0.47681791989960975
0.0046675,11.96238408797622,0.46409257427832395
0.004668,11.963427235936821,0.4513660843420337
0.0046685,11.964406643374248,0.4386385179004244
0.004669,11.965322311711681,0.4259099427618517
0.0046695,11.966174242711151,0.41318042673298006
0.00467,11.966962438473544,0.4004500376184232
0.0046705,11.967733814749561,0.40686776341996256
0.004671,11.968537195632058,0.41328465192452374
0.0046715,11.969372573517715,0.4197006690886016
0.004672,11.970239940633816,0.4261157808768675
0.0046725000000000004,11.971139289038307,0.43252995326235066
0.004673,11.972070610619843,0.43894315222661673
0.0046735,11.973033897097887,0.44535534375994906
0.004674,11.974029140022719,0.45176649386152856
0.0046745,11.975056330775537,0.4581765685396126
0.004675,11.97611546056853,0.4645855338117162
0.0046755,11.977206520444886,0.4709933557047912
0.0046760000000000005,11.978329501278905,0.47740000025540574
0.0046765,11.97948439377607,0.48380543350992433
0.004677,11.980649703847916,0.4771883498049156
0.0046775,11.981756377114293,0.46444239523891323
0.004678,11.982799205756958,0.45169529664171554
0.0046785,11.98377819087258,0.43894712193259344
0.004679,11.984693333897301,0.42619793902947417
0.0046795000000000005,11.985544636606674,0.4134478158485805
0.00468,11.98633210111563,0.4006968203040688
0.0046805,11.987102643189484,0.40709394050724873
0.004681,11.987905086936243,0.4134902243545578
0.0046815,11.988739424768271,0.4198856379119865
0.004682,11.989605648929098,0.426280147253685
0.0046825,11.990503751493451,0.4326737184621433
0.0046830000000000005,11.991433724367322,0.43906631762837056
0.0046835,11.992395559288054,0.44545791085207437
0.004684,11.993389247824348,0.45184846424184016
0.0046845,11.994414781376378,0.4582379439153107
0.004685,11.99547215117582,0.46462631599936555
0.0046855,11.99656134828594,0.47101354663030015
0.004686,11.997682363601648,0.47739960195400466
0.0046865,11.99883518784955,0.4837844481261431
0.004687,11.999998326962881,0.4771467795925614
0.0046875,12.001102726583742,0.46438024256104665
0.004688,12.002143178916652,0.45161256397062693
0.0046885,12.003119685081602,0.43884381184977833
0.0046890000000000005,12.004032246538598,0.42607405422560823
0.0046895,12.004880865087603,0.41330335912349353
0.00469,12.0056655428685,0.40053179456671895
0.0046905,12.0064331956721,0.4069083487756953
0.004691,12.007232647632451,0.41328406975593435
0.0046915,12.008063891188492,0.4196589236824723
0.004692,12.008926918610873,0.42603287673847673
0.0046925000000000005,12.009821722001998,0.4324058951154261
0.004693,12.01074829329607,0.4387779450132876
0.0046935,12.011706624259155,0.4451489926406971
0.004694,12.012696706489267,0.45151900421513774
0.0046945,12.013718531416396,0.4578879459631185
0.004695,12.014772090302607,0.46425578412035223
0.0046955,12.015857374242064,0.47062248493193587
0.0046960000000000005,12.016974374161132,0.47698801465252777
0.0046965,12.018123080818427,0.48335233954652645
0.004697,12.01928200017971,0.4766941541684778
0.0046975,12.020382077920145,0.463907104834834
0.004698,12.021418106277876,0.451118918593253
0.0046985,12.022390086407047,0.43832966358080455
0.004699,12.023298019802356,0.42553940793315315
0.0046995,12.02414190829901,0.4127482197841953
0.0047,12.024921754072649,0.39995616726569816
0.0047005,12.025684472950397,0.4063122387065165
0.004701,12.026478889103142,0.4126674822205667
0.0047015,12.027304995007226,0.4190218640912499
0.0047020000000000005,12.028162782971217,0.4253753506100597
0.0047025,12.029052245135981,0.43172790807675876
0.004703,12.029973373474705,0.4380795027995585
0.0047035,12.030926159793013,0.44443010109529607
0.004704,12.03191059572898,0.45077966928961394
0.0047045,12.032926672753208,0.45712817371713765
0.004705,12.033974382168898,0.46347558072165324
0.0047055000000000005,12.035053715111912,0.4698218566562866
0.004706,12.036164662550814,0.4761669678836801
0.0047065,12.037307215286983,0.4825108807761718
0.004707,12.038459879329464,0.475832289996201
0.0047075,12.039553600397246,0.46302484196806665
0.004708,12.04058317077283,0.4502162638472271
0.0047085,12.04154859165526,0.4374066238785048
0.0047090000000000005,12.042449864584643,0.4245959903052689
0.0047095,12.04328699144214,0.41178443136907183
0.00471,12.044059974449906,0.3989720153092876
0.0047105,12.044815729482076,0.4053077305623284
0.004711,12.045603080757093,0.41164262534961704
0.0047115,12.046422020799398,0.41797666606201145
0.004712,12.047272541966175,0.4243098190984092
0.0047125,12.048154636447437,0.43064205086592566
0.004713,12.049068296266077,0.4369733277800719
0.0047135,12.050013513277912,0.4433036162649325
0.004714,12.050990279171772,0.4496328827533425
0.0047145,12.051998585469551,0.4559610936870664
0.0047150000000000004,12.053038423526246,0.4622882155169747
0.0047155,12.054109784530054,0.4686142147032214
0.004716,12.05521265950242,0.474939057715422
0.0047165,12.056347039298114,0.48126271103283064
0.004717,12.057491429980098,0.47456386942474577
0.0047175,12.058576777321825,0.4617361794222678
0.004718,12.059597873660767,0.4489073682875981
0.0047185000000000005,12.060554720251485,0.4360775043722438
0.004719,12.061447318690135,0.4232466560261992
0.0047195,12.062275670914428,0.4104148915975822
0.00472,12.063039779203606,0.39758227943227126
0.0047205,12.063786559489426,0.4038978080731228
0.004721,12.064564836048492,0.4102125258479418
0.0047215,12.065374601463898,0.4165263992539062
0.0047220000000000005,12.066215848152032,0.4228393947961706
0.0047225,12.067088568362616,0.42915147898804507
0.004723,12.067992754178787,0.4354626183511709
0.0047235,12.068928397517153,0.4417727794156986
0.004724,12.06989549012782,0.4480819287204643
0.0047245,12.070894023594489,0.4543900328131684
0.004725,12.071923989334511,0.46069705825055074
0.0047255,12.072985378598943,0.4670029715985684
0.004726,12.07407818247261,0.47330773943257304
0.0047265,12.075202391874171,0.47961132833748615
0.004727,12.07633651293104,0.4728924331882067
0.0047275,12.077411491481623,0.4600447006213659
0.004728,12.078422119928847,0.44719585800462697
0.0047285,12.07936839959325,0.43434597379488865
0.004729,12.080250332137508,0.4214951164474668
0.0047295,12.081067919566376,0.4086433544157292
0.00473,12.08182116422663,0.3957907561507335
0.0047305,12.0825569821181,0.4020863103004425
0.004731,12.08332419758596,0.4083810652976948
0.0047315000000000005,12.084122803282419,0.4146749877446293
0.004732,12.084952791693475,0.4209680442512876
0.0047325,12.085814155139008,0.4272602014357921
0.004733,12.086706885772788,0.4335514259245216
0.0047335,12.08763097558259,0.43984168435228926
0.004734,12.088586416390216,0.4461309433625178
0.0047345,12.089573199851564,0.4524191696074165
0.0047350000000000005,12.090591317456708,0.45870632974815834
0.0047355,12.091640760529916,0.46499239045505547
0.004736,12.092721520229773,0.47127731840773585
0.0047365,12.093833587549199,0.47756108029531974
0.004737,12.094955468690364,0.4708223710968245
0.0047375,12.09601810956695,0.4579548375529208
0.004738,12.097016302657696,0.4450862071352302
0.0047385000000000005,12.09795004935945,0.4322165484045297
0.004739,12.0988193514117,0.419345929919931
0.0047395,12.099624210896517,0.4064744202385167
0.00474,12.100364630238523,0.3936020879149763
0.0047405,12.101087525515904,0.3998779217008207
0.004741,12.101841721152683,0.40615297013235463
0.0047415,12.10262720988044,0.41242719991509735
0.004742,12.103443984265052,0.4187005777623872
0.0047425,12.104292036706765,0.4249730703955573
0.004743,12.105171359440263,0.43124464454411193
0.0047435,12.106081944534708,0.43751526694590287
0.004744,12.1070237838938,0.44378490434730516
0.0047445000000000005,12.107996869255857,0.4500535235033928
0.004745,12.10900119219386,0.4563210911781155
0.0047455,12.110036744115506,0.4625875741444735
0.004746,12.111103516263299,0.4688529391846945
0.0047465,12.11220149971459,0.4751171530904084
0.004747,12.113309200756486,0.4683589109430521
0.0047475,12.11435756538809,0.4554718595856256
0.0047480000000000005,12.115341386174089,0.4425837265919883
0.0047485,12.116260664597775,0.42969458062506305
0.004749,12.117115402485565,0.41680449034601597
0.0047495,12.117905602006983,0.4039135244138908
0.00475,12.1186312656746,0.3910217514852451
0.0047505,12.119339309655029,0.3972781604133638
0.004751,12.120078558461243,0.4035337998362313
0.0047515000000000005,12.12084900491426,0.4097886365609518
0.004752,12.121650641669902,0.4160426374023534
0.0047525,12.122483461218854,0.4222957691831626
0.004753,12.123347455886721,0.42854799873418115
0.0047535,12.12424261783411,0.43479929289446057
0.004754,12.12516893905664,0.4410496185114784
0.0047545,12.126126411385059,0.44729894244131346
0.004755,12.127115026485258,0.45354723154882126
0.0047555,12.128134775858362,0.459794452707809
0.004756,12.129185650840766,0.4660405728012116
0.0047565,12.130267642604228,0.4722855587212657
0.004757,12.131359257530738,0.46550810564991474
0.0047575000000000004,12.132391441714805,0.4526018605305639
0.004758,12.133358987816983,0.43969455103737587
0.0047585,12.13426189741693,0.426786245933475
0.004759,12.135100172437927,0.41387701398012533
0.0047595,12.135873815146844,0.40096692393636646
0.00476,12.136582828154092,0.3880560445586466
0.0047605,12.137274127724613,0.39429336480003785
0.0047610000000000005,12.137996538470203,0.40052993339820664
0.0047615,12.138750053311169,0.40676571725983407
0.004762,12.139534665003133,0.41300068329921874
0.0047625,12.140350366137053,0.4192347984384515
0.004763,12.141197149139314,0.4254680296075915
0.0047635,12.142075006271755,0.43170034374484084
0.004764,12.14298392963175,0.43793170779671853
0.0047645000000000005,12.143923911152237,0.44416208871823715
0.004765,12.144894942601839,0.45039145347307696
0.0047655,12.145897015584842,0.4566197690337601
0.004766,12.146930121541326,0.46284700238182647
0.0047665,12.14799425174719,0.4690731205080075
0.004767,12.149067912689073,0.46227681869262977
0.0047675,12.150082050566587,0.4493517439773702
0.004768,12.151031458145868,0.43642562413455194
0.0047685,12.151916137112655,0.4234985280253458
0.004769,12.152736089496779,0.4105705245089507
0.0047695,12.153491317672142,0.397641682442226
0.00477,12.154181824356659,0.38471207067932667
0.0047705000000000004,12.154854525923259,0.39093067827091665
0.004771,12.155558247092197,0.3971485540521392
0.0047715,12.156292980892717,0.4033656650270362
0.004772,12.157058720189845,0.40958197820715114
0.0047725,12.157855457684438,0.41579746061170364
0.004773,12.158683185913223,0.42201207926776374
0.0047735,12.159541897248888,0.42822580121042664
0.0047740000000000005,12.160431583900102,0.43443859348298736
0.0047745,12.1613522379116,0.44065042313711483
0.004775,12.162303851164225,0.4468612572330263
0.0047755,12.163286415374998,0.45307106283966236
0.004776,12.164299922097186,0.45927980703486043
0.0047765,12.165344362720353,0.465487456905529
0.004777,12.166398243845258,0.4586727078280506
0.0047775000000000005,12.167392511786103,0.44572920694003626
0.004778,12.168321959424102,0.43278468210962123
0.0047785,12.169186588560514,0.419839202293666
0.004779,12.16998640134117,0.406892836446935
0.0047795,12.170721400256435,0.39394565352173094
0.00478,12.17139158814114,0.3813807011909314
0.0047805,12.172045796279892,0.38758101015542995
0.0047810000000000005,12.172730934507099,0.3937806070300915
0.0047815,12.173446995960154,0.39997945891412934
0.004782,12.174193973612697,0.40617753291414277
0.0047825,12.174971860274669,0.4123747961442914
0.004783,12.17578064859235,0.41857121572646894
0.0047835,12.176620331048417,0.424766758790478
0.004784,12.177490899962024,0.4309613924742032
0.0047845,12.17839234748884,0.43715508392378527
0.004785,12.179324665621088,0.44334780029379595
0.0047855,12.180287846187648,0.44953950874741017
0.004786,12.181281880854105,0.4557301764565814
0.0047865,12.182306761122772,0.4619197706022142
0.0047870000000000005,12.183340993707652,0.4550869866545666
0.0047875,12.184315525036626,0.44212547184500506
0.004788,12.185225148105047,0.429162954135299
0.0047885,12.186069864828776,0.4161995025758209
0.004789,12.18684967746869,0.403235186214726
0.0047895,12.18756458863066,0.3902700740975839
0.00479,12.188214601265486,0.37730423526701257
0.0047905000000000005,12.18884663197991,0.3834866589618907
0.004791,12.189509505728886,0.3896683942053266
0.0047915,12.190203215777322,0.39584940818907777
0.004792,12.190927755226774,0.4020296681121521
0.0047925,12.191683117015563,0.40820914118098117
0.004793,12.19246929391879,0.4143877946095936
0.0047935,12.193286278548422,0.42056559561978973
0.0047940000000000005,12.19413406335331,0.42674251144131436
0.0047945,12.19501264061929,0.43291850931203013
0.004795,12.19592200246921,0.4390935564780915
0.0047955,12.19686214086299,0.445267620194118
0.004796,12.197833047597706,0.4514406677233668
0.0047965,12.198834714307623,0.45761266633790715
0.004797,12.199845647839108,0.4507623115990205
0.0047975,12.200796794752874,0.4377832508289558
0.004798,12.201682948177536,0.4248032120802234
0.0047985,12.20250411016265,0.411822264493795
0.004799,12.203260283103235,0.39884047720828225
0.0047995,12.203951469739733,0.3858579193595686
0.0048000000000000004,12.204577673157967,0.37325763880384627
0.0048005,12.205187724894405,0.37942266642505607
0.004801,12.205828535036193,0.38558702902084163
0.0048015,12.206500096974368,0.3917506938729259
0.004802,12.207202403937115,0.39791362827014726
0.0048025,12.207935448989767,0.40407579950863337
0.004803,12.208699225034904,0.4102371748919736
0.0048035000000000005,12.209493724812374,0.41639772173139317
0.004804,12.210318940899375,0.4225574073459253
0.0048045,12.211174865710511,0.4287161990625847
0.004805,12.212061491497824,0.43487406421653985
0.0048055,12.212978810350874,0.4410309701512875
0.004806,12.213926814196787,0.44718688421882363
0.0048065,12.214905494800323,0.4533417737798174
0.0048070000000000005,12.21589335913876,0.4464743344840118
0.0048075,12.216821353904173,0.4334782137419773
0.004808,12.217684272356937,0.42048113969440587
0.0048085,12.218482116678823,0.40748318157031027
0.004809,12.219214889397474,0.3944844085962029
0.0048095,12.219882593386393,0.3814848899957258
0.00481,12.220485231864863,0.36848469498928466
0.0048105,12.221069721708984,0.37463281299325973
0.004811,12.221684888143935,0.38078029320797374
0.0048115,12.22233072470568,0.3869271030021109
0.004812,12.223007224767693,0.3930732097513165
0.0048125,12.223714381541077,0.39921858083837
0.0048130000000000004,12.22445218807458,0.4053631836533579
0.0048135,12.225220637254626,0.41150698559384635
0.004814,12.226019721805415,0.4176499540650534
0.0048145,12.226849434288958,0.4237920564800218
0.004815,12.227709767105125,0.429933260259792
0.0048155,12.228600712491708,0.436073532833574
0.004816,12.2295222625245,0.4422128416389195
0.0048165000000000005,12.230474409117322,0.4483511541218954
0.004817,12.231435659396933,0.4414671660174836
0.0048175,12.232336960205268,0.42845452482133367
0.004818,12.233173104953028,0.4154409587590575
0.0048185,12.233944095972667,0.402426537144428
0.004819,12.234649935942953,0.3894113292885559
0.0048195,12.235290627888899,0.3763954044995221
0.0048200000000000005,12.23586617518173,0.363761810805413
0.0048205,12.236425409644145,0.36989357926176003
0.004821,12.237015241650347,0.37602473683749127
0.0048215,12.23763566487927,0.3821552509853091
0.004822,12.238286672847781,0.38828508916472493
0.0048225,12.238968258910774,0.3944142188422306
0.004823,12.239680416261162,0.4005426074914732
0.0048235000000000005,12.240423137929975,0.4066702225934244
0.004824,12.2411964167864,0.4127970316365552
0.0048245,12.242000245537835,0.41892300211700595
0.004825,12.242834616729946,0.42504810153875966
0.0048255,12.243699522746722,0.4311722974138145
0.004826,12.244594955810546,0.4372955572623538
0.0048265,12.245520907982211,0.44341784861292
0.004827,12.246455886535884,0.43651786728281405
0.0048275,12.247330838461274,0.4234892608498476
0.004828,12.248140557317248,0.4104597576216375
0.0048285,12.248885045584835,0.3974294269938036
0.004829,12.249564306091763,0.3843983383591454
0.0048295000000000005,12.250178342012402,0.3713665611072734
0.00483,12.250727156867715,0.35833416462424106
0.0048305,12.251257667836263,0.36445013849175467
0.004831,12.251818700446488,0.3705655320751411
0.0048315,12.2524102485384,0.3766803129077659
0.004832,12.253032305790345,0.38279444852963157
0.0048325,12.25368486571904,0.3889079064875499
0.0048330000000000005,12.254367921679648,0.3950206543353145
0.0048335,12.255081466865818,0.4011326596338718
0.004834,12.25582549430973,0.4072438899514933
0.0048345,12.256599996882173,0.41335431286394736
0.004835,12.25740496729257,0.41946389595467043
0.0048355,12.25824039808905,0.42557260681493936
0.004836,12.259106281658507,0.43168041304404203
0.0048365000000000005,12.260002610226659,0.4377872822494498
0.004837,12.260907891232923,0.43087191032721717
0.0048375,12.261753071832677,0.4178279449337336
0.004838,12.2625329457508,0.4047831144550164
0.0048385,12.263247515634735,0.3917374883649092
0.004839,12.263896784478987,0.3786911361342592
0.0048395,12.264480755625062,0.3656441272305459
0.00484,12.264999432761442,0.3525965311175139
0.0048405,12.265499733234583,0.35869733745438237
0.004841,12.266030482741181,0.3647975956838129
0.0048415,12.266591675289876,0.3708972734163253
0.004842,12.267183304728,0.3769963382688974
0.0048425000000000004,12.26780536474164,0.3830947578651368
0.004843,12.268457848855704,0.38919249983545195
0.0048435,12.269140750433895,0.39528953181722315
0.004844,12.269854062678881,0.4013858214549756
0.0048445,12.270597778632256,0.407481336400549
0.004845,12.271371891174631,0.4135760443132693
0.0048455,12.27217639302568,0.41966991286012073
0.0048460000000000005,12.273011276744201,0.4257629097159161
0.0048465,12.273876534728164,0.43185500256346826
0.004847,12.274750674589606,0.42492488737399003
0.0048475,12.27556464365689,0.411866211878845
0.004848,12.27631323582824,0.3988067045388408
0.0048485,12.27699645392477,0.38574643490242655
0.004849,12.27761430111503,0.37268547251486994
0.0048495000000000005,12.278166780914944,0.3596238869178858
0.00485,12.278653897187732,0.3465617476492684
0.0048505,12.279122567454941,0.3526480444421007
0.004851,12.279621617588731,0.3587338268127207
0.0048515,12.280151041773546,0.3648190624451383
0.004852,12.280710834032872,0.37090371902963487
0.0048525,12.281300988229292,0.37698776426293323
0.004853,12.281921498064532,0.3830711658483689
0.0048535,12.282572357079532,0.3891538914960619
0.004854,12.283253558654463,0.3952359089230874
0.0048545,12.283965096008814,0.40131718585364673
0.004855,12.284706962201414,0.40739769001923787
0.0048555000000000004,12.285479150130499,0.413477389158827
0.004856,12.286281652533768,0.41955625101901933
0.0048565,12.287114461988454,0.4256342433542294
0.004857,12.28795608628616,0.4186900622070802
0.0048575,12.28873747293518,0.40561735538015536
0.004858,12.289453416013986,0.39254385140528986
0.0048585,12.290103918524292,0.3794696199017693
0.0048590000000000005,12.290688983815581,0.36639473048550464
0.0048595,12.291208615585028,0.35331925276866244
0.00486,12.29166281787746,0.3402432563592942
0.0048605,12.292098508396348,0.34631573106054764
0.004861,12.292564513196112,0.35238772645863187
0.0048615,12.293060826643783,0.3584592103072339
0.004862,12.293587442945759,0.3645301503661173
0.0048625000000000005,12.294144356147875,0.3706005144012923
0.004863,12.29473156013544,0.37667027018518795
0.0048635,12.295349048633279,0.38273938549682057
0.004864,12.295996815205788,0.3888078281219669
0.0048645,12.296674853257,0.3948755658533334
0.004865,12.297383156030616,0.40094256649072674
0.0048655,12.298121716610057,0.4070087978412252
0.0048660000000000005,12.298890527918543,0.41307422771934815
0.0048665,12.29968958271913,0.4191388239472272
0.004867,12.300497388989587,0.41218128263500514
0.0048675,12.30124489442466,0.399095251652586
0.004868,12.301926893289616,0.38600845959892804
0.0048685,12.30254338877327,0.3729209761602404
0.004869,12.30309438441251,0.3598328710191584
0.0048695,12.303579884092246,0.3467442138543733
0.00487,12.303999892045336,0.3336550743402621
0.0048705,12.30440132616363,0.33971444234609716
0.004871,12.304833012690194,0.34577336752401183
0.0048715,12.305294946181025,0.3518318176934166
0.0048720000000000005,12.305787121031809,0.35788976067959716
0.0048725,12.306309531477972,0.3639471643138848
0.004873,12.30686217159471,0.37000399643382664
0.0048735,12.307445035297045,0.3760602248833565
0.004874,12.308058116339904,0.38211581751296514
0.0048745,12.308701408318095,0.3881707421798702
0.004875,12.309374904666452,0.3942249667481869
0.0048755000000000005,12.310078598659803,0.4002784590890977
0.004876,12.310812483413079,0.4063311870810235
0.0048765,12.31157655188133,0.412383118609793
0.004877,12.312349312234657,0.4054129498490408
0.0048775,12.31306171236039,0.39231432873195915
0.004878,12.313708546716713,0.37921498392058894
0.0048785,12.314289818685625,0.3661149851640164
0.0048790000000000005,12.31480553199751,0.3530144022075483
0.0048795,12.31525569073106,0.33991330479234166
0.00488,12.315640299313207,0.32681176265503264
0.0048805,12.316006275830164,0.33285876572694667
0.004881,12.316402446719653,0.3389053637220626
0.0048815,12.316828806732605,0.34495152452142963
0.004882,12.317285350459947,0.3509972160117646
0.0048825,12.317772072332618,0.3570424060856217
0.004883,12.318288966621605,0.36308706264156343
0.0048835,12.318836027438023,0.3691311535843301
0.004884,12.319413248733156,0.37517464682501017
0.0048845,12.32002062429849,0.38121751028120987
0.0048850000000000005,12.320658147765764,0.38725971187722413
0.0048855,12.321325812607023,0.39330121954420544
0.004886,12.322023612134691,0.3993420012203343
0.0048865,12.322751539501592,0.40538202485098873
0.004887,12.323488103075853,0.39839998666914295
0.0048875,12.324164250943147,0.38528953466711713
0.004888,12.32477477776023,0.37217839756586896
0.0048885000000000005,12.325319687107978,0.35906664517319076
0.004889,12.32579898291591,0.3459543472928834
0.0048895,12.326212669462137,0.3328415737243859
0.00489,12.326560751373274,0.3197283942624041
0.0048905,12.32689014693547,0.3257637988961205
0.004891,12.327249682786677,0.3317988373971586
0.0048915,12.327639353878316,0.3378334777039983
0.0048920000000000005,12.32805915500206,0.34386768776057447
0.0048925,12.328509080789845,0.3499014355164452
0.004893,12.32898912571396,0.3559346889269634
0.0048935,12.329499284087067,0.36196741595344456
0.004894,12.330039550062232,0.36799958456333876
0.0048945,12.330609917633005,0.3740311627303991
0.004895,12.331210380633445,0.3800621184348513
0.0048955,12.331840932738194,0.3860924196635642
0.004896,12.332501567462492,0.3921220344102183
0.0048965,12.33319227816227,0.3981509306754763
0.004897,12.333891573409005,0.3911578047473803
0.0048975,12.334530401491968,0.3780363046731027
0.0048980000000000004,12.335103557271761,0.3649141592282361
0.0048985,12.33561104453337,0.35179143827499076
0.004899,12.336052867410684,0.33866821167136835
0.0048995,12.336429030386402,0.32554454927079096
0.0049,12.336739538291997,0.3124205209217301
0.0049005,12.337031309618707,0.31844511666691544
0.004901,12.337353171209838,0.3244693863313
0.0049015000000000005,12.337705118222393,0.33049329790647414
0.004902,12.338087145653887,0.3365168193892641
0.0049025,12.338499248342341,0.3425399187819009
0.004903,12.338941420966348,0.3485625640921901
0.0049035,12.339413658045123,0.35458472333368135
0.004904,12.339915953938537,0.360606364525838
0.0049045,12.340448302847166,0.3666274556942067
0.0049050000000000005,12.341010698812367,0.37264796487058666
0.0049055,12.341603135716259,0.3786678600931991
0.004906,12.342225607281847,0.38468710940685674
0.0049065,12.342878107073025,0.3907056808631326
0.004907,12.34353914386947,0.38370227080075836
0.0049075,12.344139666168903,0.3705705273173736
0.004908,12.344674469040593,0.3574381792388168
0.0049085000000000005,12.34514355647843,0.3443052964773221
0.004909,12.345546932825412,0.3311719489406921
0.0049095,12.345884602773598,0.31803820653192777
0.00491,12.346156571364043,0.3049041391488567
0.0049105,12.346409757297794,0.3109187368833412
0.0049110000000000004,12.346692987628161,0.3169330496092437
0.0049115,12.347006257722413,0.32294704536684027
0.004912,12.347349562788528,0.32896069220141955
0.0049125,12.347722897875208,0.33497395816345055
0.004913,12.34812625787197,0.3409868113087527
0.0049135,12.348559637509146,0.34699921969866554
0.004914,12.349023031357946,0.35301115140021705
0.0049145000000000005,12.349516433830503,0.3590225744862936
0.004915,12.350039839179935,0.3650334570358089
0.0049155,12.350593241500356,0.37104376713387344
0.004916,12.351176634726965,0.37705347287196306
0.0049165,12.351790012636059,0.38306254234808884
0.004917,12.352411884219935,0.37604967194719396
0.0049175,12.352973198189131,0.3629085098129034
0.0049180000000000005,12.353468749825947,0.34976678481681445
0.0049185,12.35389854333752,0.33662456691669307
0.004919,12.354262583280281,0.32348192606564735
0.0049195,12.354560874559933,0.31033893221175674
0.00492,12.354793422431387,0.2971956552976985
0.0049205,12.355007145809727,0.30320108545995805
0.004921,12.355250871962536,0.309206272616793
0.0049215000000000005,12.355524596471508,0.3152111848526473
0.004922,12.355828314759266,0.3212157902567476
0.0049225,12.356162022089372,0.3272200569232739
0.004923,12.356525713566372,0.33322395295152724
0.0049235,12.356919384135828,0.3392274464460998
0.004924,12.357343028584392,0.34523050551704354
0.0049245,12.357796641539808,0.35123309828003946
0.004925,12.358280217471012,0.3572351928565664
0.0049255,12.358793750688115,0.36323675737407013
0.004926,12.359337235342487,0.369237759966132
0.0049265,12.359910665426801,0.37523816877263844
0.004927,12.360492550149939,0.36821668022017795
0.0049275000000000005,12.361013838439167,0.3550669424937901
0.004928,12.361469325793731,0.3419166845062561
0.0049285,12.361859016637865,0.3287659762562953
0.004929,12.362182915745311,0.31561488773773766
0.0049295,12.362441028239239,0.30246348893915304
0.00493,12.36263335959221,0.2893118498434787
0.0049305,12.362806828937156,0.2953089606272274
0.0049310000000000005,12.363010263759646,0.30130587124845226
0.0049315,12.363243659859592,0.30730254983116145
0.004932,12.363507012877962,0.3132989645039137
0.0049325,12.36380031829685,0.31929508339998747
0.004933,12.364123571439496,0.3252908746575507
0.0049335,12.364476767470352,0.33128630641983003
0.004934,12.364859901395112,0.3372813468352778
0.0049345000000000005,12.365272968060738,0.34327596405774286
0.004935,12.365715962155537,0.3492701262466388
0.0049355,12.366188878209172,0.35526380156711246
0.004936,12.366691710592747,0.36125695819021286
0.0049365,12.367224453518803,0.3672495642930602
0.004937,12.367765616416236,0.3602203163392421
0.0049375,12.368246148432547,0.34706286255056407
0.004938,12.368660845287328,0.333904931876338
0.0049385,12.369009711625335,0.3207465943515803
0.004939,12.369292752440996,0.30758792000618285
0.0049395,12.369509973078317,0.294428978864542
0.00494,12.369661379230848,0.2812698409451875
0.0049405000000000004,12.369793890252653,0.2872594964599892
0.004941,12.369956333850617,0.2932489954021217
0.0049415,12.370148706046098,0.2992383059304789
0.004942,12.370371002701662,0.30522739620827
0.0049425,12.370623219521152,0.3112162344031883
0.004943,12.370905352049727,0.3172047886875804
0.0049435,12.371217395673867,0.3231930272386148
0.0049440000000000005,12.371559345621458,0.3291809182384504
0.0049445,12.371931196961809,0.33516842987440587
0.004945,12.3723329446057,0.3411555303391278
0.0049455,12.372764583305429,0.3471421878307594
0.004946,12.37322610765485,0.3531283705531087
0.0049465,12.373717512089412,0.35911404671581865
0.004947,12.374217306261063,0.35207791281476214
0.0049475000000000005,12.374656439540477,0.338913617103792
0.004948,12.375029707870574,0.32574888856403117
0.0049485,12.375337116119555,0.31258379726206803
0.004949,12.375578669505419,0.2994184132591296
0.0049495,12.375754373595909,0.28625280661070956
0.00495,12.375864234308429,0.2734700260896003
0.0049505,12.375957086015305,0.27945310349332825
0.004951,12.376079841643818,0.28543606653010395
0.0049515,12.376232497429397,0.2914188833891927
0.004952,12.376415049448822,0.29740152226394767
0.0049525,12.376627493620274,0.30338395135197876
0.004953,12.376869825703364,0.30936613885532055
0.0049535000000000004,12.377142041299166,0.3153480529806014
0.004954,12.377444135850274,0.32132966193921186
0.0049545,12.37777610464082,0.3273109339474734
0.004955,12.378137942796556,0.3332918372268073
0.0049555,12.378529645284848,0.33927234000390233
0.004956,12.37895120691474,0.34525241051088373
0.0049565,12.379402622337015,0.35123201698548184
0.0049570000000000005,12.379862401419047,0.3441898559514284
0.0049575,12.380261493747037,0.33101957569020635
0.004958,12.38059469547959,0.3178489052103378
0.0049585,12.380862011700676,0.3046779146055826
0.004959,12.3810634478442,0.29150667396410823
0.0049595,12.381199009693898,0.2783352533681196
0.00496,12.381268703383272,0.26516372289348694
0.0049605000000000005,12.381319448706611,0.2711410728089521
0.004961,12.381400073811225,0.27711835316409344
0.0049615,12.381510575159146,0.28309553217374017
0.004962,12.381650949053855,0.2890725780565674
0.0049625,12.381821191640336,0.2950494590352652
0.004963,12.382021298905105,0.301026143336708
0.0049635,12.382251266676237,0.30700259919212214
0.0049640000000000005,12.382511090623437,0.3129787948372547
0.0049645,12.382800766258049,0.3189546985125419
0.004965,12.383120288933108,0.3249302784632782
0.0049655,12.383469653843385,0.33090550293978344
0.004966,12.38384885602541,0.33688034019757207
0.0049665,12.384257890357542,0.3428547584975214
0.004967,12.384675266934824,0.33580745438626847
0.0049675,12.38503193557124,0.32263207616795864
0.004968,12.385322692653224,0.3094563528735354
0.0049685,12.385547543492693,0.2962803546189351
0.004969,12.385706493751572,0.28310415151426194
0.0049695,12.385799549441703,0.2699278136634135
0.0049700000000000005,12.385826716924797,0.2571343898871137
0.0049705,12.385836831017693,0.26310691203034814
0.004971,12.385876805092348,0.26907940784831214
0.0049715,12.385946635829079,0.2750518455767846
0.004972,12.386046319749727,0.28102419345515817
0.0049725,12.386175853217711,0.2869964197266079
0.004973,12.38633523243806,0.29296849263826025
0.0049735000000000005,12.386524453457463,0.29894038044136184
0.004974,12.386743512164292,0.30491205139144695
0.0049745,12.386992404288634,0.31088347374850706
0.004975,12.387271125402348,0.316854615777158
0.0049755,12.387579670919102,0.3228254457468092
0.004976,12.387918036094398,0.3287959319318313
0.0049765,12.388286216025636,0.33476604261172505
0.0049770000000000005,12.388662721026966,0.3277144743515178
0.0049775,12.388978501131541,0.3145348754735114
0.004978,12.38922835294505,0.30135497502657327
0.0049785,12.389412281998718,0.2881748431443311
0.004979,12.389530294173857,0.2749945499543458
0.0049795,12.38958239570174,0.2618141655777388
0.00498,12.389568593163576,0.24863376012882019
0.0049805,12.389535806801495,0.2546023239142966
0.004981,12.3895328652108,0.26057090702123387
0.0049815,12.389559765301636,0.266539477701472
0.004982,12.389616503825751,0.27250800421022064
0.0049825,12.389703077376515,0.2784764548062271
0.0049830000000000004,12.389819482388974,0.28444479775194564
0.0049835,12.389965715139878,0.29041300131370573
0.004984,12.39014177174771,0.29638103376188013
0.0049845,12.390347648172716,0.302348863371053
0.004985,12.390583340216974,0.308316458420189
0.0049855,12.390848843524395,0.3142837871928007
0.004986,12.391144153580795,0.3202508179771176
0.0049865000000000005,12.391469265713916,0.326217519066254
0.004987,12.391802690468312,0.3191625870386054
0.0049875,12.39207537810755,0.3059796702295973
0.004988,12.392282125467805,0.29279649770097527
0.0049885,12.392422938310823,0.2796131395989999
0.004989,12.392497822748451,0.26642966606361956
0.0049895,12.39250678524257,0.2532461472280982
0.0049900000000000005,12.392449832605012,0.24044563194204752
0.0049905,12.392375800102856,0.24641115207886138
0.004991,12.392331601558375,0.2523767354216653
0.0049915,12.392317234102286,0.25834235023368773
0.004992,12.392332694706935,0.26430796478129265
0.0049925,12.39237798018633,0.2702735473341473
0.004993,12.392453087196177,0.27623906616539073
0.0049935,12.392558012233916,0.2822044895518023
0.004994,12.392692751638739,0.28816978577397023
0.0049945,12.392857301591661,0.2941349231164593
0.004995,12.393051658115525,0.3000998698679795
0.0049955,12.393275817075043,0.30606459432155486
0.0049960000000000004,12.393529774176862,0.3120290647746903
0.0049965,12.393813524969557,0.317993249529541
0.004997,12.394105580218554,0.31093584517330836
0.0049975,12.39433689040832,0.29775050004998915
0.004998,12.394502252595936,0.28456494322966475
0.0049985,12.394601672764068,0.2713792448666964
0.004999,12.394635157245506,0.25819347510889895
0.0049995000000000005,12.394602712723092,0.2450077040971671
